# exported by cad_to_urdf (meters, vertex colors)
g part_0
v 0.115867 -0.125637 0.317766 0.6300 0.6600 0.7100
v 0.096846 -0.159765 0.258653 0.6300 0.6600 0.7100
v 0.082404 -0.175870 0.230759 0.6300 0.6600 0.7100
v 0.067898 -0.186990 0.211499 0.6300 0.6600 0.7100
v 0.054322 -0.194288 0.198858 0.6300 0.6600 0.7100
v 0.042415 -0.198860 0.190940 0.6300 0.6600 0.7100
v 0.032665 -0.201581 0.186227 0.6300 0.6600 0.7100
v 0.019926 -0.203956 0.182113 0.6300 0.6600 0.7100
v 0.010050 -0.204973 0.180351 0.6300 0.6600 0.7100
v -0.000000 -0.205314 0.179760 0.6300 0.6600 0.7100
v -0.000000 -0.196726 0.160725 0.6300 0.6600 0.7100
v 0.001723 -0.196658 0.160628 0.6300 0.6600 0.7100
v 0.003406 -0.196460 0.160349 0.6300 0.6600 0.7100
v 0.005030 -0.196142 0.159900 0.6300 0.6600 0.7100
v 0.006579 -0.195715 0.159296 0.6300 0.6600 0.7100
v 0.008035 -0.195188 0.158550 0.6300 0.6600 0.7100
v 0.009381 -0.194571 0.157677 0.6300 0.6600 0.7100
v 0.010600 -0.193875 0.156689 0.6300 0.6600 0.7100
v 0.011688 -0.193113 0.155605 0.6300 0.6600 0.7100
v 0.012937 -0.192008 0.154035 0.6300 0.6600 0.7100
v 0.014063 -0.190668 0.152136 0.6300 0.6600 0.7100
v 0.014892 -0.189255 0.150140 0.6300 0.6600 0.7100
v 0.015421 -0.187796 0.148093 0.6300 0.6600 0.7100
v 0.015664 -0.186303 0.146023 0.6300 0.6600 0.7100
v 0.015629 -0.184788 0.143952 0.6300 0.6600 0.7100
v 0.015320 -0.183260 0.141903 0.6300 0.6600 0.7100
v 0.014744 -0.181732 0.139899 0.6300 0.6600 0.7100
v 0.013913 -0.180227 0.137982 0.6300 0.6600 0.7100
v 0.012835 -0.178770 0.136181 0.6300 0.6600 0.7100
v 0.011500 -0.177363 0.134499 0.6300 0.6600 0.7100
v 0.010373 -0.176392 0.133373 0.6300 0.6600 0.7100
v 0.009115 -0.175485 0.132347 0.6300 0.6600 0.7100
v 0.007833 -0.174773 0.131552 0.6300 0.6600 0.7100
v 0.006406 -0.174204 0.130917 0.6300 0.6600 0.7100
v 0.004878 -0.173770 0.130434 0.6300 0.6600 0.7100
v 0.003289 -0.173466 0.130095 0.6300 0.6600 0.7100
v 0.001660 -0.173287 0.129895 0.6300 0.6600 0.7100
v -0.000000 -0.173228 0.129830 0.6300 0.6600 0.7100
v 0.000000 -0.165347 0.123494 0.6300 0.6600 0.7100
v -0.000000 -0.156814 0.118081 0.6300 0.6600 0.7100
v 0.000000 -0.147849 0.113575 0.6300 0.6600 0.7100
v 0.000505 -0.147800 0.113553 0.6300 0.6600 0.7100
v 0.001011 -0.147653 0.113488 0.6300 0.6600 0.7100
v 0.001682 -0.147304 0.113334 0.6300 0.6600 0.7100
v 0.002272 -0.146836 0.113129 0.6300 0.6600 0.7100
v 0.002938 -0.146097 0.112807 0.6300 0.6600 0.7100
v 0.003815 -0.144716 0.112210 0.6300 0.6600 0.7100
v 0.004391 -0.143453 0.111667 0.6300 0.6600 0.7100
v 0.004919 -0.141940 0.111012 0.6300 0.6600 0.7100
v 0.005608 -0.139070 0.109708 0.6300 0.6600 0.7100
v 0.005888 -0.137237 0.108774 0.6300 0.6600 0.7100
v 0.005974 -0.136310 0.108191 0.6300 0.6600 0.7100
v 0.006000 -0.135536 0.107575 0.6300 0.6600 0.7100
v 0.006000 -0.135030 0.107008 0.6300 0.6600 0.7100
v 0.006000 -0.134867 0.106484 0.6300 0.6600 0.7100
v 0.006000 -0.134867 0.106475 0.6300 0.6600 0.7100
v 0.028550 -0.131944 0.106475 0.6300 0.6600 0.7100
v 0.041235 -0.128548 0.106475 0.6300 0.6600 0.7100
v 0.053529 -0.123933 0.106475 0.6300 0.6600 0.7100
v 0.068734 -0.116190 0.106475 0.6300 0.6600 0.7100
v 0.079699 -0.108964 0.106475 0.6300 0.6600 0.7100
v 0.090850 -0.099853 0.106475 0.6300 0.6600 0.7100
v 0.100969 -0.089609 0.106475 0.6300 0.6600 0.7100
v 0.109199 -0.079376 0.106475 0.6300 0.6600 0.7100
v 0.117803 -0.065931 0.106475 0.6300 0.6600 0.7100
v 0.122459 -0.056820 0.106475 0.6300 0.6600 0.7100
v 0.126412 -0.047382 0.106475 0.6300 0.6600 0.7100
v 0.126457 -0.047397 0.107575 0.6300 0.6600 0.7100
v 0.126552 -0.047373 0.108363 0.6300 0.6600 0.7100
v 0.126701 -0.047259 0.109130 0.6300 0.6600 0.7100
v 0.126894 -0.047058 0.109868 0.6300 0.6600 0.7100
v 0.127118 -0.046770 0.110566 0.6300 0.6600 0.7100
v 0.127365 -0.046399 0.111213 0.6300 0.6600 0.7100
v 0.127621 -0.045945 0.111801 0.6300 0.6600 0.7100
v 0.127882 -0.045413 0.112317 0.6300 0.6600 0.7100
v 0.128145 -0.044814 0.112753 0.6300 0.6600 0.7100
v 0.128405 -0.044158 0.113103 0.6300 0.6600 0.7100
v 0.128660 -0.043458 0.113361 0.6300 0.6600 0.7100
v 0.128905 -0.042723 0.113520 0.6300 0.6600 0.7100
v 0.129136 -0.041966 0.113575 0.6300 0.6600 0.7100
v 0.129349 -0.041203 0.113522 0.6300 0.6600 0.7100
v 0.129542 -0.040453 0.113366 0.6300 0.6600 0.7100
v 0.129712 -0.039727 0.113111 0.6300 0.6600 0.7100
v 0.129860 -0.039036 0.112765 0.6300 0.6600 0.7100
v 0.129983 -0.038391 0.112332 0.6300 0.6600 0.7100
v 0.130080 -0.037805 0.111818 0.6300 0.6600 0.7100
v 0.130149 -0.037287 0.111230 0.6300 0.6600 0.7100
v 0.130191 -0.036845 0.110580 0.6300 0.6600 0.7100
v 0.130208 -0.036487 0.109879 0.6300 0.6600 0.7100
v 0.130205 -0.036218 0.109137 0.6300 0.6600 0.7100
v 0.130184 -0.036047 0.108365 0.6300 0.6600 0.7100
v 0.130149 -0.035979 0.107575 0.6300 0.6600 0.7100
v 0.130120 -0.035970 0.106502 0.6300 0.6600 0.7100
v 0.130120 -0.035970 0.106475 0.6300 0.6600 0.7100
v 0.133486 -0.020152 0.106475 0.6300 0.6600 0.7100
v 0.134620 -0.010104 0.106475 0.6300 0.6600 0.7100
v 0.135000 0.000000 0.106475 0.6300 0.6600 0.7100
v 0.139323 0.143600 0.319477 0.6300 0.6600 0.7100
v 0.140213 0.071493 0.318227 0.6300 0.6600 0.7100
v 0.140430 0.053677 0.315452 0.6300 0.6600 0.7100
v 0.140536 0.040762 0.311421 0.6300 0.6600 0.7100
v 0.140555 0.034625 0.308540 0.6300 0.6600 0.7100
v 0.140546 0.028833 0.305025 0.6300 0.6600 0.7100
v 0.140507 0.023491 0.300857 0.6300 0.6600 0.7100
v 0.140413 0.017512 0.294712 0.6300 0.6600 0.7100
v 0.140308 0.013458 0.289280 0.6300 0.6600 0.7100
v 0.140179 0.010035 0.283435 0.6300 0.6600 0.7100
v 0.140021 0.007072 0.276841 0.6300 0.6600 0.7100
v 0.139784 0.004164 0.267650 0.6300 0.6600 0.7100
v 0.139441 0.001903 0.255478 0.6300 0.6600 0.7100
v 0.138939 0.000617 0.240509 0.6300 0.6600 0.7100
v 0.136817 0.000082 0.187136 0.6300 0.6600 0.7100
v 0.139318 0.143714 0.320049 0.6300 0.6600 0.7100
v 0.139304 0.144040 0.320536 0.6300 0.6600 0.7100
v 0.139285 0.144525 0.320860 0.6300 0.6600 0.7100
v 0.139264 0.145100 0.320975 0.6300 0.6600 0.7100
v 0.139146 0.148600 0.320975 0.6300 0.6600 0.7100
v -0.000000 0.148600 0.458631 0.6300 0.6600 0.7100
v 0.023092 0.148600 0.456702 0.6300 0.6600 0.7100
v 0.045507 0.148600 0.450979 0.6300 0.6600 0.7100
v 0.066561 0.148600 0.441678 0.6300 0.6600 0.7100
v 0.085870 0.148600 0.428978 0.6300 0.6600 0.7100
v 0.102725 0.148600 0.413341 0.6300 0.6600 0.7100
v 0.116854 0.148600 0.395033 0.6300 0.6600 0.7100
v 0.127694 0.148600 0.374773 0.6300 0.6600 0.7100
v 0.135091 0.148600 0.352847 0.6300 0.6600 0.7100
v 0.138038 0.148600 0.337068 0.6300 0.6600 0.7100
v -0.000000 0.039000 0.464981 0.6300 0.6600 0.7100
v -0.000000 0.023000 0.466258 0.6300 0.6600 0.7100
v -0.000000 -0.037521 0.470486 0.6300 0.6600 0.7100
v 0.009668 -0.037728 0.470128 0.6300 0.6600 0.7100
v 0.019112 -0.038329 0.469087 0.6300 0.6600 0.7100
v 0.028282 -0.039299 0.467407 0.6300 0.6600 0.7100
v 0.037464 -0.040674 0.465026 0.6300 0.6600 0.7100
v 0.046282 -0.042403 0.462030 0.6300 0.6600 0.7100
v 0.054696 -0.044468 0.458455 0.6300 0.6600 0.7100
v 0.062803 -0.046889 0.454260 0.6300 0.6600 0.7100
v 0.070465 -0.049635 0.449505 0.6300 0.6600 0.7100
v 0.077633 -0.052684 0.444223 0.6300 0.6600 0.7100
v 0.084329 -0.056052 0.438390 0.6300 0.6600 0.7100
v 0.090427 -0.059673 0.432118 0.6300 0.6600 0.7100
v 0.095907 -0.063514 0.425465 0.6300 0.6600 0.7100
v 0.100777 -0.067546 0.418482 0.6300 0.6600 0.7100
v 0.105079 -0.071757 0.411188 0.6300 0.6600 0.7100
v 0.108845 -0.076130 0.403614 0.6300 0.6600 0.7100
v 0.112066 -0.080585 0.395897 0.6300 0.6600 0.7100
v 0.114776 -0.085110 0.388060 0.6300 0.6600 0.7100
v 0.116976 -0.089686 0.380134 0.6300 0.6600 0.7100
v 0.118656 -0.094339 0.372074 0.6300 0.6600 0.7100
v 0.119768 -0.099051 0.363914 0.6300 0.6600 0.7100
v 0.120285 -0.103789 0.355707 0.6300 0.6600 0.7100
v 0.120213 -0.108497 0.347552 0.6300 0.6600 0.7100
v 0.118306 -0.118601 0.330051 0.6300 0.6600 0.7100
v 0.114667 -0.128526 0.312862 0.6300 0.6600 0.7100
v 0.109820 -0.138554 0.295492 0.6300 0.6600 0.7100
v 0.104383 -0.148408 0.278425 0.6300 0.6600 0.7100
v 0.134635 -0.040007 0.212012 0.6300 0.6600 0.7100
v 0.134981 -0.037103 0.211720 0.6300 0.6600 0.7100
v 0.135278 -0.034300 0.210942 0.6300 0.6600 0.7100
v 0.135525 -0.031668 0.209707 0.6300 0.6600 0.7100
v 0.135718 -0.029274 0.208040 0.6300 0.6600 0.7100
v 0.135855 -0.027189 0.205973 0.6300 0.6600 0.7100
v 0.135936 -0.025497 0.203587 0.6300 0.6600 0.7100
v 0.135962 -0.024494 0.201588 0.6300 0.6600 0.7100
v 0.135960 -0.023775 0.199513 0.6300 0.6600 0.7100
v 0.135931 -0.023330 0.197362 0.6300 0.6600 0.7100
v 0.135877 -0.023165 0.195177 0.6300 0.6600 0.7100
v 0.135799 -0.023289 0.192995 0.6300 0.6600 0.7100
v 0.135699 -0.023700 0.190846 0.6300 0.6600 0.7100
v 0.135576 -0.024383 0.188765 0.6300 0.6600 0.7100
v 0.135431 -0.025322 0.186785 0.6300 0.6600 0.7100
v 0.135265 -0.026501 0.184941 0.6300 0.6600 0.7100
v 0.135078 -0.027904 0.183266 0.6300 0.6600 0.7100
v 0.134869 -0.029513 0.181792 0.6300 0.6600 0.7100
v 0.134640 -0.031297 0.180536 0.6300 0.6600 0.7100
v 0.134391 -0.033227 0.179515 0.6300 0.6600 0.7100
v 0.134123 -0.035277 0.178747 0.6300 0.6600 0.7100
v 0.133839 -0.037409 0.178245 0.6300 0.6600 0.7100
v 0.133545 -0.039580 0.178016 0.6300 0.6600 0.7100
v 0.133246 -0.041747 0.178064 0.6300 0.6600 0.7100
v 0.132946 -0.043892 0.178392 0.6300 0.6600 0.7100
v 0.132651 -0.045984 0.178988 0.6300 0.6600 0.7100
v 0.132368 -0.047988 0.179840 0.6300 0.6600 0.7100
v 0.132105 -0.049872 0.180935 0.6300 0.6600 0.7100
v 0.131870 -0.051602 0.182259 0.6300 0.6600 0.7100
v 0.131668 -0.053144 0.183801 0.6300 0.6600 0.7100
v 0.131509 -0.054471 0.185536 0.6300 0.6600 0.7100
v 0.131395 -0.055566 0.187431 0.6300 0.6600 0.7100
v 0.131328 -0.056415 0.189453 0.6300 0.6600 0.7100
v 0.131311 -0.057002 0.191569 0.6300 0.6600 0.7100
v 0.131344 -0.057312 0.193746 0.6300 0.6600 0.7100
v 0.131431 -0.057331 0.195949 0.6300 0.6600 0.7100
v 0.131569 -0.057057 0.198129 0.6300 0.6600 0.7100
v 0.131750 -0.056505 0.200248 0.6300 0.6600 0.7100
v 0.131970 -0.055691 0.202275 0.6300 0.6600 0.7100
v 0.132221 -0.054633 0.204179 0.6300 0.6600 0.7100
v 0.132499 -0.053347 0.205929 0.6300 0.6600 0.7100
v 0.132797 -0.051851 0.207496 0.6300 0.6600 0.7100
v 0.133108 -0.050165 0.208853 0.6300 0.6600 0.7100
v 0.133426 -0.048318 0.209987 0.6300 0.6600 0.7100
v 0.133744 -0.046340 0.210883 0.6300 0.6600 0.7100
v 0.134057 -0.044261 0.211529 0.6300 0.6600 0.7100
v 0.134354 -0.042154 0.211904 0.6300 0.6600 0.7100
v 0.099181 0.118200 0.418575 0.6300 0.6600 0.7100
v 0.077682 0.115151 0.436420 0.6300 0.6600 0.7100
v 0.078105 0.096291 0.437104 0.6300 0.6600 0.7100
v 0.099655 0.100840 0.418939 0.6300 0.6600 0.7100
v 0.052995 0.112369 0.449677 0.6300 0.6600 0.7100
v 0.100640 0.048978 0.420638 0.6300 0.6600 0.7100
v 0.053270 0.092132 0.450648 0.6300 0.6600 0.7100
v 0.026241 0.109875 0.457739 0.6300 0.6600 0.7100
v 0.079082 0.039874 0.439933 0.6300 0.6600 0.7100
v 0.012483 0.108735 0.459721 0.6300 0.6600 0.7100
v 0.026342 0.088395 0.458915 0.6300 0.6600 0.7100
v 0.012518 0.086682 0.460964 0.6300 0.6600 0.7100
v 0.053971 0.031534 0.454510 0.6300 0.6600 0.7100
v 0.102102 -0.020458 0.420690 0.6300 0.6600 0.7100
v 0.026641 0.024023 0.463547 0.6300 0.6600 0.7100
v 0.080658 -0.035791 0.442011 0.6300 0.6600 0.7100
v 0.012637 0.020568 0.465861 0.6300 0.6600 0.7100
v 0.005639 0.018908 0.466466 0.6300 0.6600 0.7100
v 0.104714 -0.147609 0.275584 0.6300 0.6600 0.7100
v 0.104192 -0.147545 0.262210 0.6300 0.6600 0.7100
v 0.100802 -0.141385 0.190675 0.6300 0.6600 0.7100
v 0.080368 -0.170514 0.195041 0.6300 0.6600 0.7100
v 0.055801 -0.193409 0.199293 0.6300 0.6600 0.7100
v 0.078074 -0.158433 0.157212 0.6300 0.6600 0.7100
v 0.098640 -0.131965 0.155876 0.6300 0.6600 0.7100
v 0.095237 -0.104341 0.115058 0.6300 0.6600 0.7100
v 0.096304 -0.114966 0.125888 0.6300 0.6600 0.7100
v 0.053827 -0.179244 0.158962 0.6300 0.6600 0.7100
v 0.094845 -0.097022 0.108480 0.6300 0.6600 0.7100
v 0.075504 -0.136809 0.125308 0.6300 0.6600 0.7100
v 0.094950 -0.096211 0.107476 0.6300 0.6600 0.7100
v 0.026924 -0.193097 0.161503 0.6300 0.6600 0.7100
v 0.051599 -0.153919 0.125326 0.6300 0.6600 0.7100
v 0.074227 -0.112999 0.107309 0.6300 0.6600 0.7100
v 0.012869 -0.197103 0.163211 0.6300 0.6600 0.7100
v 0.005765 -0.198337 0.164204 0.6300 0.6600 0.7100
v 0.025622 -0.165604 0.126213 0.6300 0.6600 0.7100
v 0.012210 -0.169269 0.127075 0.6300 0.6600 0.7100
v 0.025129 -0.147337 0.114663 0.6300 0.6600 0.7100
v 0.050679 -0.137691 0.114373 0.6300 0.6600 0.7100
v 0.005462 -0.170543 0.127630 0.6300 0.6600 0.7100
v 0.011972 -0.150252 0.114998 0.6300 0.6600 0.7100
v 0.005356 -0.151224 0.115221 0.6300 0.6600 0.7100
v 0.011936 -0.136059 0.108279 0.6300 0.6600 0.7100
v 0.011992 -0.134736 0.107160 0.6300 0.6600 0.7100
v 0.025148 -0.132889 0.107152 0.6300 0.6600 0.7100
v 0.025039 -0.134098 0.108210 0.6300 0.6600 0.7100
v 0.132205 0.088921 0.365908 0.6300 0.6600 0.7100
v 0.122497 0.105048 0.387896 0.6300 0.6600 0.7100
v 0.130130 0.056240 0.372314 0.6300 0.6600 0.7100
v 0.135709 0.036013 0.352367 0.6300 0.6600 0.7100
v 0.135780 0.023269 0.350155 0.6300 0.6600 0.7100
v 0.130409 0.028281 0.370793 0.6300 0.6600 0.7100
v 0.122803 0.032752 0.389230 0.6300 0.6600 0.7100
v 0.135817 0.015204 0.348143 0.6300 0.6600 0.7100
v 0.130526 0.016262 0.369355 0.6300 0.6600 0.7100
v 0.130613 0.007321 0.367822 0.6300 0.6600 0.7100
v 0.130659 0.002881 0.366875 0.6300 0.6600 0.7100
v 0.136358 -0.001954 0.338394 0.6300 0.6600 0.7100
v 0.136666 -0.007103 0.333054 0.6300 0.6600 0.7100
v 0.136913 -0.012455 0.326950 0.6300 0.6600 0.7100
v 0.131983 -0.017604 0.355841 0.6300 0.6600 0.7100
v 0.137107 -0.017365 0.320468 0.6300 0.6600 0.7100
v 0.132731 -0.022649 0.349994 0.6300 0.6600 0.7100
v 0.132045 -0.021613 0.353901 0.6300 0.6600 0.7100
v 0.124671 -0.021569 0.380078 0.6300 0.6600 0.7100
v 0.132802 -0.026449 0.347732 0.6300 0.6600 0.7100
v 0.133358 -0.027454 0.343969 0.6300 0.6600 0.7100
v 0.133464 -0.031986 0.340635 0.6300 0.6600 0.7100
v 0.133902 -0.032955 0.337032 0.6300 0.6600 0.7100
v 0.133998 -0.036313 0.333990 0.6300 0.6600 0.7100
v 0.126748 -0.040320 0.368306 0.6300 0.6600 0.7100
v 0.134324 -0.037346 0.330583 0.6300 0.6600 0.7100
v 0.128028 -0.045007 0.361627 0.6300 0.6600 0.7100
v 0.134417 -0.040455 0.327112 0.6300 0.6600 0.7100
v 0.134629 -0.041616 0.323895 0.6300 0.6600 0.7100
v 0.129140 -0.050315 0.354328 0.6300 0.6600 0.7100
v 0.134695 -0.044575 0.319695 0.6300 0.6600 0.7100
v 0.134783 -0.045888 0.316629 0.6300 0.6600 0.7100
v 0.130026 -0.054827 0.347330 0.6300 0.6600 0.7100
v 0.134772 -0.049095 0.310400 0.6300 0.6600 0.7100
v 0.130695 -0.059315 0.340113 0.6300 0.6600 0.7100
v 0.134722 -0.050481 0.307449 0.6300 0.6600 0.7100
v 0.131105 -0.063865 0.332423 0.6300 0.6600 0.7100
v 0.136626 -0.037427 0.274215 0.6300 0.6600 0.7100
v 0.134554 -0.053305 0.298974 0.6300 0.6600 0.7100
v 0.131196 -0.068744 0.323282 0.6300 0.6600 0.7100
v 0.134072 -0.056828 0.292955 0.6300 0.6600 0.7100
v 0.130638 -0.075056 0.310124 0.6300 0.6600 0.7100
v 0.133756 -0.058455 0.282660 0.6300 0.6600 0.7100
v 0.128698 -0.081376 0.263987 0.6300 0.6600 0.7100
v 0.127946 -0.083954 0.259377 0.6300 0.6600 0.7100
v 0.127671 -0.085060 0.259370 0.6300 0.6600 0.7100
v 0.125787 -0.091286 0.250429 0.6300 0.6600 0.7100
v 0.125176 -0.093422 0.249841 0.6300 0.6600 0.7100
v 0.125485 -0.092361 0.250212 0.6300 0.6600 0.7100
v 0.119589 -0.112080 0.258401 0.6300 0.6600 0.7100
v 0.123489 -0.098171 0.241235 0.6300 0.6600 0.7100
v 0.122949 -0.099106 0.234881 0.6300 0.6600 0.7100
v 0.123167 -0.099161 0.240674 0.6300 0.6600 0.7100
v 0.122636 -0.100019 0.234169 0.6300 0.6600 0.7100
v 0.122339 -0.100850 0.233336 0.6300 0.6600 0.7100
v 0.117836 -0.115806 0.247817 0.6300 0.6600 0.7100
v 0.122064 -0.101585 0.232390 0.6300 0.6600 0.7100
v 0.121814 -0.102216 0.231345 0.6300 0.6600 0.7100
v 0.121594 -0.102734 0.230217 0.6300 0.6600 0.7100
v 0.121407 -0.103131 0.229023 0.6300 0.6600 0.7100
v 0.121258 -0.103400 0.227780 0.6300 0.6600 0.7100
v 0.119903 -0.101532 0.196406 0.6300 0.6600 0.7100
v 0.119785 -0.101571 0.195113 0.6300 0.6600 0.7100
v 0.119713 -0.101469 0.193821 0.6300 0.6600 0.7100
v 0.124983 -0.080005 0.174735 0.6300 0.6600 0.7100
v 0.124446 -0.082362 0.176542 0.6300 0.6600 0.7100
v 0.124695 -0.081233 0.175552 0.6300 0.6600 0.7100
v 0.120067 -0.099062 0.188110 0.6300 0.6600 0.7100
v 0.119691 -0.101231 0.192555 0.6300 0.6600 0.7100
v 0.119716 -0.100862 0.191334 0.6300 0.6600 0.7100
v 0.119789 -0.100373 0.190174 0.6300 0.6600 0.7100
v 0.119906 -0.099770 0.189093 0.6300 0.6600 0.7100
v 0.120036 -0.094178 0.170601 0.6300 0.6600 0.7100
v 0.119303 -0.096848 0.172656 0.6300 0.6600 0.7100
v 0.119510 -0.096024 0.171835 0.6300 0.6600 0.7100
v 0.119756 -0.095128 0.171148 0.6300 0.6600 0.7100
v 0.113935 -0.112039 0.178310 0.6300 0.6600 0.7100
v 0.123005 -0.077511 0.148191 0.6300 0.6600 0.7100
v 0.087369 -0.106306 0.110461 0.6300 0.6600 0.7100
v 0.074368 -0.123207 0.114520 0.6300 0.6600 0.7100
v 0.076730 -0.114768 0.110319 0.6300 0.6600 0.7100
v 0.076935 -0.111170 0.107327 0.6300 0.6600 0.7100
v 0.074053 -0.113917 0.108249 0.6300 0.6600 0.7100
v 0.071219 -0.118545 0.110273 0.6300 0.6600 0.7100
v 0.071441 -0.114783 0.107292 0.6300 0.6600 0.7100
v 0.059555 -0.125379 0.110225 0.6300 0.6600 0.7100
v 0.051793 -0.129151 0.110224 0.6300 0.6600 0.7100
v 0.052024 -0.124807 0.107200 0.6300 0.6600 0.7100
v 0.050470 -0.126410 0.108161 0.6300 0.6600 0.7100
v 0.050646 -0.125374 0.107195 0.6300 0.6600 0.7100
v 0.045689 -0.131723 0.110238 0.6300 0.6600 0.7100
v 0.045908 -0.127190 0.107181 0.6300 0.6600 0.7100
v 0.033008 -0.136037 0.110307 0.6300 0.6600 0.7100
v 0.026647 -0.137708 0.110359 0.6300 0.6600 0.7100
v 0.026799 -0.132563 0.107153 0.6300 0.6600 0.7100
v 0.089029 -0.102456 0.108398 0.6300 0.6600 0.7100
v 0.083465 -0.107102 0.108333 0.6300 0.6600 0.7100
v 0.078107 -0.111130 0.108281 0.6300 0.6600 0.7100
v 0.069853 -0.116587 0.108221 0.6300 0.6600 0.7100
v 0.064062 -0.119931 0.108193 0.6300 0.6600 0.7100
v 0.056430 -0.123793 0.108169 0.6300 0.6600 0.7100
v 0.043353 -0.129110 0.108162 0.6300 0.6600 0.7100
v 0.037017 -0.131144 0.108172 0.6300 0.6600 0.7100
v 0.030693 -0.132846 0.108189 0.6300 0.6600 0.7100
v 0.069324 -0.116076 0.107279 0.6300 0.6600 0.7100
v 0.066440 -0.117752 0.107263 0.6300 0.6600 0.7100
v 0.058878 -0.121717 0.107226 0.6300 0.6600 0.7100
v 0.055008 -0.123518 0.107211 0.6300 0.6600 0.7100
v 0.042313 -0.128435 0.107173 0.6300 0.6600 0.7100
v 0.039140 -0.129440 0.107166 0.6300 0.6600 0.7100
v 0.032823 -0.131193 0.107157 0.6300 0.6600 0.7100
v 0.029635 -0.131954 0.107154 0.6300 0.6600 0.7100
v 0.139146 0.148600 0.317975 0.6300 0.6600 0.7100
v 0.139265 0.145100 0.317975 0.6300 0.6600 0.7100
v 0.139286 0.144527 0.318089 0.6300 0.6600 0.7100
v 0.139305 0.144040 0.318414 0.6300 0.6600 0.7100
v 0.139318 0.143714 0.318901 0.6300 0.6600 0.7100
v 0.139323 0.143600 0.319477 0.6300 0.6600 0.7100
v 0.140213 0.071493 0.318227 0.6300 0.6600 0.7100
v 0.140430 0.053677 0.315452 0.6300 0.6600 0.7100
v 0.140536 0.040762 0.311421 0.6300 0.6600 0.7100
v 0.140555 0.034625 0.308540 0.6300 0.6600 0.7100
v 0.140546 0.028833 0.305025 0.6300 0.6600 0.7100
v 0.140507 0.023491 0.300857 0.6300 0.6600 0.7100
v 0.140413 0.017512 0.294712 0.6300 0.6600 0.7100
v 0.140308 0.013458 0.289280 0.6300 0.6600 0.7100
v 0.140179 0.010035 0.283435 0.6300 0.6600 0.7100
v 0.140021 0.007072 0.276841 0.6300 0.6600 0.7100
v 0.139784 0.004164 0.267650 0.6300 0.6600 0.7100
v 0.139441 0.001903 0.255478 0.6300 0.6600 0.7100
v 0.138939 0.000617 0.240509 0.6300 0.6600 0.7100
v 0.136817 0.000082 0.187136 0.6300 0.6600 0.7100
v 0.135000 0.000000 0.106475 0.6300 0.6600 0.7100
v 0.133491 0.020130 0.106475 0.6300 0.6600 0.7100
v 0.128996 0.039810 0.106475 0.6300 0.6600 0.7100
v 0.121618 0.058600 0.106475 0.6300 0.6600 0.7100
v 0.111512 0.076073 0.106475 0.6300 0.6600 0.7100
v 0.098921 0.091851 0.106475 0.6300 0.6600 0.7100
v 0.084127 0.105583 0.106475 0.6300 0.6600 0.7100
v 0.084132 0.105590 0.107575 0.6300 0.6600 0.7100
v 0.084097 0.105633 0.108363 0.6300 0.6600 0.7100
v 0.083984 0.105742 0.109133 0.6300 0.6600 0.7100
v 0.083794 0.105913 0.109875 0.6300 0.6600 0.7100
v 0.083531 0.106140 0.110577 0.6300 0.6600 0.7100
v 0.083200 0.106419 0.111227 0.6300 0.6600 0.7100
v 0.082802 0.106746 0.111816 0.6300 0.6600 0.7100
v 0.082343 0.107115 0.112330 0.6300 0.6600 0.7100
v 0.081832 0.107519 0.112764 0.6300 0.6600 0.7100
v 0.081276 0.107950 0.113110 0.6300 0.6600 0.7100
v 0.080685 0.108401 0.113365 0.6300 0.6600 0.7100
v 0.080068 0.108863 0.113522 0.6300 0.6600 0.7100
v 0.079432 0.109329 0.113575 0.6300 0.6600 0.7100
v 0.078792 0.109789 0.113522 0.6300 0.6600 0.7100
v 0.078162 0.110232 0.113365 0.6300 0.6600 0.7100
v 0.077551 0.110654 0.113112 0.6300 0.6600 0.7100
v 0.076970 0.111048 0.112766 0.6300 0.6600 0.7100
v 0.076428 0.111409 0.112333 0.6300 0.6600 0.7100
v 0.075934 0.111731 0.111819 0.6300 0.6600 0.7100
v 0.075500 0.112008 0.111231 0.6300 0.6600 0.7100
v 0.075131 0.112238 0.110579 0.6300 0.6600 0.7100
v 0.074834 0.112418 0.109877 0.6300 0.6600 0.7100
v 0.074613 0.112547 0.109134 0.6300 0.6600 0.7100
v 0.074475 0.112623 0.108363 0.6300 0.6600 0.7100
v 0.074423 0.112643 0.107575 0.6300 0.6600 0.7100
v 0.074418 0.112636 0.106475 0.6300 0.6600 0.7100
v 0.053651 0.123879 0.106475 0.6300 0.6600 0.7100
v 0.041362 0.128507 0.106475 0.6300 0.6600 0.7100
v 0.028680 0.131917 0.106475 0.6300 0.6600 0.7100
v 0.015565 0.134097 0.106475 0.6300 0.6600 0.7100
v 0.007796 0.134774 0.106475 0.6300 0.6600 0.7100
v 0.000000 0.135000 0.106475 0.6300 0.6600 0.7100
v 0.000000 0.136190 0.130935 0.6300 0.6600 0.7100
v -0.000000 0.140113 0.154994 0.6300 0.6600 0.7100
v 0.000000 0.143510 0.166550 0.6300 0.6600 0.7100
v -0.000000 0.145774 0.172011 0.6300 0.6600 0.7100
v -0.000000 0.147151 0.174646 0.6300 0.6600 0.7100
v 0.000000 0.148600 0.176902 0.6300 0.6600 0.7100
v 0.136969 0.148600 0.294827 0.6300 0.6600 0.7100
v 0.131010 0.148600 0.272399 0.6300 0.6600 0.7100
v 0.121513 0.148600 0.251383 0.6300 0.6600 0.7100
v 0.108637 0.148600 0.232073 0.6300 0.6600 0.7100
v 0.092946 0.148600 0.215246 0.6300 0.6600 0.7100
v 0.074612 0.148600 0.201009 0.6300 0.6600 0.7100
v 0.054439 0.148600 0.189875 0.6300 0.6600 0.7100
v 0.032699 0.148600 0.181825 0.6300 0.6600 0.7100
v 0.016540 0.148600 0.178221 0.6300 0.6600 0.7100
v 0.129908 0.047722 0.179492 0.6300 0.6600 0.7100
v 0.130638 0.044970 0.178517 0.6300 0.6600 0.7100
v 0.131391 0.042088 0.178014 0.6300 0.6600 0.7100
v 0.132133 0.039167 0.177994 0.6300 0.6600 0.7100
v 0.132836 0.036286 0.178466 0.6300 0.6600 0.7100
v 0.133486 0.033504 0.179423 0.6300 0.6600 0.7100
v 0.134071 0.030908 0.180833 0.6300 0.6600 0.7100
v 0.134582 0.028588 0.182667 0.6300 0.6600 0.7100
v 0.135016 0.026615 0.184880 0.6300 0.6600 0.7100
v 0.135380 0.025044 0.187413 0.6300 0.6600 0.7100
v 0.135650 0.024022 0.189915 0.6300 0.6600 0.7100
v 0.135850 0.023454 0.192292 0.6300 0.6600 0.7100
v 0.136009 0.023237 0.194714 0.6300 0.6600 0.7100
v 0.136128 0.023370 0.197136 0.6300 0.6600 0.7100
v 0.136207 0.023851 0.199516 0.6300 0.6600 0.7100
v 0.136246 0.024678 0.201807 0.6300 0.6600 0.7100
v 0.136241 0.025832 0.203958 0.6300 0.6600 0.7100
v 0.136187 0.027281 0.205923 0.6300 0.6600 0.7100
v 0.136080 0.028988 0.207657 0.6300 0.6600 0.7100
v 0.135913 0.030919 0.209119 0.6300 0.6600 0.7100
v 0.135682 0.033040 0.210291 0.6300 0.6600 0.7100
v 0.135384 0.035303 0.211156 0.6300 0.6600 0.7100
v 0.135019 0.037662 0.211699 0.6300 0.6600 0.7100
v 0.134587 0.040065 0.211905 0.6300 0.6600 0.7100
v 0.134093 0.042453 0.211778 0.6300 0.6600 0.7100
v 0.133546 0.044787 0.211328 0.6300 0.6600 0.7100
v 0.132954 0.047032 0.210567 0.6300 0.6600 0.7100
v 0.132326 0.049154 0.209508 0.6300 0.6600 0.7100
v 0.131678 0.051100 0.208179 0.6300 0.6600 0.7100
v 0.131027 0.052841 0.206607 0.6300 0.6600 0.7100
v 0.130452 0.054215 0.204998 0.6300 0.6600 0.7100
v 0.129900 0.055385 0.203229 0.6300 0.6600 0.7100
v 0.129422 0.056238 0.201389 0.6300 0.6600 0.7100
v 0.129020 0.056784 0.199429 0.6300 0.6600 0.7100
v 0.128699 0.057044 0.197396 0.6300 0.6600 0.7100
v 0.128464 0.057040 0.195338 0.6300 0.6600 0.7100
v 0.128311 0.056806 0.193289 0.6300 0.6600 0.7100
v 0.128233 0.056372 0.191264 0.6300 0.6600 0.7100
v 0.128238 0.055528 0.188630 0.6300 0.6600 0.7100
v 0.128392 0.054228 0.185823 0.6300 0.6600 0.7100
v 0.128620 0.052990 0.183893 0.6300 0.6600 0.7100
v 0.128950 0.051498 0.182151 0.6300 0.6600 0.7100
v 0.129368 0.049795 0.180696 0.6300 0.6600 0.7100
v 0.129627 0.048788 0.180043 0.6300 0.6600 0.7100
v 0.054154 0.147423 0.189001 0.6300 0.6600 0.7100
v 0.054706 0.144945 0.187519 0.6300 0.6600 0.7100
v 0.056397 0.139212 0.183204 0.6300 0.6600 0.7100
v 0.057717 0.134020 0.176554 0.6300 0.6600 0.7100
v 0.100065 0.141936 0.220416 0.6300 0.6600 0.7100
v 0.100889 0.136731 0.220095 0.6300 0.6600 0.7100
v 0.057578 0.129667 0.164891 0.6300 0.6600 0.7100
v 0.103365 0.123421 0.218540 0.6300 0.6600 0.7100
v 0.056111 0.127020 0.150932 0.6300 0.6600 0.7100
v 0.129026 0.144167 0.266365 0.6300 0.6600 0.7100
v 0.105299 0.110655 0.211793 0.6300 0.6600 0.7100
v 0.129715 0.134257 0.266465 0.6300 0.6600 0.7100
v 0.130152 0.124620 0.266713 0.6300 0.6600 0.7100
v 0.054427 0.125456 0.136417 0.6300 0.6600 0.7100
v 0.105016 0.101229 0.194830 0.6300 0.6600 0.7100
v 0.138765 0.141220 0.305894 0.6300 0.6600 0.7100
v 0.139186 0.127161 0.305967 0.6300 0.6600 0.7100
v 0.139389 0.140447 0.316078 0.6300 0.6600 0.7100
v 0.102735 0.096990 0.173424 0.6300 0.6600 0.7100
v 0.052290 0.124603 0.114047 0.6300 0.6600 0.7100
v 0.139254 0.113219 0.306107 0.6300 0.6600 0.7100
v 0.139782 0.125236 0.316105 0.6300 0.6600 0.7100
v 0.051822 0.124674 0.108356 0.6300 0.6600 0.7100
v 0.139788 0.110106 0.316171 0.6300 0.6600 0.7100
v 0.100026 0.095069 0.151255 0.6300 0.6600 0.7100
v 0.139960 0.076079 0.304756 0.6300 0.6600 0.7100
v 0.132653 0.058020 0.232197 0.6300 0.6600 0.7100
v 0.140298 0.069833 0.314556 0.6300 0.6600 0.7100
v 0.140503 0.040832 0.292882 0.6300 0.6600 0.7100
v 0.096505 0.094783 0.117640 0.6300 0.6600 0.7100
v 0.140645 0.031772 0.301925 0.6300 0.6600 0.7100
v 0.095728 0.095249 0.109218 0.6300 0.6600 0.7100
v 0.139861 0.019153 0.261760 0.6300 0.6600 0.7100
v 0.128056 0.050948 0.169646 0.6300 0.6600 0.7100
v 0.139989 0.008770 0.269140 0.6300 0.6600 0.7100
v 0.138276 0.013879 0.223248 0.6300 0.6600 0.7100
v 0.125365 0.050927 0.122167 0.6300 0.6600 0.7100
v 0.136427 0.013146 0.184302 0.6300 0.6600 0.7100
v 0.136881 0.003363 0.187961 0.6300 0.6600 0.7100
v 0.134671 0.013036 0.125895 0.6300 0.6600 0.7100
v 0.135047 0.003301 0.111502 0.6300 0.6600 0.7100
v 0.121164 0.102784 0.238905 0.6300 0.6600 0.7100
v 0.131807 0.098996 0.265986 0.6300 0.6600 0.7100
v 0.133158 0.074324 0.256847 0.6300 0.6600 0.7100
v 0.122026 0.086360 0.224575 0.6300 0.6600 0.7100
v 0.137852 0.072542 0.282037 0.6300 0.6600 0.7100
v 0.136095 0.060654 0.260585 0.6300 0.6600 0.7100
v 0.139690 0.042889 0.277962 0.6300 0.6600 0.7100
v 0.135812 0.046246 0.238385 0.6300 0.6600 0.7100
v 0.137829 0.036575 0.245636 0.6300 0.6600 0.7100
v 0.135000 0.000000 0.106475 0.6300 0.6600 0.7100
v 0.133491 0.020130 0.106475 0.6300 0.6600 0.7100
v 0.128996 0.039810 0.106475 0.6300 0.6600 0.7100
v 0.121618 0.058600 0.106475 0.6300 0.6600 0.7100
v 0.111512 0.076073 0.106475 0.6300 0.6600 0.7100
v 0.098921 0.091851 0.106475 0.6300 0.6600 0.7100
v 0.084127 0.105583 0.106475 0.6300 0.6600 0.7100
v 0.130120 -0.035970 0.106475 0.6300 0.6600 0.7100
v 0.133486 -0.020152 0.106475 0.6300 0.6600 0.7100
v 0.134620 -0.010104 0.106475 0.6300 0.6600 0.7100
v 0.130120 -0.035970 0.098575 0.6300 0.6600 0.7100
v 0.130134 -0.035918 0.098575 0.6300 0.6600 0.7100
v 0.134992 -0.001500 0.098575 0.6300 0.6600 0.7100
v 0.133931 -0.016947 0.098575 0.6300 0.6600 0.7100
v 0.132372 -0.026500 0.098575 0.6300 0.6600 0.7100
v 0.134992 -0.001500 0.102075 0.6300 0.6600 0.7100
v 0.134993 -0.001378 0.102667 0.6300 0.6600 0.7100
v 0.134996 -0.001030 0.103165 0.6300 0.6600 0.7100
v 0.134999 -0.000541 0.103474 0.6300 0.6600 0.7100
v 0.135000 -0.000068 0.103573 0.6300 0.6600 0.7100
v 0.135000 0.000333 0.103537 0.6300 0.6600 0.7100
v 0.134997 0.000934 0.103248 0.6300 0.6600 0.7100
v 0.134993 0.001351 0.102727 0.6300 0.6600 0.7100
v 0.134992 0.001500 0.102075 0.6300 0.6600 0.7100
v 0.134992 0.001500 0.098575 0.6300 0.6600 0.7100
v 0.084127 0.105583 0.098575 0.6300 0.6600 0.7100
v 0.098751 0.092034 0.098575 0.6300 0.6600 0.7100
v 0.111230 0.076485 0.098575 0.6300 0.6600 0.7100
v 0.121291 0.059275 0.098575 0.6300 0.6600 0.7100
v 0.128688 0.040762 0.098575 0.6300 0.6600 0.7100
v 0.133288 0.021363 0.098575 0.6300 0.6600 0.7100
v 0.134508 0.011463 0.098575 0.6300 0.6600 0.7100
v -0.000000 0.148600 0.458631 0.6300 0.6600 0.7100
v -0.022983 0.148600 0.456720 0.6300 0.6600 0.7100
v -0.045325 0.148600 0.451042 0.6300 0.6600 0.7100
v -0.066443 0.148600 0.441745 0.6300 0.6600 0.7100
v -0.085704 0.148600 0.429101 0.6300 0.6600 0.7100
v -0.102651 0.148600 0.413426 0.6300 0.6600 0.7100
v -0.116741 0.148600 0.395206 0.6300 0.6600 0.7100
v -0.127657 0.148600 0.374857 0.6300 0.6600 0.7100
v -0.135045 0.148600 0.353033 0.6300 0.6600 0.7100
v -0.138123 0.148600 0.336381 0.6300 0.6600 0.7100
v -0.139154 0.148600 0.319475 0.6300 0.6600 0.7100
v 0.023092 0.148600 0.456702 0.6300 0.6600 0.7100
v 0.045507 0.148600 0.450979 0.6300 0.6600 0.7100
v 0.066561 0.148600 0.441678 0.6300 0.6600 0.7100
v 0.085870 0.148600 0.428978 0.6300 0.6600 0.7100
v 0.102725 0.148600 0.413341 0.6300 0.6600 0.7100
v 0.116854 0.148600 0.395033 0.6300 0.6600 0.7100
v 0.127694 0.148600 0.374773 0.6300 0.6600 0.7100
v 0.135091 0.148600 0.352847 0.6300 0.6600 0.7100
v 0.138038 0.148600 0.337068 0.6300 0.6600 0.7100
v 0.139146 0.148600 0.320975 0.6300 0.6600 0.7100
v 0.135623 0.148600 0.320975 0.6300 0.6600 0.7100
v 0.135623 0.148600 0.317975 0.6300 0.6600 0.7100
v 0.133327 0.148600 0.294639 0.6300 0.6600 0.7100
v 0.127028 0.148600 0.272052 0.6300 0.6600 0.7100
v 0.116915 0.148600 0.250895 0.6300 0.6600 0.7100
v 0.103294 0.148600 0.231808 0.6300 0.6600 0.7100
v 0.086575 0.148600 0.215366 0.6300 0.6600 0.7100
v 0.067264 0.148600 0.202065 0.6300 0.6600 0.7100
v 0.045942 0.148600 0.192306 0.6300 0.6600 0.7100
v 0.023253 0.148600 0.186384 0.6300 0.6600 0.7100
v -0.000118 0.148600 0.184477 0.6300 0.6600 0.7100
v -0.023467 0.148600 0.186643 0.6300 0.6600 0.7100
v -0.046089 0.148600 0.192817 0.6300 0.6600 0.7100
v -0.067301 0.148600 0.202812 0.6300 0.6600 0.7100
v -0.086463 0.148600 0.216327 0.6300 0.6600 0.7100
v -0.102998 0.148600 0.232954 0.6300 0.6600 0.7100
v -0.116406 0.148600 0.252192 0.6300 0.6600 0.7100
v -0.126284 0.148600 0.273459 0.6300 0.6600 0.7100
v -0.132332 0.148600 0.296115 0.6300 0.6600 0.7100
v -0.134368 0.148600 0.319475 0.6300 0.6600 0.7100
v -0.132332 0.148600 0.342835 0.6300 0.6600 0.7100
v -0.126284 0.148600 0.365491 0.6300 0.6600 0.7100
v -0.116406 0.148600 0.386758 0.6300 0.6600 0.7100
v -0.102998 0.148600 0.405996 0.6300 0.6600 0.7100
v -0.086463 0.148600 0.422623 0.6300 0.6600 0.7100
v -0.067301 0.148600 0.436138 0.6300 0.6600 0.7100
v -0.046089 0.148600 0.446133 0.6300 0.6600 0.7100
v -0.023467 0.148600 0.452307 0.6300 0.6600 0.7100
v -0.000118 0.148600 0.454473 0.6300 0.6600 0.7100
v 0.023253 0.148600 0.452566 0.6300 0.6600 0.7100
v 0.045942 0.148600 0.446644 0.6300 0.6600 0.7100
v 0.067264 0.148600 0.436885 0.6300 0.6600 0.7100
v 0.086575 0.148600 0.423584 0.6300 0.6600 0.7100
v 0.103294 0.148600 0.407142 0.6300 0.6600 0.7100
v 0.116915 0.148600 0.388055 0.6300 0.6600 0.7100
v 0.127028 0.148600 0.366898 0.6300 0.6600 0.7100
v 0.133327 0.148600 0.344311 0.6300 0.6600 0.7100
v 0.139146 0.148600 0.317975 0.6300 0.6600 0.7100
v 0.136969 0.148600 0.294827 0.6300 0.6600 0.7100
v 0.131010 0.148600 0.272399 0.6300 0.6600 0.7100
v 0.121513 0.148600 0.251383 0.6300 0.6600 0.7100
v 0.108637 0.148600 0.232073 0.6300 0.6600 0.7100
v 0.092946 0.148600 0.215246 0.6300 0.6600 0.7100
v 0.074612 0.148600 0.201009 0.6300 0.6600 0.7100
v 0.054439 0.148600 0.189875 0.6300 0.6600 0.7100
v 0.032699 0.148600 0.181825 0.6300 0.6600 0.7100
v 0.016540 0.148600 0.178221 0.6300 0.6600 0.7100
v 0.000000 0.148600 0.176902 0.6300 0.6600 0.7100
v -0.017469 0.148600 0.178370 0.6300 0.6600 0.7100
v -0.034557 0.148600 0.182368 0.6300 0.6600 0.7100
v -0.050954 0.148600 0.188332 0.6300 0.6600 0.7100
v -0.066588 0.148600 0.196098 0.6300 0.6600 0.7100
v -0.081275 0.148600 0.205652 0.6300 0.6600 0.7100
v -0.094634 0.148600 0.216813 0.6300 0.6600 0.7100
v -0.106589 0.148600 0.229555 0.6300 0.6600 0.7100
v -0.116923 0.148600 0.243687 0.6300 0.6600 0.7100
v -0.125384 0.148600 0.258883 0.6300 0.6600 0.7100
v -0.131948 0.148600 0.275121 0.6300 0.6600 0.7100
v -0.136433 0.148600 0.291997 0.6300 0.6600 0.7100
v -0.138470 0.148600 0.305621 0.6300 0.6600 0.7100
v 0.135623 0.145100 0.320975 0.6300 0.6600 0.7100
v 0.133327 0.145100 0.344311 0.6300 0.6600 0.7100
v 0.127028 0.145100 0.366898 0.6300 0.6600 0.7100
v 0.116915 0.145100 0.388055 0.6300 0.6600 0.7100
v 0.103294 0.145100 0.407142 0.6300 0.6600 0.7100
v 0.086575 0.145100 0.423584 0.6300 0.6600 0.7100
v 0.067264 0.145100 0.436885 0.6300 0.6600 0.7100
v 0.045942 0.145100 0.446644 0.6300 0.6600 0.7100
v 0.023253 0.145100 0.452566 0.6300 0.6600 0.7100
v -0.000118 0.145100 0.454473 0.6300 0.6600 0.7100
v -0.023467 0.145100 0.452307 0.6300 0.6600 0.7100
v -0.046089 0.145100 0.446133 0.6300 0.6600 0.7100
v -0.067301 0.145100 0.436138 0.6300 0.6600 0.7100
v -0.086463 0.145100 0.422623 0.6300 0.6600 0.7100
v -0.102998 0.145100 0.405996 0.6300 0.6600 0.7100
v -0.116406 0.145100 0.386758 0.6300 0.6600 0.7100
v -0.126284 0.145100 0.365491 0.6300 0.6600 0.7100
v -0.132332 0.145100 0.342835 0.6300 0.6600 0.7100
v -0.134368 0.145100 0.319475 0.6300 0.6600 0.7100
v -0.132332 0.145100 0.296115 0.6300 0.6600 0.7100
v -0.126284 0.145100 0.273459 0.6300 0.6600 0.7100
v -0.116406 0.145100 0.252192 0.6300 0.6600 0.7100
v -0.102998 0.145100 0.232954 0.6300 0.6600 0.7100
v -0.086463 0.145100 0.216327 0.6300 0.6600 0.7100
v -0.067301 0.145100 0.202812 0.6300 0.6600 0.7100
v -0.046089 0.145100 0.192817 0.6300 0.6600 0.7100
v -0.023467 0.145100 0.186643 0.6300 0.6600 0.7100
v -0.000118 0.145100 0.184477 0.6300 0.6600 0.7100
v 0.023253 0.145100 0.186384 0.6300 0.6600 0.7100
v 0.045942 0.145100 0.192306 0.6300 0.6600 0.7100
v 0.067264 0.145100 0.202065 0.6300 0.6600 0.7100
v 0.086575 0.145100 0.215366 0.6300 0.6600 0.7100
v 0.103294 0.145100 0.231808 0.6300 0.6600 0.7100
v 0.116915 0.145100 0.250895 0.6300 0.6600 0.7100
v 0.127028 0.145100 0.272052 0.6300 0.6600 0.7100
v 0.133327 0.145100 0.294639 0.6300 0.6600 0.7100
v 0.135623 0.145100 0.317975 0.6300 0.6600 0.7100
v 0.135623 0.148600 0.320975 0.6300 0.6600 0.7100
v 0.135623 0.148600 0.317975 0.6300 0.6600 0.7100
v 0.133327 0.148600 0.294639 0.6300 0.6600 0.7100
v 0.127028 0.148600 0.272052 0.6300 0.6600 0.7100
v 0.116915 0.148600 0.250895 0.6300 0.6600 0.7100
v 0.103294 0.148600 0.231808 0.6300 0.6600 0.7100
v 0.086575 0.148600 0.215366 0.6300 0.6600 0.7100
v 0.067264 0.148600 0.202065 0.6300 0.6600 0.7100
v 0.045942 0.148600 0.192306 0.6300 0.6600 0.7100
v 0.023253 0.148600 0.186384 0.6300 0.6600 0.7100
v -0.000118 0.148600 0.184477 0.6300 0.6600 0.7100
v -0.023467 0.148600 0.186643 0.6300 0.6600 0.7100
v -0.046089 0.148600 0.192817 0.6300 0.6600 0.7100
v -0.067301 0.148600 0.202812 0.6300 0.6600 0.7100
v -0.086463 0.148600 0.216327 0.6300 0.6600 0.7100
v -0.102998 0.148600 0.232954 0.6300 0.6600 0.7100
v -0.116406 0.148600 0.252192 0.6300 0.6600 0.7100
v -0.126284 0.148600 0.273459 0.6300 0.6600 0.7100
v -0.132332 0.148600 0.296115 0.6300 0.6600 0.7100
v -0.134368 0.148600 0.319475 0.6300 0.6600 0.7100
v -0.132332 0.148600 0.342835 0.6300 0.6600 0.7100
v -0.126284 0.148600 0.365491 0.6300 0.6600 0.7100
v -0.116406 0.148600 0.386758 0.6300 0.6600 0.7100
v -0.102998 0.148600 0.405996 0.6300 0.6600 0.7100
v -0.086463 0.148600 0.422623 0.6300 0.6600 0.7100
v -0.067301 0.148600 0.436138 0.6300 0.6600 0.7100
v -0.046089 0.148600 0.446133 0.6300 0.6600 0.7100
v -0.023467 0.148600 0.452307 0.6300 0.6600 0.7100
v -0.000118 0.148600 0.454473 0.6300 0.6600 0.7100
v 0.023253 0.148600 0.452566 0.6300 0.6600 0.7100
v 0.045942 0.148600 0.446644 0.6300 0.6600 0.7100
v 0.067264 0.148600 0.436885 0.6300 0.6600 0.7100
v 0.086575 0.148600 0.423584 0.6300 0.6600 0.7100
v 0.103294 0.148600 0.407142 0.6300 0.6600 0.7100
v 0.116915 0.148600 0.388055 0.6300 0.6600 0.7100
v 0.127028 0.148600 0.366898 0.6300 0.6600 0.7100
v 0.133327 0.148600 0.344311 0.6300 0.6600 0.7100
v 0.135000 0.145100 0.320975 0.6300 0.6600 0.7100
v 0.135000 0.145100 0.317975 0.6300 0.6600 0.7100
v 0.135623 0.145100 0.317975 0.6300 0.6600 0.7100
v 0.135623 0.145100 0.320975 0.6300 0.6600 0.7100
v 0.133327 0.145100 0.344311 0.6300 0.6600 0.7100
v 0.127028 0.145100 0.366898 0.6300 0.6600 0.7100
v 0.116915 0.145100 0.388055 0.6300 0.6600 0.7100
v 0.103294 0.145100 0.407142 0.6300 0.6600 0.7100
v 0.086575 0.145100 0.423584 0.6300 0.6600 0.7100
v 0.067264 0.145100 0.436885 0.6300 0.6600 0.7100
v 0.045942 0.145100 0.446644 0.6300 0.6600 0.7100
v 0.023253 0.145100 0.452566 0.6300 0.6600 0.7100
v -0.000118 0.145100 0.454473 0.6300 0.6600 0.7100
v -0.023467 0.145100 0.452307 0.6300 0.6600 0.7100
v -0.046089 0.145100 0.446133 0.6300 0.6600 0.7100
v -0.067301 0.145100 0.436138 0.6300 0.6600 0.7100
v -0.086463 0.145100 0.422623 0.6300 0.6600 0.7100
v -0.102998 0.145100 0.405996 0.6300 0.6600 0.7100
v -0.116406 0.145100 0.386758 0.6300 0.6600 0.7100
v -0.126284 0.145100 0.365491 0.6300 0.6600 0.7100
v -0.132332 0.145100 0.342835 0.6300 0.6600 0.7100
v -0.134368 0.145100 0.319475 0.6300 0.6600 0.7100
v -0.132332 0.145100 0.296115 0.6300 0.6600 0.7100
v -0.126284 0.145100 0.273459 0.6300 0.6600 0.7100
v -0.116406 0.145100 0.252192 0.6300 0.6600 0.7100
v -0.102998 0.145100 0.232954 0.6300 0.6600 0.7100
v -0.086463 0.145100 0.216327 0.6300 0.6600 0.7100
v -0.067301 0.145100 0.202812 0.6300 0.6600 0.7100
v -0.046089 0.145100 0.192817 0.6300 0.6600 0.7100
v -0.023467 0.145100 0.186643 0.6300 0.6600 0.7100
v -0.000118 0.145100 0.184477 0.6300 0.6600 0.7100
v 0.023253 0.145100 0.186384 0.6300 0.6600 0.7100
v 0.045942 0.145100 0.192306 0.6300 0.6600 0.7100
v 0.067264 0.145100 0.202065 0.6300 0.6600 0.7100
v 0.086575 0.145100 0.215366 0.6300 0.6600 0.7100
v 0.103294 0.145100 0.231808 0.6300 0.6600 0.7100
v 0.116915 0.145100 0.250895 0.6300 0.6600 0.7100
v 0.127028 0.145100 0.272052 0.6300 0.6600 0.7100
v 0.133327 0.145100 0.294639 0.6300 0.6600 0.7100
v -0.000000 -0.173228 0.129830 0.6300 0.6600 0.7100
v 0.000000 -0.165347 0.123494 0.6300 0.6600 0.7100
v -0.000000 -0.156814 0.118081 0.6300 0.6600 0.7100
v 0.000000 -0.147849 0.113575 0.6300 0.6600 0.7100
v -0.002412 -0.173354 0.129970 0.6300 0.6600 0.7100
v -0.004750 -0.173741 0.130401 0.6300 0.6600 0.7100
v -0.006285 -0.174163 0.130872 0.6300 0.6600 0.7100
v -0.007777 -0.174746 0.131522 0.6300 0.6600 0.7100
v -0.009115 -0.175485 0.132347 0.6300 0.6600 0.7100
v -0.011319 -0.177186 0.134295 0.6300 0.6600 0.7100
v -0.013076 -0.179053 0.136531 0.6300 0.6600 0.7100
v -0.014388 -0.181025 0.138992 0.6300 0.6600 0.7100
v -0.015253 -0.183043 0.141615 0.6300 0.6600 0.7100
v -0.015653 -0.185070 0.144336 0.6300 0.6600 0.7100
v -0.015573 -0.187073 0.147088 0.6300 0.6600 0.7100
v -0.015000 -0.189017 0.149806 0.6300 0.6600 0.7100
v -0.013917 -0.190878 0.152432 0.6300 0.6600 0.7100
v -0.012495 -0.192440 0.154649 0.6300 0.6600 0.7100
v -0.010844 -0.193718 0.156465 0.6300 0.6600 0.7100
v -0.008844 -0.194835 0.158051 0.6300 0.6600 0.7100
v -0.006787 -0.195651 0.159206 0.6300 0.6600 0.7100
v -0.004770 -0.196205 0.159990 0.6300 0.6600 0.7100
v -0.002630 -0.196569 0.160504 0.6300 0.6600 0.7100
v -0.001327 -0.196686 0.160668 0.6300 0.6600 0.7100
v -0.000000 -0.196726 0.160725 0.6300 0.6600 0.7100
v -0.000000 -0.205314 0.179760 0.6300 0.6600 0.7100
v -0.012289 -0.204805 0.180642 0.6300 0.6600 0.7100
v -0.024218 -0.203295 0.183257 0.6300 0.6600 0.7100
v -0.032493 -0.201622 0.186156 0.6300 0.6600 0.7100
v -0.040633 -0.199422 0.189967 0.6300 0.6600 0.7100
v -0.048270 -0.196798 0.194511 0.6300 0.6600 0.7100
v -0.057639 -0.192730 0.201556 0.6300 0.6600 0.7100
v -0.066929 -0.187598 0.210445 0.6300 0.6600 0.7100
v -0.075086 -0.181986 0.220166 0.6300 0.6600 0.7100
v -0.084414 -0.173981 0.234030 0.6300 0.6600 0.7100
v -0.095639 -0.161377 0.255861 0.6300 0.6600 0.7100
v -0.107034 -0.143693 0.286491 0.6300 0.6600 0.7100
v -0.115887 -0.125588 0.317850 0.6300 0.6600 0.7100
v -0.104384 -0.148406 0.278429 0.6300 0.6600 0.7100
v -0.106339 -0.144945 0.284424 0.6300 0.6600 0.7100
v -0.106546 -0.144573 0.285067 0.6300 0.6600 0.7100
v -0.115887 -0.125586 0.317953 0.6300 0.6600 0.7100
v -0.118539 -0.117778 0.331478 0.6300 0.6600 0.7100
v -0.120087 -0.109864 0.345185 0.6300 0.6600 0.7100
v -0.120260 -0.103304 0.356548 0.6300 0.6600 0.7100
v -0.119307 -0.096782 0.367843 0.6300 0.6600 0.7100
v -0.117492 -0.090960 0.377928 0.6300 0.6600 0.7100
v -0.114806 -0.085165 0.387965 0.6300 0.6600 0.7100
v -0.107066 -0.073970 0.407356 0.6300 0.6600 0.7100
v -0.101984 -0.068657 0.416558 0.6300 0.6600 0.7100
v -0.095941 -0.063540 0.425420 0.6300 0.6600 0.7100
v -0.084194 -0.055979 0.438517 0.6300 0.6600 0.7100
v -0.071175 -0.049915 0.449020 0.6300 0.6600 0.7100
v -0.056443 -0.044952 0.457615 0.6300 0.6600 0.7100
v -0.040431 -0.041209 0.464099 0.6300 0.6600 0.7100
v -0.023316 -0.038725 0.468401 0.6300 0.6600 0.7100
v -0.011838 -0.037831 0.469950 0.6300 0.6600 0.7100
v -0.000000 -0.037521 0.470486 0.6300 0.6600 0.7100
v -0.000000 0.023000 0.466258 0.6300 0.6600 0.7100
v -0.000000 0.039000 0.464981 0.6300 0.6600 0.7100
v -0.000000 0.148600 0.458631 0.6300 0.6600 0.7100
v -0.022983 0.148600 0.456720 0.6300 0.6600 0.7100
v -0.045325 0.148600 0.451042 0.6300 0.6600 0.7100
v -0.066443 0.148600 0.441745 0.6300 0.6600 0.7100
v -0.085704 0.148600 0.429101 0.6300 0.6600 0.7100
v -0.102651 0.148600 0.413426 0.6300 0.6600 0.7100
v -0.116741 0.148600 0.395206 0.6300 0.6600 0.7100
v -0.127657 0.148600 0.374857 0.6300 0.6600 0.7100
v -0.135045 0.148600 0.353033 0.6300 0.6600 0.7100
v -0.138123 0.148600 0.336381 0.6300 0.6600 0.7100
v -0.139154 0.148600 0.319475 0.6300 0.6600 0.7100
v -0.140162 0.075368 0.318562 0.6300 0.6600 0.7100
v -0.140391 0.057215 0.316206 0.6300 0.6600 0.7100
v -0.140516 0.043950 0.312637 0.6300 0.6600 0.7100
v -0.140549 0.037582 0.310022 0.6300 0.6600 0.7100
v -0.140554 0.031520 0.306771 0.6300 0.6600 0.7100
v -0.140529 0.025872 0.302843 0.6300 0.6600 0.7100
v -0.140451 0.019477 0.296936 0.6300 0.6600 0.7100
v -0.140355 0.015093 0.291630 0.6300 0.6600 0.7100
v -0.140234 0.011352 0.285858 0.6300 0.6600 0.7100
v -0.140081 0.008075 0.279288 0.6300 0.6600 0.7100
v -0.139908 0.005509 0.272406 0.6300 0.6600 0.7100
v -0.139656 0.003110 0.262924 0.6300 0.6600 0.7100
v -0.138807 0.000464 0.237090 0.6300 0.6600 0.7100
v -0.136731 0.000081 0.184720 0.6300 0.6600 0.7100
v -0.135000 0.000000 0.106475 0.6300 0.6600 0.7100
v -0.130120 -0.035970 0.106475 0.6300 0.6600 0.7100
v -0.133487 -0.020152 0.106475 0.6300 0.6600 0.7100
v -0.134621 -0.010104 0.106475 0.6300 0.6600 0.7100
v -0.130149 -0.035979 0.107575 0.6300 0.6600 0.7100
v -0.130184 -0.036047 0.108365 0.6300 0.6600 0.7100
v -0.130205 -0.036218 0.109136 0.6300 0.6600 0.7100
v -0.130209 -0.036486 0.109877 0.6300 0.6600 0.7100
v -0.130191 -0.036844 0.110578 0.6300 0.6600 0.7100
v -0.130150 -0.037285 0.111228 0.6300 0.6600 0.7100
v -0.130080 -0.037802 0.111815 0.6300 0.6600 0.7100
v -0.129983 -0.038388 0.112329 0.6300 0.6600 0.7100
v -0.129860 -0.039033 0.112763 0.6300 0.6600 0.7100
v -0.129713 -0.039724 0.113110 0.6300 0.6600 0.7100
v -0.129542 -0.040451 0.113365 0.6300 0.6600 0.7100
v -0.129349 -0.041202 0.113522 0.6300 0.6600 0.7100
v -0.129136 -0.041965 0.113575 0.6300 0.6600 0.7100
v -0.128905 -0.042722 0.113520 0.6300 0.6600 0.7100
v -0.128661 -0.043456 0.113361 0.6300 0.6600 0.7100
v -0.128406 -0.044156 0.113104 0.6300 0.6600 0.7100
v -0.128146 -0.044811 0.112755 0.6300 0.6600 0.7100
v -0.127884 -0.045411 0.112320 0.6300 0.6600 0.7100
v -0.127623 -0.045942 0.111804 0.6300 0.6600 0.7100
v -0.127366 -0.046397 0.111216 0.6300 0.6600 0.7100
v -0.127119 -0.046769 0.110568 0.6300 0.6600 0.7100
v -0.126894 -0.047056 0.109870 0.6300 0.6600 0.7100
v -0.126702 -0.047258 0.109131 0.6300 0.6600 0.7100
v -0.126552 -0.047373 0.108363 0.6300 0.6600 0.7100
v -0.126457 -0.047397 0.107575 0.6300 0.6600 0.7100
v -0.126412 -0.047382 0.106501 0.6300 0.6600 0.7100
v -0.126412 -0.047382 0.106475 0.6300 0.6600 0.7100
v -0.006000 -0.134867 0.106475 0.6300 0.6600 0.7100
v -0.028550 -0.131944 0.106475 0.6300 0.6600 0.7100
v -0.041235 -0.128548 0.106475 0.6300 0.6600 0.7100
v -0.053529 -0.123933 0.106475 0.6300 0.6600 0.7100
v -0.068734 -0.116190 0.106475 0.6300 0.6600 0.7100
v -0.079698 -0.108964 0.106475 0.6300 0.6600 0.7100
v -0.090849 -0.099854 0.106475 0.6300 0.6600 0.7100
v -0.100969 -0.089610 0.106475 0.6300 0.6600 0.7100
v -0.109198 -0.079377 0.106475 0.6300 0.6600 0.7100
v -0.117802 -0.065931 0.106475 0.6300 0.6600 0.7100
v -0.122458 -0.056820 0.106475 0.6300 0.6600 0.7100
v -0.006000 -0.135536 0.107575 0.6300 0.6600 0.7100
v -0.006000 -0.135012 0.106979 0.6300 0.6600 0.7100
v -0.005952 -0.136593 0.108382 0.6300 0.6600 0.7100
v -0.005823 -0.137739 0.109045 0.6300 0.6600 0.7100
v -0.005129 -0.141208 0.110691 0.6300 0.6600 0.7100
v -0.004035 -0.144273 0.112020 0.6300 0.6600 0.7100
v -0.003442 -0.145367 0.112491 0.6300 0.6600 0.7100
v -0.002700 -0.146390 0.112934 0.6300 0.6600 0.7100
v -0.002130 -0.146963 0.113184 0.6300 0.6600 0.7100
v -0.001535 -0.147396 0.113375 0.6300 0.6600 0.7100
v -0.001166 -0.147588 0.113459 0.6300 0.6600 0.7100
v -0.000802 -0.147724 0.113520 0.6300 0.6600 0.7100
v -0.000392 -0.147819 0.113562 0.6300 0.6600 0.7100
v -0.133494 -0.039955 0.178004 0.6300 0.6600 0.7100
v -0.133885 -0.037062 0.178311 0.6300 0.6600 0.7100
v -0.134253 -0.034271 0.179100 0.6300 0.6600 0.7100
v -0.134593 -0.031653 0.180335 0.6300 0.6600 0.7100
v -0.134899 -0.029280 0.181986 0.6300 0.6600 0.7100
v -0.135142 -0.027413 0.183800 0.6300 0.6600 0.7100
v -0.135335 -0.025991 0.185670 0.6300 0.6600 0.7100
v -0.135504 -0.024838 0.187725 0.6300 0.6600 0.7100
v -0.135648 -0.023971 0.189919 0.6300 0.6600 0.7100
v -0.135765 -0.023409 0.192211 0.6300 0.6600 0.7100
v -0.135857 -0.023172 0.194557 0.6300 0.6600 0.7100
v -0.135921 -0.023274 0.196912 0.6300 0.6600 0.7100
v -0.135957 -0.023710 0.199229 0.6300 0.6600 0.7100
v -0.135963 -0.024462 0.201467 0.6300 0.6600 0.7100
v -0.135936 -0.025512 0.203585 0.6300 0.6600 0.7100
v -0.135874 -0.026843 0.205542 0.6300 0.6600 0.7100
v -0.135777 -0.028438 0.207296 0.6300 0.6600 0.7100
v -0.135643 -0.030263 0.208803 0.6300 0.6600 0.7100
v -0.135471 -0.032271 0.210036 0.6300 0.6600 0.7100
v -0.135266 -0.034423 0.210983 0.6300 0.6600 0.7100
v -0.135027 -0.036682 0.211631 0.6300 0.6600 0.7100
v -0.134758 -0.039007 0.211967 0.6300 0.6600 0.7100
v -0.134461 -0.041360 0.211978 0.6300 0.6600 0.7100
v -0.134141 -0.043684 0.211662 0.6300 0.6600 0.7100
v -0.133807 -0.045936 0.211035 0.6300 0.6600 0.7100
v -0.133465 -0.048082 0.210112 0.6300 0.6600 0.7100
v -0.133122 -0.050086 0.208908 0.6300 0.6600 0.7100
v -0.132786 -0.051911 0.207440 0.6300 0.6600 0.7100
v -0.132464 -0.053520 0.205727 0.6300 0.6600 0.7100
v -0.132167 -0.054875 0.203813 0.6300 0.6600 0.7100
v -0.131903 -0.055955 0.201732 0.6300 0.6600 0.7100
v -0.131690 -0.056706 0.199632 0.6300 0.6600 0.7100
v -0.131527 -0.057159 0.197562 0.6300 0.6600 0.7100
v -0.131407 -0.057353 0.195452 0.6300 0.6600 0.7100
v -0.131333 -0.057278 0.193339 0.6300 0.6600 0.7100
v -0.131310 -0.056932 0.191250 0.6300 0.6600 0.7100
v -0.131334 -0.056327 0.189216 0.6300 0.6600 0.7100
v -0.131404 -0.055480 0.187270 0.6300 0.6600 0.7100
v -0.131518 -0.054402 0.185442 0.6300 0.6600 0.7100
v -0.131673 -0.053109 0.183764 0.6300 0.6600 0.7100
v -0.131868 -0.051615 0.182268 0.6300 0.6600 0.7100
v -0.132095 -0.049949 0.180974 0.6300 0.6600 0.7100
v -0.132348 -0.048136 0.179896 0.6300 0.6600 0.7100
v -0.132622 -0.046199 0.179047 0.6300 0.6600 0.7100
v -0.132906 -0.044184 0.178445 0.6300 0.6600 0.7100
v -0.133195 -0.042120 0.178096 0.6300 0.6600 0.7100
v -0.133344 -0.041043 0.178016 0.6300 0.6600 0.7100
v -0.056430 -0.123793 0.108169 0.6300 0.6600 0.7100
v -0.051793 -0.129151 0.110224 0.6300 0.6600 0.7100
v -0.059555 -0.125379 0.110225 0.6300 0.6600 0.7100
v -0.064062 -0.119931 0.108193 0.6300 0.6600 0.7100
v -0.071219 -0.118545 0.110273 0.6300 0.6600 0.7100
v -0.069852 -0.116587 0.108221 0.6300 0.6600 0.7100
v -0.074053 -0.113917 0.108249 0.6300 0.6600 0.7100
v -0.071441 -0.114783 0.107292 0.6300 0.6600 0.7100
v -0.078106 -0.111131 0.108281 0.6300 0.6600 0.7100
v -0.076934 -0.111170 0.107327 0.6300 0.6600 0.7100
v -0.076730 -0.114768 0.110319 0.6300 0.6600 0.7100
v -0.083464 -0.107102 0.108333 0.6300 0.6600 0.7100
v -0.087369 -0.106307 0.110461 0.6300 0.6600 0.7100
v -0.089029 -0.102456 0.108398 0.6300 0.6600 0.7100
v -0.094845 -0.097022 0.108480 0.6300 0.6600 0.7100
v -0.029635 -0.131954 0.107154 0.6300 0.6600 0.7100
v -0.026799 -0.132563 0.107153 0.6300 0.6600 0.7100
v -0.030693 -0.132846 0.108189 0.6300 0.6600 0.7100
v -0.032822 -0.131193 0.107157 0.6300 0.6600 0.7100
v -0.033008 -0.136037 0.110307 0.6300 0.6600 0.7100
v -0.037017 -0.131144 0.108172 0.6300 0.6600 0.7100
v -0.039140 -0.129441 0.107166 0.6300 0.6600 0.7100
v -0.043353 -0.129110 0.108162 0.6300 0.6600 0.7100
v -0.042313 -0.128435 0.107173 0.6300 0.6600 0.7100
v -0.045908 -0.127190 0.107181 0.6300 0.6600 0.7100
v -0.055008 -0.123518 0.107211 0.6300 0.6600 0.7100
v -0.052023 -0.124808 0.107200 0.6300 0.6600 0.7100
v -0.058877 -0.121717 0.107226 0.6300 0.6600 0.7100
v -0.066440 -0.117753 0.107263 0.6300 0.6600 0.7100
v -0.069323 -0.116076 0.107279 0.6300 0.6600 0.7100
v -0.012483 0.108735 0.459721 0.6300 0.6600 0.7100
v -0.005591 0.085862 0.461466 0.6300 0.6600 0.7100
v -0.026241 0.109875 0.457739 0.6300 0.6600 0.7100
v -0.012518 0.086682 0.460964 0.6300 0.6600 0.7100
v -0.026342 0.088395 0.458915 0.6300 0.6600 0.7100
v -0.052995 0.112369 0.449677 0.6300 0.6600 0.7100
v -0.002151 0.018094 0.466631 0.6300 0.6600 0.7100
v -0.005639 0.018908 0.466466 0.6300 0.6600 0.7100
v -0.053270 0.092132 0.450648 0.6300 0.6600 0.7100
v -0.012637 0.020568 0.465861 0.6300 0.6600 0.7100
v -0.077682 0.115151 0.436420 0.6300 0.6600 0.7100
v -0.026641 0.024023 0.463547 0.6300 0.6600 0.7100
v -0.078105 0.096291 0.437104 0.6300 0.6600 0.7100
v -0.099181 0.118200 0.418575 0.6300 0.6600 0.7100
v -0.053971 0.031534 0.454510 0.6300 0.6600 0.7100
v -0.099655 0.100840 0.418939 0.6300 0.6600 0.7100
v -0.079082 0.039874 0.439933 0.6300 0.6600 0.7100
v -0.100640 0.048978 0.420638 0.6300 0.6600 0.7100
v -0.080658 -0.035791 0.442011 0.6300 0.6600 0.7100
v -0.102102 -0.020458 0.420690 0.6300 0.6600 0.7100
v -0.002203 -0.198758 0.164736 0.6300 0.6600 0.7100
v -0.005765 -0.198337 0.164204 0.6300 0.6600 0.7100
v -0.104714 -0.147609 0.275584 0.6300 0.6600 0.7100
v -0.012869 -0.197103 0.163211 0.6300 0.6600 0.7100
v -0.104192 -0.147545 0.262210 0.6300 0.6600 0.7100
v -0.026924 -0.193097 0.161503 0.6300 0.6600 0.7100
v -0.002086 -0.171039 0.127940 0.6300 0.6600 0.7100
v -0.005462 -0.170543 0.127630 0.6300 0.6600 0.7100
v -0.012210 -0.169269 0.127075 0.6300 0.6600 0.7100
v -0.000391 -0.151741 0.115411 0.6300 0.6600 0.7100
v -0.002046 -0.151589 0.115346 0.6300 0.6600 0.7100
v -0.005356 -0.151224 0.115221 0.6300 0.6600 0.7100
v -0.080368 -0.170514 0.195041 0.6300 0.6600 0.7100
v -0.053827 -0.179244 0.158962 0.6300 0.6600 0.7100
v -0.025622 -0.165604 0.126213 0.6300 0.6600 0.7100
v -0.011972 -0.150252 0.114998 0.6300 0.6600 0.7100
v -0.011936 -0.136059 0.108279 0.6300 0.6600 0.7100
v -0.011992 -0.134736 0.107160 0.6300 0.6600 0.7100
v -0.025129 -0.147337 0.114663 0.6300 0.6600 0.7100
v -0.100802 -0.141385 0.190675 0.6300 0.6600 0.7100
v -0.078074 -0.158433 0.157212 0.6300 0.6600 0.7100
v -0.051599 -0.153919 0.125326 0.6300 0.6600 0.7100
v -0.025148 -0.132889 0.107152 0.6300 0.6600 0.7100
v -0.025039 -0.134098 0.108210 0.6300 0.6600 0.7100
v -0.050679 -0.137691 0.114373 0.6300 0.6600 0.7100
v -0.098640 -0.131965 0.155876 0.6300 0.6600 0.7100
v -0.075504 -0.136809 0.125308 0.6300 0.6600 0.7100
v -0.096304 -0.114966 0.125888 0.6300 0.6600 0.7100
v -0.074227 -0.112999 0.107309 0.6300 0.6600 0.7100
v -0.095237 -0.104341 0.115058 0.6300 0.6600 0.7100
v -0.094950 -0.096211 0.107476 0.6300 0.6600 0.7100
v -0.129545 0.088514 0.373224 0.6300 0.6600 0.7100
v -0.137048 0.105201 0.347352 0.6300 0.6600 0.7100
v -0.122776 0.034634 0.389287 0.6300 0.6600 0.7100
v -0.130103 0.058847 0.372371 0.6300 0.6600 0.7100
v -0.130384 0.030883 0.371026 0.6300 0.6600 0.7100
v -0.130503 0.018665 0.369694 0.6300 0.6600 0.7100
v -0.135691 0.039068 0.352757 0.6300 0.6600 0.7100
v -0.124269 -0.019443 0.381589 0.6300 0.6600 0.7100
v -0.130591 0.009564 0.368250 0.6300 0.6600 0.7100
v -0.130637 0.005043 0.367352 0.6300 0.6600 0.7100
v -0.135765 0.026087 0.350735 0.6300 0.6600 0.7100
v -0.135805 0.017853 0.348865 0.6300 0.6600 0.7100
v -0.131566 -0.015057 0.358632 0.6300 0.6600 0.7100
v -0.126908 -0.039623 0.367984 0.6300 0.6600 0.7100
v -0.131626 -0.019224 0.356819 0.6300 0.6600 0.7100
v -0.136181 0.000639 0.340866 0.6300 0.6600 0.7100
v -0.133264 -0.022020 0.347414 0.6300 0.6600 0.7100
v -0.129191 -0.049423 0.354534 0.6300 0.6600 0.7100
v -0.133331 -0.025795 0.345053 0.6300 0.6600 0.7100
v -0.133432 -0.030444 0.341779 0.6300 0.6600 0.7100
v -0.136903 -0.005590 0.332035 0.6300 0.6600 0.7100
v -0.130334 -0.057138 0.344048 0.6300 0.6600 0.7100
v -0.133965 -0.031764 0.337379 0.6300 0.6600 0.7100
v -0.136911 -0.010588 0.328429 0.6300 0.6600 0.7100
v -0.134057 -0.035184 0.334349 0.6300 0.6600 0.7100
v -0.130993 -0.062454 0.334996 0.6300 0.6600 0.7100
v -0.134157 -0.038492 0.331065 0.6300 0.6600 0.7100
v -0.134506 -0.039802 0.326879 0.6300 0.6600 0.7100
v -0.134592 -0.042977 0.322824 0.6300 0.6600 0.7100
v -0.137157 -0.019633 0.317507 0.6300 0.6600 0.7100
v -0.131146 -0.070123 0.320455 0.6300 0.6600 0.7100
v -0.134767 -0.044745 0.318557 0.6300 0.6600 0.7100
v -0.130755 -0.073937 0.313762 0.6300 0.6600 0.7100
v -0.134786 -0.047391 0.313950 0.6300 0.6600 0.7100
v -0.134736 -0.050362 0.307476 0.6300 0.6600 0.7100
v -0.134631 -0.052136 0.303322 0.6300 0.6600 0.7100
v -0.134270 -0.055266 0.298666 0.6300 0.6600 0.7100
v -0.129418 -0.081046 0.293341 0.6300 0.6600 0.7100
v -0.133738 -0.058428 0.280827 0.6300 0.6600 0.7100
v -0.133114 -0.061618 0.276195 0.6300 0.6600 0.7100
v -0.136698 -0.036984 0.276180 0.6300 0.6600 0.7100
v -0.118488 -0.114419 0.251268 0.6300 0.6600 0.7100
v -0.127780 -0.084629 0.259424 0.6300 0.6600 0.7100
v -0.128077 -0.083419 0.259359 0.6300 0.6600 0.7100
v -0.124677 -0.094779 0.246474 0.6300 0.6600 0.7100
v -0.124334 -0.095920 0.246087 0.6300 0.6600 0.7100
v -0.123996 -0.097006 0.245532 0.6300 0.6600 0.7100
v -0.125020 -0.093600 0.246682 0.6300 0.6600 0.7100
v -0.122988 -0.098990 0.234960 0.6300 0.6600 0.7100
v -0.122649 -0.099980 0.234204 0.6300 0.6600 0.7100
v -0.122328 -0.100879 0.233302 0.6300 0.6600 0.7100
v -0.122031 -0.101670 0.232269 0.6300 0.6600 0.7100
v -0.121765 -0.102334 0.231128 0.6300 0.6600 0.7100
v -0.121536 -0.102863 0.229897 0.6300 0.6600 0.7100
v -0.121357 -0.103230 0.228662 0.6300 0.6600 0.7100
v -0.026647 -0.137708 0.110359 0.6300 0.6600 0.7100
v -0.045689 -0.131723 0.110238 0.6300 0.6600 0.7100
v -0.120011 -0.101428 0.197305 0.6300 0.6600 0.7100
v -0.119867 -0.101557 0.196067 0.6300 0.6600 0.7100
v -0.119764 -0.101560 0.194821 0.6300 0.6600 0.7100
v -0.119705 -0.101436 0.193583 0.6300 0.6600 0.7100
v -0.050646 -0.125374 0.107195 0.6300 0.6600 0.7100
v -0.050470 -0.126410 0.108161 0.6300 0.6600 0.7100
v -0.113938 -0.112026 0.178296 0.6300 0.6600 0.7100
v -0.119723 -0.100811 0.191198 0.6300 0.6600 0.7100
v -0.119798 -0.100325 0.190082 0.6300 0.6600 0.7100
v -0.119914 -0.099733 0.189040 0.6300 0.6600 0.7100
v -0.119692 -0.101184 0.192371 0.6300 0.6600 0.7100
v -0.120072 -0.099044 0.188089 0.6300 0.6600 0.7100
v -0.074368 -0.123207 0.114520 0.6300 0.6600 0.7100
v -0.119307 -0.096829 0.172637 0.6300 0.6600 0.7100
v -0.119508 -0.096031 0.171840 0.6300 0.6600 0.7100
v -0.119744 -0.095167 0.171167 0.6300 0.6600 0.7100
v -0.120013 -0.094250 0.170626 0.6300 0.6600 0.7100
v -0.124447 -0.082354 0.176533 0.6300 0.6600 0.7100
v -0.124687 -0.081263 0.175569 0.6300 0.6600 0.7100
v -0.124964 -0.080080 0.174766 0.6300 0.6600 0.7100
v -0.122992 -0.077557 0.148205 0.6300 0.6600 0.7100
v 0.006000 -0.135536 0.107575 0.6300 0.6600 0.7100
v 0.006000 -0.134867 0.107575 0.6300 0.6600 0.7100
v 0.006000 -0.135030 0.107008 0.6300 0.6600 0.7100
v 0.006000 -0.134867 0.106484 0.6300 0.6600 0.7100
v -0.126457 -0.047397 0.107575 0.6300 0.6600 0.7100
v -0.126412 -0.047382 0.107575 0.6300 0.6600 0.7100
v -0.126412 -0.047382 0.106501 0.6300 0.6600 0.7100
v -0.084127 0.105583 0.106475 0.6300 0.6600 0.7100
v -0.084127 0.105583 0.107575 0.6300 0.6600 0.7100
v -0.084132 0.105590 0.107575 0.6300 0.6600 0.7100
v 0.074418 0.112636 0.106475 0.6300 0.6600 0.7100
v 0.074418 0.112636 0.107575 0.6300 0.6600 0.7100
v 0.074423 0.112643 0.107575 0.6300 0.6600 0.7100
v 0.130149 -0.035979 0.107575 0.6300 0.6600 0.7100
v 0.130120 -0.035970 0.107575 0.6300 0.6600 0.7100
v 0.130120 -0.035970 0.106502 0.6300 0.6600 0.7100
v 0.123645 -0.040148 0.113575 0.6300 0.6600 0.7100
v 0.128401 -0.041692 0.113575 0.6300 0.6600 0.7100
v 0.123354 -0.041043 0.113505 0.6300 0.6600 0.7100
v 0.123070 -0.041917 0.113288 0.6300 0.6600 0.7100
v 0.122801 -0.042748 0.112929 0.6300 0.6600 0.7100
v 0.122551 -0.043514 0.112438 0.6300 0.6600 0.7100
v 0.122329 -0.044199 0.111827 0.6300 0.6600 0.7100
v 0.122139 -0.044783 0.111110 0.6300 0.6600 0.7100
v 0.121986 -0.045253 0.110306 0.6300 0.6600 0.7100
v 0.121874 -0.045598 0.109434 0.6300 0.6600 0.7100
v 0.121806 -0.045808 0.108516 0.6300 0.6600 0.7100
v 0.121783 -0.045879 0.107575 0.6300 0.6600 0.7100
v 0.126457 -0.047397 0.107575 0.6300 0.6600 0.7100
v 0.126552 -0.047373 0.108363 0.6300 0.6600 0.7100
v 0.126701 -0.047259 0.109130 0.6300 0.6600 0.7100
v 0.126894 -0.047058 0.109868 0.6300 0.6600 0.7100
v 0.127118 -0.046770 0.110566 0.6300 0.6600 0.7100
v 0.127365 -0.046399 0.111213 0.6300 0.6600 0.7100
v 0.127621 -0.045945 0.111801 0.6300 0.6600 0.7100
v 0.127882 -0.045413 0.112317 0.6300 0.6600 0.7100
v 0.128145 -0.044814 0.112753 0.6300 0.6600 0.7100
v 0.128405 -0.044158 0.113103 0.6300 0.6600 0.7100
v 0.128660 -0.043458 0.113361 0.6300 0.6600 0.7100
v 0.128905 -0.042723 0.113520 0.6300 0.6600 0.7100
v 0.129136 -0.041966 0.113575 0.6300 0.6600 0.7100
v 0.129349 -0.041203 0.113522 0.6300 0.6600 0.7100
v 0.129542 -0.040453 0.113366 0.6300 0.6600 0.7100
v 0.129712 -0.039727 0.113111 0.6300 0.6600 0.7100
v 0.129860 -0.039036 0.112765 0.6300 0.6600 0.7100
v 0.129983 -0.038391 0.112332 0.6300 0.6600 0.7100
v 0.130080 -0.037805 0.111818 0.6300 0.6600 0.7100
v 0.130149 -0.037287 0.111230 0.6300 0.6600 0.7100
v 0.130191 -0.036845 0.110580 0.6300 0.6600 0.7100
v 0.130208 -0.036487 0.109879 0.6300 0.6600 0.7100
v 0.130205 -0.036218 0.109137 0.6300 0.6600 0.7100
v 0.130184 -0.036047 0.108365 0.6300 0.6600 0.7100
v 0.130149 -0.035979 0.107575 0.6300 0.6600 0.7100
v 0.130120 -0.035970 0.107575 0.6300 0.6600 0.7100
v 0.130106 -0.036021 0.108361 0.6300 0.6600 0.7100
v 0.130064 -0.036171 0.109130 0.6300 0.6600 0.7100
v 0.129997 -0.036415 0.109871 0.6300 0.6600 0.7100
v 0.129903 -0.036747 0.110572 0.6300 0.6600 0.7100
v 0.129785 -0.037162 0.111222 0.6300 0.6600 0.7100
v 0.129642 -0.037654 0.111810 0.6300 0.6600 0.7100
v 0.129477 -0.038218 0.112324 0.6300 0.6600 0.7100
v 0.129291 -0.038842 0.112758 0.6300 0.6600 0.7100
v 0.129087 -0.039513 0.113105 0.6300 0.6600 0.7100
v 0.128869 -0.040220 0.113360 0.6300 0.6600 0.7100
v 0.128639 -0.040951 0.113519 0.6300 0.6600 0.7100
v 0.000000 -0.147849 0.113575 0.6300 0.6600 0.7100
v 0.000505 -0.147800 0.113553 0.6300 0.6600 0.7100
v 0.001011 -0.147653 0.113488 0.6300 0.6600 0.7100
v 0.001682 -0.147304 0.113334 0.6300 0.6600 0.7100
v 0.002272 -0.146836 0.113129 0.6300 0.6600 0.7100
v 0.002938 -0.146097 0.112807 0.6300 0.6600 0.7100
v 0.003815 -0.144716 0.112210 0.6300 0.6600 0.7100
v 0.004391 -0.143453 0.111667 0.6300 0.6600 0.7100
v 0.004919 -0.141940 0.111012 0.6300 0.6600 0.7100
v 0.005608 -0.139070 0.109708 0.6300 0.6600 0.7100
v 0.005888 -0.137237 0.108774 0.6300 0.6600 0.7100
v 0.005974 -0.136310 0.108191 0.6300 0.6600 0.7100
v 0.006000 -0.135536 0.107575 0.6300 0.6600 0.7100
v 0.006000 -0.134867 0.107575 0.6300 0.6600 0.7100
v 0.005947 -0.134869 0.108361 0.6300 0.6600 0.7100
v 0.005791 -0.134876 0.109130 0.6300 0.6600 0.7100
v 0.005539 -0.134887 0.109871 0.6300 0.6600 0.7100
v 0.005194 -0.134900 0.110572 0.6300 0.6600 0.7100
v 0.004763 -0.134916 0.111222 0.6300 0.6600 0.7100
v 0.004251 -0.134933 0.111810 0.6300 0.6600 0.7100
v 0.003663 -0.134950 0.112324 0.6300 0.6600 0.7100
v 0.003013 -0.134966 0.112758 0.6300 0.6600 0.7100
v 0.002311 -0.134979 0.113105 0.6300 0.6600 0.7100
v 0.001571 -0.134990 0.113360 0.6300 0.6600 0.7100
v 0.000805 -0.134997 0.113519 0.6300 0.6600 0.7100
v 0.000027 -0.135000 0.113575 0.6300 0.6600 0.7100
v 0.000026 -0.130000 0.113575 0.6300 0.6600 0.7100
v -0.000916 -0.130000 0.113505 0.6300 0.6600 0.7100
v -0.001835 -0.130000 0.113288 0.6300 0.6600 0.7100
v -0.002708 -0.130000 0.112929 0.6300 0.6600 0.7100
v -0.003514 -0.130000 0.112438 0.6300 0.6600 0.7100
v -0.004234 -0.130000 0.111827 0.6300 0.6600 0.7100
v -0.004848 -0.130000 0.111110 0.6300 0.6600 0.7100
v -0.005343 -0.130000 0.110306 0.6300 0.6600 0.7100
v -0.005705 -0.130000 0.109434 0.6300 0.6600 0.7100
v -0.005926 -0.130000 0.108516 0.6300 0.6600 0.7100
v -0.006000 -0.130000 0.107575 0.6300 0.6600 0.7100
v -0.006000 -0.135536 0.107575 0.6300 0.6600 0.7100
v -0.005952 -0.136593 0.108382 0.6300 0.6600 0.7100
v -0.005823 -0.137739 0.109045 0.6300 0.6600 0.7100
v -0.005129 -0.141208 0.110691 0.6300 0.6600 0.7100
v -0.004035 -0.144273 0.112020 0.6300 0.6600 0.7100
v -0.003442 -0.145367 0.112491 0.6300 0.6600 0.7100
v -0.002700 -0.146390 0.112934 0.6300 0.6600 0.7100
v -0.002130 -0.146963 0.113184 0.6300 0.6600 0.7100
v -0.001535 -0.147396 0.113375 0.6300 0.6600 0.7100
v -0.001166 -0.147588 0.113459 0.6300 0.6600 0.7100
v -0.000802 -0.147724 0.113520 0.6300 0.6600 0.7100
v -0.000392 -0.147819 0.113562 0.6300 0.6600 0.7100
v -0.123629 -0.040197 0.113575 0.6300 0.6600 0.7100
v -0.128384 -0.041743 0.113575 0.6300 0.6600 0.7100
v -0.123920 -0.039301 0.113505 0.6300 0.6600 0.7100
v -0.124204 -0.038427 0.113288 0.6300 0.6600 0.7100
v -0.124474 -0.037597 0.112929 0.6300 0.6600 0.7100
v -0.124723 -0.036830 0.112438 0.6300 0.6600 0.7100
v -0.124946 -0.036146 0.111827 0.6300 0.6600 0.7100
v -0.125135 -0.035561 0.111110 0.6300 0.6600 0.7100
v -0.125288 -0.035091 0.110306 0.6300 0.6600 0.7100
v -0.125400 -0.034747 0.109434 0.6300 0.6600 0.7100
v -0.125468 -0.034537 0.108516 0.6300 0.6600 0.7100
v -0.125491 -0.034466 0.107575 0.6300 0.6600 0.7100
v -0.130149 -0.035979 0.107575 0.6300 0.6600 0.7100
v -0.130184 -0.036047 0.108365 0.6300 0.6600 0.7100
v -0.130205 -0.036218 0.109136 0.6300 0.6600 0.7100
v -0.130209 -0.036486 0.109877 0.6300 0.6600 0.7100
v -0.130191 -0.036844 0.110578 0.6300 0.6600 0.7100
v -0.130150 -0.037285 0.111228 0.6300 0.6600 0.7100
v -0.130080 -0.037802 0.111815 0.6300 0.6600 0.7100
v -0.129983 -0.038388 0.112329 0.6300 0.6600 0.7100
v -0.129860 -0.039033 0.112763 0.6300 0.6600 0.7100
v -0.129713 -0.039724 0.113110 0.6300 0.6600 0.7100
v -0.129542 -0.040451 0.113365 0.6300 0.6600 0.7100
v -0.129349 -0.041202 0.113522 0.6300 0.6600 0.7100
v -0.129136 -0.041965 0.113575 0.6300 0.6600 0.7100
v -0.128905 -0.042722 0.113520 0.6300 0.6600 0.7100
v -0.128661 -0.043456 0.113361 0.6300 0.6600 0.7100
v -0.128406 -0.044156 0.113104 0.6300 0.6600 0.7100
v -0.128146 -0.044811 0.112755 0.6300 0.6600 0.7100
v -0.127884 -0.045411 0.112320 0.6300 0.6600 0.7100
v -0.127623 -0.045942 0.111804 0.6300 0.6600 0.7100
v -0.127366 -0.046397 0.111216 0.6300 0.6600 0.7100
v -0.127119 -0.046769 0.110568 0.6300 0.6600 0.7100
v -0.126894 -0.047056 0.109870 0.6300 0.6600 0.7100
v -0.126702 -0.047258 0.109131 0.6300 0.6600 0.7100
v -0.126552 -0.047373 0.108363 0.6300 0.6600 0.7100
v -0.126457 -0.047397 0.107575 0.6300 0.6600 0.7100
v -0.126412 -0.047382 0.107575 0.6300 0.6600 0.7100
v -0.126430 -0.047333 0.108361 0.6300 0.6600 0.7100
v -0.126485 -0.047187 0.109130 0.6300 0.6600 0.7100
v -0.126573 -0.046950 0.109871 0.6300 0.6600 0.7100
v -0.126693 -0.046626 0.110572 0.6300 0.6600 0.7100
v -0.126841 -0.046221 0.111222 0.6300 0.6600 0.7100
v -0.127015 -0.045739 0.111810 0.6300 0.6600 0.7100
v -0.127213 -0.045186 0.112324 0.6300 0.6600 0.7100
v -0.127429 -0.044572 0.112758 0.6300 0.6600 0.7100
v -0.127659 -0.043909 0.113105 0.6300 0.6600 0.7100
v -0.127898 -0.043208 0.113360 0.6300 0.6600 0.7100
v -0.128141 -0.042482 0.113519 0.6300 0.6600 0.7100
v -0.076433 0.105157 0.113575 0.6300 0.6600 0.7100
v -0.079373 0.109202 0.113575 0.6300 0.6600 0.7100
v -0.075671 0.105710 0.113505 0.6300 0.6600 0.7100
v -0.074928 0.106251 0.113288 0.6300 0.6600 0.7100
v -0.074221 0.106764 0.112929 0.6300 0.6600 0.7100
v -0.073569 0.107238 0.112438 0.6300 0.6600 0.7100
v -0.072987 0.107661 0.111827 0.6300 0.6600 0.7100
v -0.072490 0.108022 0.111110 0.6300 0.6600 0.7100
v -0.072090 0.108312 0.110306 0.6300 0.6600 0.7100
v -0.071797 0.108525 0.109434 0.6300 0.6600 0.7100
v -0.071618 0.108655 0.108516 0.6300 0.6600 0.7100
v -0.071558 0.108699 0.107575 0.6300 0.6600 0.7100
v -0.074423 0.112643 0.107575 0.6300 0.6600 0.7100
v -0.074475 0.112623 0.108363 0.6300 0.6600 0.7100
v -0.074613 0.112547 0.109133 0.6300 0.6600 0.7100
v -0.074833 0.112419 0.109875 0.6300 0.6600 0.7100
v -0.075130 0.112239 0.110577 0.6300 0.6600 0.7100
v -0.075498 0.112009 0.111228 0.6300 0.6600 0.7100
v -0.075932 0.111732 0.111816 0.6300 0.6600 0.7100
v -0.076425 0.111410 0.112330 0.6300 0.6600 0.7100
v -0.076968 0.111049 0.112764 0.6300 0.6600 0.7100
v -0.077550 0.110655 0.113110 0.6300 0.6600 0.7100
v -0.078161 0.110233 0.113365 0.6300 0.6600 0.7100
v -0.078792 0.109789 0.113522 0.6300 0.6600 0.7100
v -0.079432 0.109329 0.113575 0.6300 0.6600 0.7100
v -0.080068 0.108863 0.113522 0.6300 0.6600 0.7100
v -0.080685 0.108401 0.113365 0.6300 0.6600 0.7100
v -0.081275 0.107952 0.113112 0.6300 0.6600 0.7100
v -0.081830 0.107521 0.112766 0.6300 0.6600 0.7100
v -0.082341 0.107117 0.112333 0.6300 0.6600 0.7100
v -0.082800 0.106748 0.111819 0.6300 0.6600 0.7100
v -0.083198 0.106421 0.111231 0.6300 0.6600 0.7100
v -0.083530 0.106141 0.110579 0.6300 0.6600 0.7100
v -0.083793 0.105913 0.109877 0.6300 0.6600 0.7100
v -0.083983 0.105743 0.109134 0.6300 0.6600 0.7100
v -0.084097 0.105633 0.108363 0.6300 0.6600 0.7100
v -0.084132 0.105590 0.107575 0.6300 0.6600 0.7100
v -0.084127 0.105583 0.107575 0.6300 0.6600 0.7100
v -0.084085 0.105616 0.108361 0.6300 0.6600 0.7100
v -0.083964 0.105713 0.109130 0.6300 0.6600 0.7100
v -0.083765 0.105870 0.109871 0.6300 0.6600 0.7100
v -0.083494 0.106084 0.110572 0.6300 0.6600 0.7100
v -0.083155 0.106350 0.111222 0.6300 0.6600 0.7100
v -0.082750 0.106665 0.111810 0.6300 0.6600 0.7100
v -0.082285 0.107024 0.112324 0.6300 0.6600 0.7100
v -0.081768 0.107419 0.112758 0.6300 0.6600 0.7100
v -0.081208 0.107842 0.113105 0.6300 0.6600 0.7100
v -0.080616 0.108286 0.113360 0.6300 0.6600 0.7100
v -0.080001 0.108742 0.113519 0.6300 0.6600 0.7100
v 0.076391 0.105187 0.113575 0.6300 0.6600 0.7100
v 0.079329 0.109233 0.113575 0.6300 0.6600 0.7100
v 0.077153 0.104634 0.113505 0.6300 0.6600 0.7100
v 0.077896 0.104094 0.113288 0.6300 0.6600 0.7100
v 0.078603 0.103581 0.112929 0.6300 0.6600 0.7100
v 0.079255 0.103107 0.112438 0.6300 0.6600 0.7100
v 0.079837 0.102684 0.111827 0.6300 0.6600 0.7100
v 0.080334 0.102323 0.111110 0.6300 0.6600 0.7100
v 0.080734 0.102032 0.110306 0.6300 0.6600 0.7100
v 0.081027 0.101819 0.109434 0.6300 0.6600 0.7100
v 0.081206 0.101689 0.108516 0.6300 0.6600 0.7100
v 0.081266 0.101645 0.107575 0.6300 0.6600 0.7100
v 0.084132 0.105590 0.107575 0.6300 0.6600 0.7100
v 0.084097 0.105633 0.108363 0.6300 0.6600 0.7100
v 0.083984 0.105742 0.109133 0.6300 0.6600 0.7100
v 0.083794 0.105913 0.109875 0.6300 0.6600 0.7100
v 0.083531 0.106140 0.110577 0.6300 0.6600 0.7100
v 0.083200 0.106419 0.111227 0.6300 0.6600 0.7100
v 0.082802 0.106746 0.111816 0.6300 0.6600 0.7100
v 0.082343 0.107115 0.112330 0.6300 0.6600 0.7100
v 0.081832 0.107519 0.112764 0.6300 0.6600 0.7100
v 0.081276 0.107950 0.113110 0.6300 0.6600 0.7100
v 0.080685 0.108401 0.113365 0.6300 0.6600 0.7100
v 0.080068 0.108863 0.113522 0.6300 0.6600 0.7100
v 0.079432 0.109329 0.113575 0.6300 0.6600 0.7100
v 0.078792 0.109789 0.113522 0.6300 0.6600 0.7100
v 0.078162 0.110232 0.113365 0.6300 0.6600 0.7100
v 0.077551 0.110654 0.113112 0.6300 0.6600 0.7100
v 0.076970 0.111048 0.112766 0.6300 0.6600 0.7100
v 0.076428 0.111409 0.112333 0.6300 0.6600 0.7100
v 0.075934 0.111731 0.111819 0.6300 0.6600 0.7100
v 0.075500 0.112008 0.111231 0.6300 0.6600 0.7100
v 0.075131 0.112238 0.110579 0.6300 0.6600 0.7100
v 0.074834 0.112418 0.109877 0.6300 0.6600 0.7100
v 0.074613 0.112547 0.109134 0.6300 0.6600 0.7100
v 0.074475 0.112623 0.108363 0.6300 0.6600 0.7100
v 0.074423 0.112643 0.107575 0.6300 0.6600 0.7100
v 0.074418 0.112636 0.107575 0.6300 0.6600 0.7100
v 0.074463 0.112607 0.108361 0.6300 0.6600 0.7100
v 0.074593 0.112521 0.109130 0.6300 0.6600 0.7100
v 0.074804 0.112381 0.109871 0.6300 0.6600 0.7100
v 0.075090 0.112190 0.110572 0.6300 0.6600 0.7100
v 0.075448 0.111949 0.111222 0.6300 0.6600 0.7100
v 0.075873 0.111662 0.111810 0.6300 0.6600 0.7100
v 0.076358 0.111330 0.112324 0.6300 0.6600 0.7100
v 0.076894 0.110960 0.112758 0.6300 0.6600 0.7100
v 0.077470 0.110559 0.113105 0.6300 0.6600 0.7100
v 0.078075 0.110133 0.113360 0.6300 0.6600 0.7100
v 0.078698 0.109688 0.113519 0.6300 0.6600 0.7100
v 0.074418 0.112636 0.098575 0.6300 0.6600 0.7100
v 0.074418 0.112636 0.106475 0.6300 0.6600 0.7100
v 0.074374 0.112666 0.098575 0.6300 0.6600 0.7100
v -0.074418 0.112636 0.098575 0.6300 0.6600 0.7100
v -0.054457 0.123526 0.098575 0.6300 0.6600 0.7100
v -0.042203 0.128233 0.098575 0.6300 0.6600 0.7100
v -0.029549 0.131725 0.098575 0.6300 0.6600 0.7100
v -0.012697 0.134400 0.098575 0.6300 0.6600 0.7100
v 0.000416 0.134999 0.098575 0.6300 0.6600 0.7100
v 0.014793 0.134185 0.098575 0.6300 0.6600 0.7100
v 0.029001 0.131847 0.098575 0.6300 0.6600 0.7100
v 0.041670 0.128408 0.098575 0.6300 0.6600 0.7100
v 0.056525 0.122594 0.098575 0.6300 0.6600 0.7100
v 0.065637 0.117968 0.098575 0.6300 0.6600 0.7100
v -0.074418 0.112636 0.106475 0.6300 0.6600 0.7100
v 0.000000 0.135000 0.106475 0.6300 0.6600 0.7100
v -0.023525 0.132932 0.106475 0.6300 0.6600 0.7100
v -0.036330 0.130020 0.106475 0.6300 0.6600 0.7100
v -0.048790 0.125874 0.106475 0.6300 0.6600 0.7100
v -0.060934 0.120463 0.106475 0.6300 0.6600 0.7100
v -0.067790 0.116745 0.106475 0.6300 0.6600 0.7100
v 0.053651 0.123879 0.106475 0.6300 0.6600 0.7100
v 0.041362 0.128507 0.106475 0.6300 0.6600 0.7100
v 0.028680 0.131917 0.106475 0.6300 0.6600 0.7100
v 0.015565 0.134097 0.106475 0.6300 0.6600 0.7100
v 0.007796 0.134774 0.106475 0.6300 0.6600 0.7100
v -0.084127 0.105583 0.106475 0.6300 0.6600 0.7100
v -0.084127 0.105583 0.098575 0.6300 0.6600 0.7100
v -0.084168 0.105549 0.098575 0.6300 0.6600 0.7100
v -0.100688 0.089924 0.098575 0.6300 0.6600 0.7100
v -0.108947 0.079721 0.098575 0.6300 0.6600 0.7100
v -0.116174 0.068762 0.098575 0.6300 0.6600 0.7100
v -0.123919 0.053558 0.098575 0.6300 0.6600 0.7100
v -0.128537 0.041270 0.098575 0.6300 0.6600 0.7100
v -0.132199 0.027344 0.098575 0.6300 0.6600 0.7100
v -0.134361 0.013108 0.098575 0.6300 0.6600 0.7100
v -0.135000 -0.000004 0.098575 0.6300 0.6600 0.7100
v -0.134055 -0.015928 0.098575 0.6300 0.6600 0.7100
v -0.132467 -0.026023 0.098575 0.6300 0.6600 0.7100
v -0.130120 -0.035970 0.098575 0.6300 0.6600 0.7100
v -0.130120 -0.035970 0.106475 0.6300 0.6600 0.7100
v -0.133487 -0.020152 0.106475 0.6300 0.6600 0.7100
v -0.134621 -0.010104 0.106475 0.6300 0.6600 0.7100
v -0.135000 0.000000 0.106475 0.6300 0.6600 0.7100
v -0.098921 0.091851 0.106475 0.6300 0.6600 0.7100
v -0.111512 0.076073 0.106475 0.6300 0.6600 0.7100
v -0.121618 0.058600 0.106475 0.6300 0.6600 0.7100
v -0.128986 0.039807 0.106475 0.6300 0.6600 0.7100
v -0.133480 0.020128 0.106475 0.6300 0.6600 0.7100
v -0.006000 -0.134867 0.106475 0.6300 0.6600 0.7100
v -0.028550 -0.131944 0.106475 0.6300 0.6600 0.7100
v -0.041235 -0.128548 0.106475 0.6300 0.6600 0.7100
v -0.053529 -0.123933 0.106475 0.6300 0.6600 0.7100
v -0.068734 -0.116190 0.106475 0.6300 0.6600 0.7100
v -0.079698 -0.108964 0.106475 0.6300 0.6600 0.7100
v -0.090849 -0.099854 0.106475 0.6300 0.6600 0.7100
v -0.100969 -0.089610 0.106475 0.6300 0.6600 0.7100
v -0.109198 -0.079377 0.106475 0.6300 0.6600 0.7100
v -0.117802 -0.065931 0.106475 0.6300 0.6600 0.7100
v -0.122458 -0.056820 0.106475 0.6300 0.6600 0.7100
v -0.126412 -0.047382 0.106475 0.6300 0.6600 0.7100
v -0.126412 -0.047382 0.098575 0.6300 0.6600 0.7100
v -0.126393 -0.047432 0.098575 0.6300 0.6600 0.7100
v -0.116637 -0.067972 0.098575 0.6300 0.6600 0.7100
v -0.109486 -0.078980 0.098575 0.6300 0.6600 0.7100
v -0.101296 -0.089239 0.098575 0.6300 0.6600 0.7100
v -0.089230 -0.101304 0.098575 0.6300 0.6600 0.7100
v -0.078970 -0.109493 0.098575 0.6300 0.6600 0.7100
v -0.066858 -0.117279 0.098575 0.6300 0.6600 0.7100
v -0.053986 -0.123734 0.098575 0.6300 0.6600 0.7100
v -0.041714 -0.128394 0.098575 0.6300 0.6600 0.7100
v -0.026277 -0.132415 0.098575 0.6300 0.6600 0.7100
v -0.016185 -0.134025 0.098575 0.6300 0.6600 0.7100
v -0.006000 -0.134867 0.098575 0.6300 0.6600 0.7100
v -0.084127 0.105583 0.106475 0.6300 0.6600 0.7100
v -0.084132 0.105590 0.107575 0.6300 0.6600 0.7100
v -0.098921 0.091851 0.106475 0.6300 0.6600 0.7100
v -0.111512 0.076073 0.106475 0.6300 0.6600 0.7100
v -0.121618 0.058600 0.106475 0.6300 0.6600 0.7100
v -0.128986 0.039807 0.106475 0.6300 0.6600 0.7100
v -0.133480 0.020128 0.106475 0.6300 0.6600 0.7100
v -0.135000 0.000000 0.106475 0.6300 0.6600 0.7100
v -0.139154 0.148600 0.319475 0.6300 0.6600 0.7100
v -0.140162 0.075368 0.318562 0.6300 0.6600 0.7100
v -0.140391 0.057215 0.316206 0.6300 0.6600 0.7100
v -0.140516 0.043950 0.312637 0.6300 0.6600 0.7100
v -0.140549 0.037582 0.310022 0.6300 0.6600 0.7100
v -0.140554 0.031520 0.306771 0.6300 0.6600 0.7100
v -0.140529 0.025872 0.302843 0.6300 0.6600 0.7100
v -0.140451 0.019477 0.296936 0.6300 0.6600 0.7100
v -0.140355 0.015093 0.291630 0.6300 0.6600 0.7100
v -0.140234 0.011352 0.285858 0.6300 0.6600 0.7100
v -0.140081 0.008075 0.279288 0.6300 0.6600 0.7100
v -0.139908 0.005509 0.272406 0.6300 0.6600 0.7100
v -0.139656 0.003110 0.262924 0.6300 0.6600 0.7100
v -0.138807 0.000464 0.237090 0.6300 0.6600 0.7100
v -0.136731 0.000081 0.184720 0.6300 0.6600 0.7100
v 0.000000 0.148600 0.176902 0.6300 0.6600 0.7100
v -0.017469 0.148600 0.178370 0.6300 0.6600 0.7100
v -0.034557 0.148600 0.182368 0.6300 0.6600 0.7100
v -0.050954 0.148600 0.188332 0.6300 0.6600 0.7100
v -0.066588 0.148600 0.196098 0.6300 0.6600 0.7100
v -0.081275 0.148600 0.205652 0.6300 0.6600 0.7100
v -0.094634 0.148600 0.216813 0.6300 0.6600 0.7100
v -0.106589 0.148600 0.229555 0.6300 0.6600 0.7100
v -0.116923 0.148600 0.243687 0.6300 0.6600 0.7100
v -0.125384 0.148600 0.258883 0.6300 0.6600 0.7100
v -0.131948 0.148600 0.275121 0.6300 0.6600 0.7100
v -0.136433 0.148600 0.291997 0.6300 0.6600 0.7100
v -0.138470 0.148600 0.305621 0.6300 0.6600 0.7100
v 0.000000 0.135000 0.106475 0.6300 0.6600 0.7100
v 0.000000 0.136190 0.130935 0.6300 0.6600 0.7100
v -0.000000 0.140113 0.154994 0.6300 0.6600 0.7100
v 0.000000 0.143510 0.166550 0.6300 0.6600 0.7100
v -0.000000 0.145774 0.172011 0.6300 0.6600 0.7100
v -0.000000 0.147151 0.174646 0.6300 0.6600 0.7100
v -0.023525 0.132932 0.106475 0.6300 0.6600 0.7100
v -0.036330 0.130020 0.106475 0.6300 0.6600 0.7100
v -0.048790 0.125874 0.106475 0.6300 0.6600 0.7100
v -0.060934 0.120463 0.106475 0.6300 0.6600 0.7100
v -0.067790 0.116745 0.106475 0.6300 0.6600 0.7100
v -0.074418 0.112636 0.106475 0.6300 0.6600 0.7100
v -0.074423 0.112643 0.107575 0.6300 0.6600 0.7100
v -0.074475 0.112623 0.108363 0.6300 0.6600 0.7100
v -0.074613 0.112547 0.109133 0.6300 0.6600 0.7100
v -0.074833 0.112419 0.109875 0.6300 0.6600 0.7100
v -0.075130 0.112239 0.110577 0.6300 0.6600 0.7100
v -0.075498 0.112009 0.111228 0.6300 0.6600 0.7100
v -0.075932 0.111732 0.111816 0.6300 0.6600 0.7100
v -0.076425 0.111410 0.112330 0.6300 0.6600 0.7100
v -0.076968 0.111049 0.112764 0.6300 0.6600 0.7100
v -0.077550 0.110655 0.113110 0.6300 0.6600 0.7100
v -0.078161 0.110233 0.113365 0.6300 0.6600 0.7100
v -0.078792 0.109789 0.113522 0.6300 0.6600 0.7100
v -0.079432 0.109329 0.113575 0.6300 0.6600 0.7100
v -0.080068 0.108863 0.113522 0.6300 0.6600 0.7100
v -0.080685 0.108401 0.113365 0.6300 0.6600 0.7100
v -0.081275 0.107952 0.113112 0.6300 0.6600 0.7100
v -0.081830 0.107521 0.112766 0.6300 0.6600 0.7100
v -0.082341 0.107117 0.112333 0.6300 0.6600 0.7100
v -0.082800 0.106748 0.111819 0.6300 0.6600 0.7100
v -0.083198 0.106421 0.111231 0.6300 0.6600 0.7100
v -0.083530 0.106141 0.110579 0.6300 0.6600 0.7100
v -0.083793 0.105913 0.109877 0.6300 0.6600 0.7100
v -0.083983 0.105743 0.109134 0.6300 0.6600 0.7100
v -0.084097 0.105633 0.108363 0.6300 0.6600 0.7100
v -0.129908 0.047722 0.179492 0.6300 0.6600 0.7100
v -0.129445 0.049493 0.180486 0.6300 0.6600 0.7100
v -0.129047 0.051088 0.181755 0.6300 0.6600 0.7100
v -0.128724 0.052495 0.183256 0.6300 0.6600 0.7100
v -0.128482 0.053702 0.184936 0.6300 0.6600 0.7100
v -0.128322 0.054706 0.186736 0.6300 0.6600 0.7100
v -0.128238 0.055528 0.188630 0.6300 0.6600 0.7100
v -0.128233 0.056372 0.191264 0.6300 0.6600 0.7100
v -0.128378 0.056950 0.194312 0.6300 0.6600 0.7100
v -0.128598 0.057072 0.196596 0.6300 0.6600 0.7100
v -0.128923 0.056884 0.198869 0.6300 0.6600 0.7100
v -0.129344 0.056359 0.201043 0.6300 0.6600 0.7100
v -0.129609 0.055927 0.202160 0.6300 0.6600 0.7100
v -0.129900 0.055385 0.203229 0.6300 0.6600 0.7100
v -0.130672 0.053708 0.205641 0.6300 0.6600 0.7100
v -0.131480 0.051651 0.207728 0.6300 0.6600 0.7100
v -0.132292 0.049261 0.209445 0.6300 0.6600 0.7100
v -0.133075 0.046598 0.210742 0.6300 0.6600 0.7100
v -0.133796 0.043757 0.211568 0.6300 0.6600 0.7100
v -0.134441 0.040803 0.211901 0.6300 0.6600 0.7100
v -0.134996 0.037802 0.211721 0.6300 0.6600 0.7100
v -0.135406 0.035154 0.211111 0.6300 0.6600 0.7100
v -0.135702 0.032875 0.210214 0.6300 0.6600 0.7100
v -0.135930 0.030743 0.209004 0.6300 0.6600 0.7100
v -0.136093 0.028806 0.207495 0.6300 0.6600 0.7100
v -0.136196 0.027102 0.205708 0.6300 0.6600 0.7100
v -0.136244 0.025668 0.203692 0.6300 0.6600 0.7100
v -0.136243 0.024542 0.201494 0.6300 0.6600 0.7100
v -0.136197 0.023757 0.199163 0.6300 0.6600 0.7100
v -0.136110 0.023329 0.196737 0.6300 0.6600 0.7100
v -0.135982 0.023256 0.194270 0.6300 0.6600 0.7100
v -0.135814 0.023539 0.191820 0.6300 0.6600 0.7100
v -0.135605 0.024179 0.189444 0.6300 0.6600 0.7100
v -0.135353 0.025155 0.187198 0.6300 0.6600 0.7100
v -0.135056 0.026439 0.185119 0.6300 0.6600 0.7100
v -0.134709 0.028005 0.183244 0.6300 0.6600 0.7100
v -0.134311 0.029824 0.181608 0.6300 0.6600 0.7100
v -0.133862 0.031845 0.180254 0.6300 0.6600 0.7100
v -0.133367 0.034022 0.179201 0.6300 0.6600 0.7100
v -0.132830 0.036311 0.178459 0.6300 0.6600 0.7100
v -0.132256 0.038672 0.178040 0.6300 0.6600 0.7100
v -0.131653 0.041066 0.177951 0.6300 0.6600 0.7100
v -0.131037 0.043451 0.178190 0.6300 0.6600 0.7100
v -0.130463 0.045630 0.178703 0.6300 0.6600 0.7100
v -0.136797 0.142258 0.292436 0.6300 0.6600 0.7100
v -0.137285 0.129665 0.292552 0.6300 0.6600 0.7100
v -0.137460 0.117238 0.292768 0.6300 0.6600 0.7100
v -0.138463 0.084119 0.291720 0.6300 0.6600 0.7100
v -0.116322 0.145985 0.242213 0.6300 0.6600 0.7100
v -0.139277 0.052515 0.280827 0.6300 0.6600 0.7100
v -0.117215 0.138385 0.242103 0.6300 0.6600 0.7100
v -0.117901 0.131169 0.242173 0.6300 0.6600 0.7100
v -0.138670 0.032608 0.251904 0.6300 0.6600 0.7100
v -0.136870 0.027174 0.215928 0.6300 0.6600 0.7100
v -0.078769 0.144973 0.202398 0.6300 0.6600 0.7100
v -0.079555 0.141344 0.201522 0.6300 0.6600 0.7100
v -0.134812 0.026021 0.179412 0.6300 0.6600 0.7100
v -0.121507 0.081103 0.212970 0.6300 0.6600 0.7100
v -0.121890 0.093864 0.233580 0.6300 0.6600 0.7100
v -0.081857 0.132502 0.198803 0.6300 0.6600 0.7100
v -0.120117 0.112198 0.241296 0.6300 0.6600 0.7100
v -0.119187 0.076159 0.186945 0.6300 0.6600 0.7100
v -0.132799 0.025922 0.124641 0.6300 0.6600 0.7100
v -0.027649 0.147152 0.178792 0.6300 0.6600 0.7100
v -0.116469 0.074243 0.160161 0.6300 0.6600 0.7100
v -0.028460 0.143037 0.172454 0.6300 0.6600 0.7100
v -0.083620 0.124217 0.192481 0.6300 0.6600 0.7100
v -0.113159 0.074180 0.119810 0.6300 0.6600 0.7100
v -0.029172 0.139602 0.164633 0.6300 0.6600 0.7100
v -0.112483 0.074751 0.109747 0.6300 0.6600 0.7100
v -0.079064 0.112454 0.143266 0.6300 0.6600 0.7100
v -0.081419 0.114236 0.161273 0.6300 0.6600 0.7100
v -0.029109 0.136711 0.154272 0.6300 0.6600 0.7100
v -0.083410 0.117659 0.178580 0.6300 0.6600 0.7100
v -0.028335 0.134686 0.142739 0.6300 0.6600 0.7100
v -0.075949 0.111853 0.115714 0.6300 0.6600 0.7100
v -0.027500 0.133358 0.130871 0.6300 0.6600 0.7100
v -0.026571 0.132438 0.112644 0.6300 0.6600 0.7100
v -0.026396 0.132401 0.108016 0.6300 0.6600 0.7100
v -0.130936 0.111842 0.266797 0.6300 0.6600 0.7100
v -0.105495 0.105238 0.204374 0.6300 0.6600 0.7100
v -0.136102 0.084463 0.277622 0.6300 0.6600 0.7100
v 0.006000 -0.134867 0.106475 0.6300 0.6600 0.7100
v 0.006000 -0.134867 0.098575 0.6300 0.6600 0.7100
v 0.006053 -0.134864 0.098575 0.6300 0.6600 0.7100
v 0.028602 -0.131933 0.098575 0.6300 0.6600 0.7100
v 0.041282 -0.128533 0.098575 0.6300 0.6600 0.7100
v 0.053569 -0.123915 0.098575 0.6300 0.6600 0.7100
v 0.068772 -0.116167 0.098575 0.6300 0.6600 0.7100
v 0.079731 -0.108940 0.098575 0.6300 0.6600 0.7100
v 0.090879 -0.099827 0.098575 0.6300 0.6600 0.7100
v 0.100996 -0.089580 0.098575 0.6300 0.6600 0.7100
v 0.109219 -0.079348 0.098575 0.6300 0.6600 0.7100
v 0.117814 -0.065910 0.098575 0.6300 0.6600 0.7100
v 0.122464 -0.056809 0.098575 0.6300 0.6600 0.7100
v 0.126412 -0.047382 0.098575 0.6300 0.6600 0.7100
v 0.126412 -0.047382 0.106475 0.6300 0.6600 0.7100
v 0.028550 -0.131944 0.106475 0.6300 0.6600 0.7100
v 0.041235 -0.128548 0.106475 0.6300 0.6600 0.7100
v 0.053529 -0.123933 0.106475 0.6300 0.6600 0.7100
v 0.068734 -0.116190 0.106475 0.6300 0.6600 0.7100
v 0.079699 -0.108964 0.106475 0.6300 0.6600 0.7100
v 0.090850 -0.099853 0.106475 0.6300 0.6600 0.7100
v 0.100969 -0.089609 0.106475 0.6300 0.6600 0.7100
v 0.109199 -0.079376 0.106475 0.6300 0.6600 0.7100
v 0.117803 -0.065931 0.106475 0.6300 0.6600 0.7100
v 0.122459 -0.056820 0.106475 0.6300 0.6600 0.7100
v -0.106546 -0.144573 0.285067 0.6300 0.6600 0.7100
v -0.115887 -0.125586 0.317953 0.6300 0.6600 0.7100
v -0.118539 -0.117778 0.331478 0.6300 0.6600 0.7100
v -0.120087 -0.109864 0.345185 0.6300 0.6600 0.7100
v -0.120260 -0.103304 0.356548 0.6300 0.6600 0.7100
v -0.119307 -0.096782 0.367843 0.6300 0.6600 0.7100
v -0.117492 -0.090960 0.377928 0.6300 0.6600 0.7100
v -0.114806 -0.085165 0.387965 0.6300 0.6600 0.7100
v -0.107066 -0.073970 0.407356 0.6300 0.6600 0.7100
v -0.101984 -0.068657 0.416558 0.6300 0.6600 0.7100
v -0.095941 -0.063540 0.425420 0.6300 0.6600 0.7100
v -0.084194 -0.055979 0.438517 0.6300 0.6600 0.7100
v -0.071175 -0.049915 0.449020 0.6300 0.6600 0.7100
v -0.056443 -0.044952 0.457615 0.6300 0.6600 0.7100
v -0.040431 -0.041209 0.464099 0.6300 0.6600 0.7100
v -0.023316 -0.038725 0.468401 0.6300 0.6600 0.7100
v -0.011838 -0.037831 0.469950 0.6300 0.6600 0.7100
v -0.000000 -0.037521 0.470486 0.6300 0.6600 0.7100
v 0.009668 -0.037728 0.470128 0.6300 0.6600 0.7100
v 0.019112 -0.038329 0.469087 0.6300 0.6600 0.7100
v 0.028282 -0.039299 0.467407 0.6300 0.6600 0.7100
v 0.037464 -0.040674 0.465026 0.6300 0.6600 0.7100
v 0.046282 -0.042403 0.462030 0.6300 0.6600 0.7100
v 0.054696 -0.044468 0.458455 0.6300 0.6600 0.7100
v 0.062803 -0.046889 0.454260 0.6300 0.6600 0.7100
v 0.070465 -0.049635 0.449505 0.6300 0.6600 0.7100
v 0.077633 -0.052684 0.444223 0.6300 0.6600 0.7100
v 0.084329 -0.056052 0.438390 0.6300 0.6600 0.7100
v 0.090427 -0.059673 0.432118 0.6300 0.6600 0.7100
v 0.095907 -0.063514 0.425465 0.6300 0.6600 0.7100
v 0.100777 -0.067546 0.418482 0.6300 0.6600 0.7100
v 0.105079 -0.071757 0.411188 0.6300 0.6600 0.7100
v 0.108845 -0.076130 0.403614 0.6300 0.6600 0.7100
v 0.112066 -0.080585 0.395897 0.6300 0.6600 0.7100
v 0.114776 -0.085110 0.388060 0.6300 0.6600 0.7100
v 0.116976 -0.089686 0.380134 0.6300 0.6600 0.7100
v 0.118656 -0.094339 0.372074 0.6300 0.6600 0.7100
v 0.119768 -0.099051 0.363914 0.6300 0.6600 0.7100
v 0.120285 -0.103789 0.355707 0.6300 0.6600 0.7100
v 0.120213 -0.108497 0.347552 0.6300 0.6600 0.7100
v 0.118306 -0.118601 0.330051 0.6300 0.6600 0.7100
v 0.114667 -0.128526 0.312862 0.6300 0.6600 0.7100
v 0.109820 -0.138554 0.295492 0.6300 0.6600 0.7100
v 0.104383 -0.148408 0.278425 0.6300 0.6600 0.7100
v -0.000000 -0.037580 0.470385 0.6300 0.6600 0.7100
v 0.002434 -0.037593 0.470362 0.6300 0.6600 0.7100
v 0.004866 -0.037632 0.470294 0.6300 0.6600 0.7100
v 0.009720 -0.037789 0.470023 0.6300 0.6600 0.7100
v 0.019343 -0.038407 0.468952 0.6300 0.6600 0.7100
v 0.028832 -0.039429 0.467182 0.6300 0.6600 0.7100
v 0.038096 -0.040843 0.464733 0.6300 0.6600 0.7100
v 0.047027 -0.042629 0.461640 0.6300 0.6600 0.7100
v 0.055615 -0.044781 0.457913 0.6300 0.6600 0.7100
v 0.063859 -0.047302 0.453545 0.6300 0.6600 0.7100
v 0.071661 -0.050172 0.448575 0.6300 0.6600 0.7100
v 0.078898 -0.053342 0.443084 0.6300 0.6600 0.7100
v 0.085559 -0.056801 0.437092 0.6300 0.6600 0.7100
v 0.089437 -0.059112 0.433090 0.6300 0.6600 0.7100
v 0.093093 -0.061533 0.428896 0.6300 0.6600 0.7100
v 0.096503 -0.064046 0.424545 0.6300 0.6600 0.7100
v 0.099651 -0.066625 0.420076 0.6300 0.6600 0.7100
v 0.103094 -0.069801 0.414576 0.6300 0.6600 0.7100
v 0.106202 -0.073064 0.408925 0.6300 0.6600 0.7100
v 0.109324 -0.076830 0.402401 0.6300 0.6600 0.7100
v 0.112072 -0.080678 0.395736 0.6300 0.6600 0.7100
v 0.114443 -0.084575 0.388987 0.6300 0.6600 0.7100
v 0.116427 -0.088516 0.382160 0.6300 0.6600 0.7100
v 0.118018 -0.092500 0.375261 0.6300 0.6600 0.7100
v 0.119206 -0.096524 0.368291 0.6300 0.6600 0.7100
v 0.119967 -0.100593 0.361242 0.6300 0.6600 0.7100
v 0.120286 -0.104674 0.354174 0.6300 0.6600 0.7100
v 0.119034 -0.115791 0.334919 0.6300 0.6600 0.7100
v 0.115409 -0.126760 0.315920 0.6300 0.6600 0.7100
v 0.110298 -0.137634 0.297086 0.6300 0.6600 0.7100
v -0.111586 -0.135102 0.301472 0.6300 0.6600 0.7100
v -0.115890 -0.125561 0.317998 0.6300 0.6600 0.7100
v -0.118536 -0.117753 0.331520 0.6300 0.6600 0.7100
v -0.120066 -0.109842 0.345224 0.6300 0.6600 0.7100
v -0.120227 -0.103290 0.356571 0.6300 0.6600 0.7100
v -0.119273 -0.096808 0.367799 0.6300 0.6600 0.7100
v -0.117477 -0.091042 0.377785 0.6300 0.6600 0.7100
v -0.114844 -0.085338 0.387665 0.6300 0.6600 0.7100
v -0.111412 -0.079704 0.397424 0.6300 0.6600 0.7100
v -0.107215 -0.074227 0.406910 0.6300 0.6600 0.7100
v -0.102229 -0.068965 0.416024 0.6300 0.6600 0.7100
v -0.096361 -0.063936 0.424735 0.6300 0.6600 0.7100
v -0.093071 -0.061518 0.428923 0.6300 0.6600 0.7100
v -0.089525 -0.059168 0.432992 0.6300 0.6600 0.7100
v -0.083742 -0.055802 0.438824 0.6300 0.6600 0.7100
v -0.077493 -0.052685 0.444222 0.6300 0.6600 0.7100
v -0.070805 -0.049832 0.449164 0.6300 0.6600 0.7100
v -0.063668 -0.047239 0.453655 0.6300 0.6600 0.7100
v -0.056099 -0.044916 0.457678 0.6300 0.6600 0.7100
v -0.048226 -0.042902 0.461166 0.6300 0.6600 0.7100
v -0.040109 -0.041208 0.464101 0.6300 0.6600 0.7100
v -0.031745 -0.039828 0.466491 0.6300 0.6600 0.7100
v -0.023980 -0.038855 0.468175 0.6300 0.6600 0.7100
v -0.016065 -0.038152 0.469394 0.6300 0.6600 0.7100
v -0.008054 -0.037724 0.470135 0.6300 0.6600 0.7100
v -0.004029 -0.037616 0.470323 0.6300 0.6600 0.7100
v -0.002014 -0.037589 0.470370 0.6300 0.6600 0.7100
v 0.000000 0.000000 -0.105525 0.6300 0.6600 0.7100
v -0.005857 -0.172000 0.139970 0.6300 0.6600 0.7100
v -0.007168 -0.172000 0.141103 0.6300 0.6600 0.7100
v -0.008264 -0.172000 0.142445 0.6300 0.6600 0.7100
v -0.009112 -0.172000 0.143956 0.6300 0.6600 0.7100
v -0.009687 -0.172000 0.145591 0.6300 0.6600 0.7100
v -0.009970 -0.172000 0.147301 0.6300 0.6600 0.7100
v -0.009954 -0.172000 0.149033 0.6300 0.6600 0.7100
v -0.009639 -0.172000 0.150737 0.6300 0.6600 0.7100
v -0.009035 -0.172000 0.152361 0.6300 0.6600 0.7100
v -0.008159 -0.172000 0.153857 0.6300 0.6600 0.7100
v -0.007038 -0.172000 0.155179 0.6300 0.6600 0.7100
v -0.005706 -0.172000 0.156287 0.6300 0.6600 0.7100
v -0.004203 -0.172000 0.157149 0.6300 0.6600 0.7100
v -0.002573 -0.172000 0.157738 0.6300 0.6600 0.7100
v -0.000866 -0.172000 0.158037 0.6300 0.6600 0.7100
v 0.000866 -0.172000 0.158037 0.6300 0.6600 0.7100
v 0.002573 -0.172000 0.157738 0.6300 0.6600 0.7100
v 0.004203 -0.172000 0.157149 0.6300 0.6600 0.7100
v 0.005706 -0.172000 0.156287 0.6300 0.6600 0.7100
v 0.007038 -0.172000 0.155179 0.6300 0.6600 0.7100
v 0.008159 -0.172000 0.153857 0.6300 0.6600 0.7100
v 0.009035 -0.172000 0.152361 0.6300 0.6600 0.7100
v 0.009639 -0.172000 0.150737 0.6300 0.6600 0.7100
v 0.009954 -0.172000 0.149033 0.6300 0.6600 0.7100
v 0.009970 -0.172000 0.147301 0.6300 0.6600 0.7100
v 0.009687 -0.172000 0.145591 0.6300 0.6600 0.7100
v 0.009112 -0.172000 0.143956 0.6300 0.6600 0.7100
v 0.008264 -0.172000 0.142445 0.6300 0.6600 0.7100
v 0.007168 -0.172000 0.141103 0.6300 0.6600 0.7100
v 0.005857 -0.172000 0.139970 0.6300 0.6600 0.7100
v -0.000000 -0.192313 0.158075 0.6300 0.6600 0.7100
v -0.001131 -0.192244 0.158010 0.6300 0.6600 0.7100
v -0.002228 -0.192045 0.157822 0.6300 0.6600 0.7100
v -0.003273 -0.191729 0.157523 0.6300 0.6600 0.7100
v -0.004251 -0.191310 0.157126 0.6300 0.6600 0.7100
v -0.005144 -0.190808 0.156651 0.6300 0.6600 0.7100
v -0.005952 -0.190239 0.156112 0.6300 0.6600 0.7100
v -0.006902 -0.189395 0.155312 0.6300 0.6600 0.7100
v -0.007804 -0.188361 0.154331 0.6300 0.6600 0.7100
v -0.008539 -0.187262 0.153289 0.6300 0.6600 0.7100
v -0.009113 -0.186111 0.152202 0.6300 0.6600 0.7100
v -0.009648 -0.184518 0.150707 0.6300 0.6600 0.7100
v -0.009958 -0.182681 0.149001 0.6300 0.6600 0.7100
v -0.009971 -0.180811 0.147297 0.6300 0.6600 0.7100
v -0.009695 -0.178929 0.145622 0.6300 0.6600 0.7100
v -0.009136 -0.177056 0.144007 0.6300 0.6600 0.7100
v -0.008297 -0.175214 0.142480 0.6300 0.6600 0.7100
v -0.007224 -0.173549 0.141153 0.6300 0.6600 0.7100
v 0.007269 -0.173608 0.141199 0.6300 0.6600 0.7100
v 0.008364 -0.175341 0.142583 0.6300 0.6600 0.7100
v 0.009170 -0.177146 0.144084 0.6300 0.6600 0.7100
v 0.009706 -0.178979 0.145666 0.6300 0.6600 0.7100
v 0.009971 -0.180818 0.147303 0.6300 0.6600 0.7100
v 0.009961 -0.182642 0.148965 0.6300 0.6600 0.7100
v 0.009670 -0.184430 0.150624 0.6300 0.6600 0.7100
v 0.009084 -0.186177 0.152265 0.6300 0.6600 0.7100
v 0.008174 -0.187845 0.153842 0.6300 0.6600 0.7100
v 0.006910 -0.189387 0.155304 0.6300 0.6600 0.7100
v 0.005606 -0.190497 0.156357 0.6300 0.6600 0.7100
v 0.004316 -0.191277 0.157096 0.6300 0.6600 0.7100
v 0.003115 -0.191786 0.157577 0.6300 0.6600 0.7100
v 0.001933 -0.192112 0.157885 0.6300 0.6600 0.7100
v 0.000979 -0.192261 0.158026 0.6300 0.6600 0.7100
v -0.000000 -0.172000 0.138075 0.6300 0.6600 0.7100
v -0.001558 -0.172000 0.138197 0.6300 0.6600 0.7100
v -0.003078 -0.172000 0.138560 0.6300 0.6600 0.7100
v -0.004523 -0.172000 0.139156 0.6300 0.6600 0.7100
v -0.005857 -0.172000 0.139970 0.6300 0.6600 0.7100
v 0.005857 -0.172000 0.139970 0.6300 0.6600 0.7100
v 0.004523 -0.172000 0.139156 0.6300 0.6600 0.7100
v 0.003078 -0.172000 0.138560 0.6300 0.6600 0.7100
v 0.001558 -0.172000 0.138197 0.6300 0.6600 0.7100
v -0.007168 -0.172000 0.141103 0.6300 0.6600 0.7100
v -0.008264 -0.172000 0.142445 0.6300 0.6600 0.7100
v -0.009112 -0.172000 0.143956 0.6300 0.6600 0.7100
v -0.009687 -0.172000 0.145591 0.6300 0.6600 0.7100
v -0.009970 -0.172000 0.147301 0.6300 0.6600 0.7100
v -0.009954 -0.172000 0.149033 0.6300 0.6600 0.7100
v -0.009639 -0.172000 0.150737 0.6300 0.6600 0.7100
v -0.009035 -0.172000 0.152361 0.6300 0.6600 0.7100
v -0.008159 -0.172000 0.153857 0.6300 0.6600 0.7100
v -0.007038 -0.172000 0.155179 0.6300 0.6600 0.7100
v -0.005706 -0.172000 0.156287 0.6300 0.6600 0.7100
v -0.004203 -0.172000 0.157149 0.6300 0.6600 0.7100
v -0.002573 -0.172000 0.157738 0.6300 0.6600 0.7100
v -0.000866 -0.172000 0.158037 0.6300 0.6600 0.7100
v 0.000866 -0.172000 0.158037 0.6300 0.6600 0.7100
v 0.002573 -0.172000 0.157738 0.6300 0.6600 0.7100
v 0.004203 -0.172000 0.157149 0.6300 0.6600 0.7100
v 0.005706 -0.172000 0.156287 0.6300 0.6600 0.7100
v 0.007038 -0.172000 0.155179 0.6300 0.6600 0.7100
v 0.008159 -0.172000 0.153857 0.6300 0.6600 0.7100
v 0.009035 -0.172000 0.152361 0.6300 0.6600 0.7100
v 0.009639 -0.172000 0.150737 0.6300 0.6600 0.7100
v 0.009954 -0.172000 0.149033 0.6300 0.6600 0.7100
v 0.009970 -0.172000 0.147301 0.6300 0.6600 0.7100
v 0.009687 -0.172000 0.145591 0.6300 0.6600 0.7100
v 0.009112 -0.172000 0.143956 0.6300 0.6600 0.7100
v 0.008264 -0.172000 0.142445 0.6300 0.6600 0.7100
v 0.007168 -0.172000 0.141103 0.6300 0.6600 0.7100
v -0.006000 -0.134867 0.098575 0.6300 0.6600 0.7100
v -0.006000 -0.134867 0.106475 0.6300 0.6600 0.7100
v -0.006000 -0.135536 0.107575 0.6300 0.6600 0.7100
v -0.006000 -0.135012 0.106979 0.6300 0.6600 0.7100
v -0.006000 -0.130000 0.107575 0.6300 0.6600 0.7100
v -0.006000 -0.130000 0.098575 0.6300 0.6600 0.7100
v -0.006000 -0.130000 0.098575 0.6300 0.6600 0.7100
v 0.000026 -0.130000 0.098575 0.6300 0.6600 0.7100
v -0.006000 -0.130000 0.107575 0.6300 0.6600 0.7100
v 0.000026 -0.130000 0.113575 0.6300 0.6600 0.7100
v -0.000916 -0.130000 0.113505 0.6300 0.6600 0.7100
v -0.001835 -0.130000 0.113288 0.6300 0.6600 0.7100
v -0.002708 -0.130000 0.112929 0.6300 0.6600 0.7100
v -0.003514 -0.130000 0.112438 0.6300 0.6600 0.7100
v -0.004234 -0.130000 0.111827 0.6300 0.6600 0.7100
v -0.004848 -0.130000 0.111110 0.6300 0.6600 0.7100
v -0.005343 -0.130000 0.110306 0.6300 0.6600 0.7100
v -0.005705 -0.130000 0.109434 0.6300 0.6600 0.7100
v -0.005926 -0.130000 0.108516 0.6300 0.6600 0.7100
v -0.130120 -0.035970 0.098575 0.6300 0.6600 0.7100
v -0.130120 -0.035970 0.106475 0.6300 0.6600 0.7100
v -0.130149 -0.035979 0.107575 0.6300 0.6600 0.7100
v -0.125491 -0.034466 0.107575 0.6300 0.6600 0.7100
v -0.125491 -0.034466 0.098575 0.6300 0.6600 0.7100
v -0.125491 -0.034466 0.098575 0.6300 0.6600 0.7100
v -0.123629 -0.040197 0.098575 0.6300 0.6600 0.7100
v -0.125491 -0.034466 0.107575 0.6300 0.6600 0.7100
v -0.123629 -0.040197 0.113575 0.6300 0.6600 0.7100
v -0.123920 -0.039301 0.113505 0.6300 0.6600 0.7100
v -0.124204 -0.038427 0.113288 0.6300 0.6600 0.7100
v -0.124474 -0.037597 0.112929 0.6300 0.6600 0.7100
v -0.124723 -0.036830 0.112438 0.6300 0.6600 0.7100
v -0.124946 -0.036146 0.111827 0.6300 0.6600 0.7100
v -0.125135 -0.035561 0.111110 0.6300 0.6600 0.7100
v -0.125288 -0.035091 0.110306 0.6300 0.6600 0.7100
v -0.125400 -0.034747 0.109434 0.6300 0.6600 0.7100
v -0.125468 -0.034537 0.108516 0.6300 0.6600 0.7100
v -0.074423 0.112643 0.107575 0.6300 0.6600 0.7100
v -0.074418 0.112636 0.106475 0.6300 0.6600 0.7100
v -0.071558 0.108699 0.107575 0.6300 0.6600 0.7100
v -0.071558 0.108699 0.098575 0.6300 0.6600 0.7100
v -0.074418 0.112636 0.098575 0.6300 0.6600 0.7100
v -0.071558 0.108699 0.098575 0.6300 0.6600 0.7100
v -0.076433 0.105157 0.098575 0.6300 0.6600 0.7100
v -0.071558 0.108699 0.107575 0.6300 0.6600 0.7100
v -0.076433 0.105157 0.113575 0.6300 0.6600 0.7100
v -0.075671 0.105710 0.113505 0.6300 0.6600 0.7100
v -0.074928 0.106251 0.113288 0.6300 0.6600 0.7100
v -0.074221 0.106764 0.112929 0.6300 0.6600 0.7100
v -0.073569 0.107238 0.112438 0.6300 0.6600 0.7100
v -0.072987 0.107661 0.111827 0.6300 0.6600 0.7100
v -0.072490 0.108022 0.111110 0.6300 0.6600 0.7100
v -0.072090 0.108312 0.110306 0.6300 0.6600 0.7100
v -0.071797 0.108525 0.109434 0.6300 0.6600 0.7100
v -0.071618 0.108655 0.108516 0.6300 0.6600 0.7100
v 0.084132 0.105590 0.107575 0.6300 0.6600 0.7100
v 0.084127 0.105583 0.106475 0.6300 0.6600 0.7100
v 0.081266 0.101645 0.107575 0.6300 0.6600 0.7100
v 0.081266 0.101645 0.098575 0.6300 0.6600 0.7100
v 0.084127 0.105583 0.098575 0.6300 0.6600 0.7100
v 0.081266 0.101645 0.098575 0.6300 0.6600 0.7100
v 0.076391 0.105187 0.098575 0.6300 0.6600 0.7100
v 0.081266 0.101645 0.107575 0.6300 0.6600 0.7100
v 0.076391 0.105187 0.113575 0.6300 0.6600 0.7100
v 0.077153 0.104634 0.113505 0.6300 0.6600 0.7100
v 0.077896 0.104094 0.113288 0.6300 0.6600 0.7100
v 0.078603 0.103581 0.112929 0.6300 0.6600 0.7100
v 0.079255 0.103107 0.112438 0.6300 0.6600 0.7100
v 0.079837 0.102684 0.111827 0.6300 0.6600 0.7100
v 0.080334 0.102323 0.111110 0.6300 0.6600 0.7100
v 0.080734 0.102032 0.110306 0.6300 0.6600 0.7100
v 0.081027 0.101819 0.109434 0.6300 0.6600 0.7100
v 0.081206 0.101689 0.108516 0.6300 0.6600 0.7100
v 0.126412 -0.047382 0.098575 0.6300 0.6600 0.7100
v 0.126412 -0.047382 0.106475 0.6300 0.6600 0.7100
v 0.126457 -0.047397 0.107575 0.6300 0.6600 0.7100
v 0.121783 -0.045879 0.107575 0.6300 0.6600 0.7100
v 0.121783 -0.045879 0.098575 0.6300 0.6600 0.7100
v 0.121783 -0.045879 0.098575 0.6300 0.6600 0.7100
v 0.123645 -0.040148 0.098575 0.6300 0.6600 0.7100
v 0.121783 -0.045879 0.107575 0.6300 0.6600 0.7100
v 0.123645 -0.040148 0.113575 0.6300 0.6600 0.7100
v 0.123354 -0.041043 0.113505 0.6300 0.6600 0.7100
v 0.123070 -0.041917 0.113288 0.6300 0.6600 0.7100
v 0.122801 -0.042748 0.112929 0.6300 0.6600 0.7100
v 0.122551 -0.043514 0.112438 0.6300 0.6600 0.7100
v 0.122329 -0.044199 0.111827 0.6300 0.6600 0.7100
v 0.122139 -0.044783 0.111110 0.6300 0.6600 0.7100
v 0.121986 -0.045253 0.110306 0.6300 0.6600 0.7100
v 0.121874 -0.045598 0.109434 0.6300 0.6600 0.7100
v 0.121806 -0.045808 0.108516 0.6300 0.6600 0.7100
v -0.079394 0.109186 0.024475 0.6300 0.6600 0.7100
v -0.059560 0.121151 0.024475 0.6300 0.6600 0.7100
v -0.037972 0.129550 0.024475 0.6300 0.6600 0.7100
v -0.015266 0.134134 0.024475 0.6300 0.6600 0.7100
v 0.007889 0.134769 0.024475 0.6300 0.6600 0.7100
v 0.030812 0.131437 0.024475 0.6300 0.6600 0.7100
v 0.052828 0.124235 0.024475 0.6300 0.6600 0.7100
v 0.073288 0.113375 0.024475 0.6300 0.6600 0.7100
v 0.091591 0.099177 0.024475 0.6300 0.6600 0.7100
v 0.107197 0.082059 0.024475 0.6300 0.6600 0.7100
v 0.119648 0.062526 0.024475 0.6300 0.6600 0.7100
v 0.128575 0.041151 0.024475 0.6300 0.6600 0.7100
v 0.133717 0.018565 0.024475 0.6300 0.6600 0.7100
v 0.134923 -0.004567 0.024475 0.6300 0.6600 0.7100
v 0.132156 -0.027566 0.024475 0.6300 0.6600 0.7100
v 0.125498 -0.049752 0.024475 0.6300 0.6600 0.7100
v 0.115145 -0.070474 0.024475 0.6300 0.6600 0.7100
v 0.101403 -0.089121 0.024475 0.6300 0.6600 0.7100
v 0.084674 -0.105144 0.024475 0.6300 0.6600 0.7100
v 0.065453 -0.118071 0.024475 0.6300 0.6600 0.7100
v 0.044305 -0.127523 0.024475 0.6300 0.6600 0.7100
v 0.021853 -0.133220 0.024475 0.6300 0.6600 0.7100
v -0.001243 -0.134994 0.024475 0.6300 0.6600 0.7100
v -0.024302 -0.132795 0.024475 0.6300 0.6600 0.7100
v -0.046646 -0.126685 0.024475 0.6300 0.6600 0.7100
v -0.067617 -0.116846 0.024475 0.6300 0.6600 0.7100
v -0.086596 -0.103567 0.024475 0.6300 0.6600 0.7100
v -0.103027 -0.087238 0.024475 0.6300 0.6600 0.7100
v -0.116424 -0.068341 0.024475 0.6300 0.6600 0.7100
v -0.126393 -0.047432 0.024475 0.6300 0.6600 0.7100
v -0.132405 -0.026341 0.024475 0.6300 0.6600 0.7100
v -0.134923 -0.004554 0.024475 0.6300 0.6600 0.7100
v -0.133880 0.017353 0.024475 0.6300 0.6600 0.7100
v -0.129304 0.038802 0.024475 0.6300 0.6600 0.7100
v -0.121314 0.059227 0.024475 0.6300 0.6600 0.7100
v -0.110123 0.078089 0.024475 0.6300 0.6600 0.7100
v -0.096026 0.094889 0.024475 0.6300 0.6600 0.7100
v -0.000000 0.075000 0.024475 0.6300 0.6600 0.7100
v 0.013024 0.073861 0.024475 0.6300 0.6600 0.7100
v 0.025652 0.070477 0.024475 0.6300 0.6600 0.7100
v 0.037500 0.064952 0.024475 0.6300 0.6600 0.7100
v 0.048209 0.057453 0.024475 0.6300 0.6600 0.7100
v 0.057453 0.048209 0.024475 0.6300 0.6600 0.7100
v 0.064952 0.037500 0.024475 0.6300 0.6600 0.7100
v 0.070477 0.025652 0.024475 0.6300 0.6600 0.7100
v 0.073861 0.013024 0.024475 0.6300 0.6600 0.7100
v 0.075000 0.000000 0.024475 0.6300 0.6600 0.7100
v 0.073861 -0.013024 0.024475 0.6300 0.6600 0.7100
v 0.070477 -0.025652 0.024475 0.6300 0.6600 0.7100
v 0.064952 -0.037500 0.024475 0.6300 0.6600 0.7100
v 0.057453 -0.048209 0.024475 0.6300 0.6600 0.7100
v 0.048209 -0.057453 0.024475 0.6300 0.6600 0.7100
v 0.037500 -0.064952 0.024475 0.6300 0.6600 0.7100
v 0.025652 -0.070477 0.024475 0.6300 0.6600 0.7100
v 0.013024 -0.073861 0.024475 0.6300 0.6600 0.7100
v 0.000000 -0.075000 0.024475 0.6300 0.6600 0.7100
v -0.013024 -0.073861 0.024475 0.6300 0.6600 0.7100
v -0.025652 -0.070477 0.024475 0.6300 0.6600 0.7100
v -0.037500 -0.064952 0.024475 0.6300 0.6600 0.7100
v -0.048209 -0.057453 0.024475 0.6300 0.6600 0.7100
v -0.057453 -0.048209 0.024475 0.6300 0.6600 0.7100
v -0.064952 -0.037500 0.024475 0.6300 0.6600 0.7100
v -0.070477 -0.025652 0.024475 0.6300 0.6600 0.7100
v -0.073861 -0.013024 0.024475 0.6300 0.6600 0.7100
v -0.075000 -0.000000 0.024475 0.6300 0.6600 0.7100
v -0.073861 0.013024 0.024475 0.6300 0.6600 0.7100
v -0.070477 0.025652 0.024475 0.6300 0.6600 0.7100
v -0.064952 0.037500 0.024475 0.6300 0.6600 0.7100
v -0.057453 0.048209 0.024475 0.6300 0.6600 0.7100
v -0.048209 0.057453 0.024475 0.6300 0.6600 0.7100
v -0.037500 0.064952 0.024475 0.6300 0.6600 0.7100
v -0.025652 0.070477 0.024475 0.6300 0.6600 0.7100
v -0.013024 0.073861 0.024475 0.6300 0.6600 0.7100
v 0.081226 0.101678 0.098575 0.6300 0.6600 0.7100
v 0.084085 0.105616 0.098575 0.6300 0.6600 0.7100
v 0.084085 0.105616 0.107575 0.6300 0.6600 0.7100
v 0.081226 0.101678 0.107575 0.6300 0.6600 0.7100
v 0.121801 -0.045830 0.098575 0.6300 0.6600 0.7100
v 0.126430 -0.047332 0.098575 0.6300 0.6600 0.7100
v 0.126430 -0.047332 0.107575 0.6300 0.6600 0.7100
v 0.121801 -0.045830 0.107575 0.6300 0.6600 0.7100
v -0.005949 -0.130002 0.098575 0.6300 0.6600 0.7100
v -0.005947 -0.134869 0.098575 0.6300 0.6600 0.7100
v -0.005947 -0.134869 0.107575 0.6300 0.6600 0.7100
v -0.005949 -0.130002 0.107575 0.6300 0.6600 0.7100
v -0.125478 -0.034516 0.098575 0.6300 0.6600 0.7100
v -0.130106 -0.036021 0.098575 0.6300 0.6600 0.7100
v -0.130106 -0.036021 0.107575 0.6300 0.6600 0.7100
v -0.125478 -0.034516 0.107575 0.6300 0.6600 0.7100
v -0.074463 0.112607 0.098575 0.6300 0.6600 0.7100
v -0.071601 0.108671 0.098575 0.6300 0.6600 0.7100
v -0.074463 0.112607 0.107575 0.6300 0.6600 0.7100
v -0.071601 0.108671 0.107575 0.6300 0.6600 0.7100
v 0.081226 0.101678 0.098575 0.6300 0.6600 0.7100
v 0.081226 0.101678 0.107575 0.6300 0.6600 0.7100
v 0.076391 0.105187 0.098575 0.6300 0.6600 0.7100
v 0.076391 0.105187 0.113575 0.6300 0.6600 0.7100
v 0.081153 0.101731 0.108614 0.6300 0.6600 0.7100
v 0.080935 0.101889 0.109622 0.6300 0.6600 0.7100
v 0.080579 0.102147 0.110568 0.6300 0.6600 0.7100
v 0.080096 0.102498 0.111423 0.6300 0.6600 0.7100
v 0.079500 0.102930 0.112162 0.6300 0.6600 0.7100
v 0.078810 0.103431 0.112763 0.6300 0.6600 0.7100
v 0.078046 0.103986 0.113206 0.6300 0.6600 0.7100
v 0.077232 0.104577 0.113480 0.6300 0.6600 0.7100
v 0.076391 0.105187 0.113575 0.6300 0.6600 0.7100
v 0.079329 0.109233 0.113575 0.6300 0.6600 0.7100
v 0.081226 0.101678 0.107575 0.6300 0.6600 0.7100
v 0.081153 0.101731 0.108614 0.6300 0.6600 0.7100
v 0.080935 0.101889 0.109622 0.6300 0.6600 0.7100
v 0.080579 0.102147 0.110568 0.6300 0.6600 0.7100
v 0.080096 0.102498 0.111423 0.6300 0.6600 0.7100
v 0.079500 0.102930 0.112162 0.6300 0.6600 0.7100
v 0.078810 0.103431 0.112763 0.6300 0.6600 0.7100
v 0.078046 0.103986 0.113206 0.6300 0.6600 0.7100
v 0.077232 0.104577 0.113480 0.6300 0.6600 0.7100
v 0.084085 0.105616 0.107575 0.6300 0.6600 0.7100
v 0.084043 0.105649 0.108361 0.6300 0.6600 0.7100
v 0.083922 0.105746 0.109130 0.6300 0.6600 0.7100
v 0.083723 0.105903 0.109871 0.6300 0.6600 0.7100
v 0.083453 0.106117 0.110572 0.6300 0.6600 0.7100
v 0.083113 0.106383 0.111222 0.6300 0.6600 0.7100
v 0.082708 0.106697 0.111810 0.6300 0.6600 0.7100
v 0.082243 0.107056 0.112324 0.6300 0.6600 0.7100
v 0.081726 0.107451 0.112758 0.6300 0.6600 0.7100
v 0.081166 0.107875 0.113105 0.6300 0.6600 0.7100
v 0.080573 0.108318 0.113360 0.6300 0.6600 0.7100
v 0.079958 0.108774 0.113519 0.6300 0.6600 0.7100
v 0.006000 -0.134867 0.106475 0.6300 0.6600 0.7100
v 0.006000 -0.134867 0.106484 0.6300 0.6600 0.7100
v 0.006000 -0.134867 0.107575 0.6300 0.6600 0.7100
v 0.005947 -0.134869 0.108361 0.6300 0.6600 0.7100
v 0.005791 -0.134876 0.109130 0.6300 0.6600 0.7100
v 0.005539 -0.134887 0.109871 0.6300 0.6600 0.7100
v 0.005194 -0.134900 0.110572 0.6300 0.6600 0.7100
v 0.004763 -0.134916 0.111222 0.6300 0.6600 0.7100
v 0.004251 -0.134933 0.111810 0.6300 0.6600 0.7100
v 0.003663 -0.134950 0.112324 0.6300 0.6600 0.7100
v 0.003013 -0.134966 0.112758 0.6300 0.6600 0.7100
v 0.002311 -0.134979 0.113105 0.6300 0.6600 0.7100
v 0.001571 -0.134990 0.113360 0.6300 0.6600 0.7100
v 0.000805 -0.134997 0.113519 0.6300 0.6600 0.7100
v 0.000027 -0.135000 0.113575 0.6300 0.6600 0.7100
v -0.005947 -0.134869 0.107575 0.6300 0.6600 0.7100
v -0.005894 -0.134871 0.108361 0.6300 0.6600 0.7100
v -0.005738 -0.134878 0.109130 0.6300 0.6600 0.7100
v -0.005485 -0.134889 0.109871 0.6300 0.6600 0.7100
v -0.005141 -0.134902 0.110572 0.6300 0.6600 0.7100
v -0.004709 -0.134918 0.111222 0.6300 0.6600 0.7100
v -0.004197 -0.134935 0.111810 0.6300 0.6600 0.7100
v -0.003610 -0.134951 0.112324 0.6300 0.6600 0.7100
v -0.002959 -0.134967 0.112758 0.6300 0.6600 0.7100
v -0.002257 -0.134980 0.113105 0.6300 0.6600 0.7100
v -0.001517 -0.134991 0.113360 0.6300 0.6600 0.7100
v -0.000752 -0.134998 0.113519 0.6300 0.6600 0.7100
v -0.005947 -0.134869 0.098575 0.6300 0.6600 0.7100
v -0.006000 -0.134867 0.098575 0.6300 0.6600 0.7100
v -0.126393 -0.047432 0.098575 0.6300 0.6600 0.7100
v -0.116637 -0.067972 0.098575 0.6300 0.6600 0.7100
v -0.109486 -0.078980 0.098575 0.6300 0.6600 0.7100
v -0.101296 -0.089239 0.098575 0.6300 0.6600 0.7100
v -0.089230 -0.101304 0.098575 0.6300 0.6600 0.7100
v -0.078970 -0.109493 0.098575 0.6300 0.6600 0.7100
v -0.066858 -0.117279 0.098575 0.6300 0.6600 0.7100
v -0.053986 -0.123734 0.098575 0.6300 0.6600 0.7100
v -0.041714 -0.128394 0.098575 0.6300 0.6600 0.7100
v -0.026277 -0.132415 0.098575 0.6300 0.6600 0.7100
v -0.016185 -0.134025 0.098575 0.6300 0.6600 0.7100
v -0.126393 -0.047432 0.024475 0.6300 0.6600 0.7100
v -0.126393 -0.047432 0.024475 0.6300 0.6600 0.7100
v -0.126393 -0.047432 0.098575 0.6300 0.6600 0.7100
v -0.079394 0.109186 0.024475 0.6300 0.6600 0.7100
v -0.059560 0.121151 0.024475 0.6300 0.6600 0.7100
v -0.037972 0.129550 0.024475 0.6300 0.6600 0.7100
v -0.015266 0.134134 0.024475 0.6300 0.6600 0.7100
v 0.007889 0.134769 0.024475 0.6300 0.6600 0.7100
v 0.030812 0.131437 0.024475 0.6300 0.6600 0.7100
v 0.052828 0.124235 0.024475 0.6300 0.6600 0.7100
v 0.073288 0.113375 0.024475 0.6300 0.6600 0.7100
v 0.091591 0.099177 0.024475 0.6300 0.6600 0.7100
v 0.107197 0.082059 0.024475 0.6300 0.6600 0.7100
v 0.119648 0.062526 0.024475 0.6300 0.6600 0.7100
v 0.128575 0.041151 0.024475 0.6300 0.6600 0.7100
v 0.133717 0.018565 0.024475 0.6300 0.6600 0.7100
v 0.134923 -0.004567 0.024475 0.6300 0.6600 0.7100
v 0.132156 -0.027566 0.024475 0.6300 0.6600 0.7100
v 0.125498 -0.049752 0.024475 0.6300 0.6600 0.7100
v 0.115145 -0.070474 0.024475 0.6300 0.6600 0.7100
v 0.101403 -0.089121 0.024475 0.6300 0.6600 0.7100
v 0.084674 -0.105144 0.024475 0.6300 0.6600 0.7100
v 0.065453 -0.118071 0.024475 0.6300 0.6600 0.7100
v 0.044305 -0.127523 0.024475 0.6300 0.6600 0.7100
v 0.021853 -0.133220 0.024475 0.6300 0.6600 0.7100
v -0.001243 -0.134994 0.024475 0.6300 0.6600 0.7100
v -0.024302 -0.132795 0.024475 0.6300 0.6600 0.7100
v -0.046646 -0.126685 0.024475 0.6300 0.6600 0.7100
v -0.067617 -0.116846 0.024475 0.6300 0.6600 0.7100
v -0.086596 -0.103567 0.024475 0.6300 0.6600 0.7100
v -0.103027 -0.087238 0.024475 0.6300 0.6600 0.7100
v -0.116424 -0.068341 0.024475 0.6300 0.6600 0.7100
v -0.132405 -0.026341 0.024475 0.6300 0.6600 0.7100
v -0.134923 -0.004554 0.024475 0.6300 0.6600 0.7100
v -0.133880 0.017353 0.024475 0.6300 0.6600 0.7100
v -0.129304 0.038802 0.024475 0.6300 0.6600 0.7100
v -0.121314 0.059227 0.024475 0.6300 0.6600 0.7100
v -0.110123 0.078089 0.024475 0.6300 0.6600 0.7100
v -0.096026 0.094889 0.024475 0.6300 0.6600 0.7100
v -0.126412 -0.047382 0.098575 0.6300 0.6600 0.7100
v -0.126412 -0.047382 0.106475 0.6300 0.6600 0.7100
v -0.126412 -0.047382 0.106501 0.6300 0.6600 0.7100
v -0.126412 -0.047382 0.107575 0.6300 0.6600 0.7100
v -0.126430 -0.047333 0.108361 0.6300 0.6600 0.7100
v -0.126485 -0.047187 0.109130 0.6300 0.6600 0.7100
v -0.126573 -0.046950 0.109871 0.6300 0.6600 0.7100
v -0.126693 -0.046626 0.110572 0.6300 0.6600 0.7100
v -0.126841 -0.046221 0.111222 0.6300 0.6600 0.7100
v -0.127015 -0.045739 0.111810 0.6300 0.6600 0.7100
v -0.127213 -0.045186 0.112324 0.6300 0.6600 0.7100
v -0.127429 -0.044572 0.112758 0.6300 0.6600 0.7100
v -0.127659 -0.043909 0.113105 0.6300 0.6600 0.7100
v -0.127898 -0.043208 0.113360 0.6300 0.6600 0.7100
v -0.128141 -0.042482 0.113519 0.6300 0.6600 0.7100
v -0.128384 -0.041743 0.113575 0.6300 0.6600 0.7100
v -0.130106 -0.036021 0.107575 0.6300 0.6600 0.7100
v -0.130092 -0.036072 0.108361 0.6300 0.6600 0.7100
v -0.130050 -0.036223 0.109130 0.6300 0.6600 0.7100
v -0.129982 -0.036466 0.109871 0.6300 0.6600 0.7100
v -0.129888 -0.036798 0.110572 0.6300 0.6600 0.7100
v -0.129770 -0.037213 0.111222 0.6300 0.6600 0.7100
v -0.129628 -0.037705 0.111810 0.6300 0.6600 0.7100
v -0.129462 -0.038269 0.112324 0.6300 0.6600 0.7100
v -0.129276 -0.038893 0.112758 0.6300 0.6600 0.7100
v -0.129071 -0.039564 0.113105 0.6300 0.6600 0.7100
v -0.128853 -0.040271 0.113360 0.6300 0.6600 0.7100
v -0.128623 -0.041002 0.113519 0.6300 0.6600 0.7100
v -0.130106 -0.036021 0.098575 0.6300 0.6600 0.7100
v -0.130120 -0.035970 0.098575 0.6300 0.6600 0.7100
v -0.084168 0.105549 0.098575 0.6300 0.6600 0.7100
v -0.100688 0.089924 0.098575 0.6300 0.6600 0.7100
v -0.108947 0.079721 0.098575 0.6300 0.6600 0.7100
v -0.116174 0.068762 0.098575 0.6300 0.6600 0.7100
v -0.123919 0.053558 0.098575 0.6300 0.6600 0.7100
v -0.128537 0.041270 0.098575 0.6300 0.6600 0.7100
v -0.132199 0.027344 0.098575 0.6300 0.6600 0.7100
v -0.134361 0.013108 0.098575 0.6300 0.6600 0.7100
v -0.135000 -0.000004 0.098575 0.6300 0.6600 0.7100
v -0.134055 -0.015928 0.098575 0.6300 0.6600 0.7100
v -0.132467 -0.026023 0.098575 0.6300 0.6600 0.7100
v -0.084127 0.105583 0.098575 0.6300 0.6600 0.7100
v -0.084127 0.105583 0.106475 0.6300 0.6600 0.7100
v -0.084127 0.105583 0.107575 0.6300 0.6600 0.7100
v -0.084085 0.105616 0.108361 0.6300 0.6600 0.7100
v -0.083964 0.105713 0.109130 0.6300 0.6600 0.7100
v -0.083765 0.105870 0.109871 0.6300 0.6600 0.7100
v -0.083494 0.106084 0.110572 0.6300 0.6600 0.7100
v -0.083155 0.106350 0.111222 0.6300 0.6600 0.7100
v -0.082750 0.106665 0.111810 0.6300 0.6600 0.7100
v -0.082285 0.107024 0.112324 0.6300 0.6600 0.7100
v -0.081768 0.107419 0.112758 0.6300 0.6600 0.7100
v -0.081208 0.107842 0.113105 0.6300 0.6600 0.7100
v -0.080616 0.108286 0.113360 0.6300 0.6600 0.7100
v -0.080001 0.108742 0.113519 0.6300 0.6600 0.7100
v -0.079373 0.109202 0.113575 0.6300 0.6600 0.7100
v -0.074463 0.112607 0.107575 0.6300 0.6600 0.7100
v -0.074507 0.112577 0.108361 0.6300 0.6600 0.7100
v -0.074637 0.112492 0.109130 0.6300 0.6600 0.7100
v -0.074848 0.112352 0.109871 0.6300 0.6600 0.7100
v -0.075135 0.112160 0.110572 0.6300 0.6600 0.7100
v -0.075493 0.111919 0.111222 0.6300 0.6600 0.7100
v -0.075917 0.111632 0.111810 0.6300 0.6600 0.7100
v -0.076402 0.111300 0.112324 0.6300 0.6600 0.7100
v -0.076938 0.110930 0.112758 0.6300 0.6600 0.7100
v -0.077513 0.110528 0.113105 0.6300 0.6600 0.7100
v -0.078118 0.110102 0.113360 0.6300 0.6600 0.7100
v -0.078741 0.109657 0.113519 0.6300 0.6600 0.7100
v -0.074463 0.112607 0.098575 0.6300 0.6600 0.7100
v -0.074418 0.112636 0.098575 0.6300 0.6600 0.7100
v -0.054457 0.123526 0.098575 0.6300 0.6600 0.7100
v -0.042203 0.128233 0.098575 0.6300 0.6600 0.7100
v -0.029549 0.131725 0.098575 0.6300 0.6600 0.7100
v -0.012697 0.134400 0.098575 0.6300 0.6600 0.7100
v 0.000416 0.134999 0.098575 0.6300 0.6600 0.7100
v 0.014793 0.134185 0.098575 0.6300 0.6600 0.7100
v 0.029001 0.131847 0.098575 0.6300 0.6600 0.7100
v 0.041670 0.128408 0.098575 0.6300 0.6600 0.7100
v 0.056525 0.122594 0.098575 0.6300 0.6600 0.7100
v 0.065637 0.117968 0.098575 0.6300 0.6600 0.7100
v 0.074374 0.112666 0.098575 0.6300 0.6600 0.7100
v 0.074418 0.112636 0.098575 0.6300 0.6600 0.7100
v 0.074418 0.112636 0.106475 0.6300 0.6600 0.7100
v 0.074418 0.112636 0.107575 0.6300 0.6600 0.7100
v 0.074463 0.112607 0.108361 0.6300 0.6600 0.7100
v 0.074593 0.112521 0.109130 0.6300 0.6600 0.7100
v 0.074804 0.112381 0.109871 0.6300 0.6600 0.7100
v 0.075090 0.112190 0.110572 0.6300 0.6600 0.7100
v 0.075448 0.111949 0.111222 0.6300 0.6600 0.7100
v 0.075873 0.111662 0.111810 0.6300 0.6600 0.7100
v 0.076358 0.111330 0.112324 0.6300 0.6600 0.7100
v 0.076894 0.110960 0.112758 0.6300 0.6600 0.7100
v 0.077470 0.110559 0.113105 0.6300 0.6600 0.7100
v 0.078075 0.110133 0.113360 0.6300 0.6600 0.7100
v 0.078698 0.109688 0.113519 0.6300 0.6600 0.7100
v 0.079329 0.109233 0.113575 0.6300 0.6600 0.7100
v 0.084085 0.105616 0.107575 0.6300 0.6600 0.7100
v 0.084043 0.105649 0.108361 0.6300 0.6600 0.7100
v 0.083922 0.105746 0.109130 0.6300 0.6600 0.7100
v 0.083723 0.105903 0.109871 0.6300 0.6600 0.7100
v 0.083453 0.106117 0.110572 0.6300 0.6600 0.7100
v 0.083113 0.106383 0.111222 0.6300 0.6600 0.7100
v 0.082708 0.106697 0.111810 0.6300 0.6600 0.7100
v 0.082243 0.107056 0.112324 0.6300 0.6600 0.7100
v 0.081726 0.107451 0.112758 0.6300 0.6600 0.7100
v 0.081166 0.107875 0.113105 0.6300 0.6600 0.7100
v 0.080573 0.108318 0.113360 0.6300 0.6600 0.7100
v 0.079958 0.108774 0.113519 0.6300 0.6600 0.7100
v 0.084085 0.105616 0.098575 0.6300 0.6600 0.7100
v 0.084127 0.105583 0.098575 0.6300 0.6600 0.7100
v 0.098751 0.092034 0.098575 0.6300 0.6600 0.7100
v 0.111230 0.076485 0.098575 0.6300 0.6600 0.7100
v 0.121291 0.059275 0.098575 0.6300 0.6600 0.7100
v 0.128688 0.040762 0.098575 0.6300 0.6600 0.7100
v 0.133288 0.021363 0.098575 0.6300 0.6600 0.7100
v 0.134508 0.011463 0.098575 0.6300 0.6600 0.7100
v 0.134992 0.001500 0.098575 0.6300 0.6600 0.7100
v 0.134992 -0.001500 0.098575 0.6300 0.6600 0.7100
v 0.133931 -0.016947 0.098575 0.6300 0.6600 0.7100
v 0.132372 -0.026500 0.098575 0.6300 0.6600 0.7100
v 0.130134 -0.035918 0.098575 0.6300 0.6600 0.7100
v 0.130120 -0.035970 0.098575 0.6300 0.6600 0.7100
v 0.130120 -0.035970 0.106475 0.6300 0.6600 0.7100
v 0.130120 -0.035970 0.106502 0.6300 0.6600 0.7100
v 0.130120 -0.035970 0.107575 0.6300 0.6600 0.7100
v 0.130106 -0.036021 0.108361 0.6300 0.6600 0.7100
v 0.130064 -0.036171 0.109130 0.6300 0.6600 0.7100
v 0.129997 -0.036415 0.109871 0.6300 0.6600 0.7100
v 0.129903 -0.036747 0.110572 0.6300 0.6600 0.7100
v 0.129785 -0.037162 0.111222 0.6300 0.6600 0.7100
v 0.129642 -0.037654 0.111810 0.6300 0.6600 0.7100
v 0.129477 -0.038218 0.112324 0.6300 0.6600 0.7100
v 0.129291 -0.038842 0.112758 0.6300 0.6600 0.7100
v 0.129087 -0.039513 0.113105 0.6300 0.6600 0.7100
v 0.128869 -0.040220 0.113360 0.6300 0.6600 0.7100
v 0.128639 -0.040951 0.113519 0.6300 0.6600 0.7100
v 0.128401 -0.041692 0.113575 0.6300 0.6600 0.7100
v 0.126430 -0.047332 0.107575 0.6300 0.6600 0.7100
v 0.126449 -0.047283 0.108361 0.6300 0.6600 0.7100
v 0.126504 -0.047137 0.109130 0.6300 0.6600 0.7100
v 0.126592 -0.046900 0.109871 0.6300 0.6600 0.7100
v 0.126711 -0.046576 0.110572 0.6300 0.6600 0.7100
v 0.126859 -0.046171 0.111222 0.6300 0.6600 0.7100
v 0.127034 -0.045689 0.111810 0.6300 0.6600 0.7100
v 0.127231 -0.045136 0.112324 0.6300 0.6600 0.7100
v 0.127447 -0.044521 0.112758 0.6300 0.6600 0.7100
v 0.127676 -0.043858 0.113105 0.6300 0.6600 0.7100
v 0.127915 -0.043157 0.113360 0.6300 0.6600 0.7100
v 0.128158 -0.042431 0.113519 0.6300 0.6600 0.7100
v 0.126430 -0.047332 0.098575 0.6300 0.6600 0.7100
v 0.126412 -0.047382 0.098575 0.6300 0.6600 0.7100
v 0.006053 -0.134864 0.098575 0.6300 0.6600 0.7100
v 0.028602 -0.131933 0.098575 0.6300 0.6600 0.7100
v 0.041282 -0.128533 0.098575 0.6300 0.6600 0.7100
v 0.053569 -0.123915 0.098575 0.6300 0.6600 0.7100
v 0.068772 -0.116167 0.098575 0.6300 0.6600 0.7100
v 0.079731 -0.108940 0.098575 0.6300 0.6600 0.7100
v 0.090879 -0.099827 0.098575 0.6300 0.6600 0.7100
v 0.100996 -0.089580 0.098575 0.6300 0.6600 0.7100
v 0.109219 -0.079348 0.098575 0.6300 0.6600 0.7100
v 0.117814 -0.065910 0.098575 0.6300 0.6600 0.7100
v 0.122464 -0.056809 0.098575 0.6300 0.6600 0.7100
v 0.006000 -0.134867 0.098575 0.6300 0.6600 0.7100
v -0.071601 0.108671 0.098575 0.6300 0.6600 0.7100
v -0.071601 0.108671 0.107575 0.6300 0.6600 0.7100
v -0.076433 0.105157 0.098575 0.6300 0.6600 0.7100
v -0.076433 0.105157 0.113575 0.6300 0.6600 0.7100
v -0.071674 0.108617 0.108614 0.6300 0.6600 0.7100
v -0.071892 0.108459 0.109622 0.6300 0.6600 0.7100
v -0.072248 0.108200 0.110568 0.6300 0.6600 0.7100
v -0.072730 0.107849 0.111423 0.6300 0.6600 0.7100
v -0.073326 0.107417 0.112162 0.6300 0.6600 0.7100
v -0.074015 0.106915 0.112763 0.6300 0.6600 0.7100
v -0.074779 0.106360 0.113206 0.6300 0.6600 0.7100
v -0.075593 0.105768 0.113480 0.6300 0.6600 0.7100
v -0.076433 0.105157 0.113575 0.6300 0.6600 0.7100
v -0.079373 0.109202 0.113575 0.6300 0.6600 0.7100
v -0.071601 0.108671 0.107575 0.6300 0.6600 0.7100
v -0.071674 0.108617 0.108614 0.6300 0.6600 0.7100
v -0.071892 0.108459 0.109622 0.6300 0.6600 0.7100
v -0.072248 0.108200 0.110568 0.6300 0.6600 0.7100
v -0.072730 0.107849 0.111423 0.6300 0.6600 0.7100
v -0.073326 0.107417 0.112162 0.6300 0.6600 0.7100
v -0.074015 0.106915 0.112763 0.6300 0.6600 0.7100
v -0.074779 0.106360 0.113206 0.6300 0.6600 0.7100
v -0.075593 0.105768 0.113480 0.6300 0.6600 0.7100
v -0.074463 0.112607 0.107575 0.6300 0.6600 0.7100
v -0.074507 0.112577 0.108361 0.6300 0.6600 0.7100
v -0.074637 0.112492 0.109130 0.6300 0.6600 0.7100
v -0.074848 0.112352 0.109871 0.6300 0.6600 0.7100
v -0.075135 0.112160 0.110572 0.6300 0.6600 0.7100
v -0.075493 0.111919 0.111222 0.6300 0.6600 0.7100
v -0.075917 0.111632 0.111810 0.6300 0.6600 0.7100
v -0.076402 0.111300 0.112324 0.6300 0.6600 0.7100
v -0.076938 0.110930 0.112758 0.6300 0.6600 0.7100
v -0.077513 0.110528 0.113105 0.6300 0.6600 0.7100
v -0.078118 0.110102 0.113360 0.6300 0.6600 0.7100
v -0.078741 0.109657 0.113519 0.6300 0.6600 0.7100
v -0.125478 -0.034516 0.098575 0.6300 0.6600 0.7100
v -0.125478 -0.034516 0.107575 0.6300 0.6600 0.7100
v -0.123629 -0.040197 0.098575 0.6300 0.6600 0.7100
v -0.123629 -0.040197 0.113575 0.6300 0.6600 0.7100
v -0.125450 -0.034602 0.108614 0.6300 0.6600 0.7100
v -0.125366 -0.034858 0.109622 0.6300 0.6600 0.7100
v -0.125230 -0.035276 0.110568 0.6300 0.6600 0.7100
v -0.125046 -0.035843 0.111423 0.6300 0.6600 0.7100
v -0.124818 -0.036543 0.112162 0.6300 0.6600 0.7100
v -0.124554 -0.037354 0.112763 0.6300 0.6600 0.7100
v -0.124262 -0.038252 0.113206 0.6300 0.6600 0.7100
v -0.123951 -0.039209 0.113480 0.6300 0.6600 0.7100
v -0.123629 -0.040197 0.113575 0.6300 0.6600 0.7100
v -0.128384 -0.041743 0.113575 0.6300 0.6600 0.7100
v -0.125478 -0.034516 0.107575 0.6300 0.6600 0.7100
v -0.125450 -0.034602 0.108614 0.6300 0.6600 0.7100
v -0.125366 -0.034858 0.109622 0.6300 0.6600 0.7100
v -0.125230 -0.035276 0.110568 0.6300 0.6600 0.7100
v -0.125046 -0.035843 0.111423 0.6300 0.6600 0.7100
v -0.124818 -0.036543 0.112162 0.6300 0.6600 0.7100
v -0.124554 -0.037354 0.112763 0.6300 0.6600 0.7100
v -0.124262 -0.038252 0.113206 0.6300 0.6600 0.7100
v -0.123951 -0.039209 0.113480 0.6300 0.6600 0.7100
v -0.130106 -0.036021 0.107575 0.6300 0.6600 0.7100
v -0.130092 -0.036072 0.108361 0.6300 0.6600 0.7100
v -0.130050 -0.036223 0.109130 0.6300 0.6600 0.7100
v -0.129982 -0.036466 0.109871 0.6300 0.6600 0.7100
v -0.129888 -0.036798 0.110572 0.6300 0.6600 0.7100
v -0.129770 -0.037213 0.111222 0.6300 0.6600 0.7100
v -0.129628 -0.037705 0.111810 0.6300 0.6600 0.7100
v -0.129462 -0.038269 0.112324 0.6300 0.6600 0.7100
v -0.129276 -0.038893 0.112758 0.6300 0.6600 0.7100
v -0.129071 -0.039564 0.113105 0.6300 0.6600 0.7100
v -0.128853 -0.040271 0.113360 0.6300 0.6600 0.7100
v -0.128623 -0.041002 0.113519 0.6300 0.6600 0.7100
v -0.005949 -0.130002 0.098575 0.6300 0.6600 0.7100
v -0.005949 -0.130002 0.107575 0.6300 0.6600 0.7100
v 0.000026 -0.130000 0.098575 0.6300 0.6600 0.7100
v 0.000026 -0.130000 0.113575 0.6300 0.6600 0.7100
v -0.005858 -0.130002 0.108614 0.6300 0.6600 0.7100
v -0.005589 -0.130002 0.109622 0.6300 0.6600 0.7100
v -0.005149 -0.130002 0.110568 0.6300 0.6600 0.7100
v -0.004552 -0.130002 0.111423 0.6300 0.6600 0.7100
v -0.003816 -0.130002 0.112162 0.6300 0.6600 0.7100
v -0.002963 -0.130001 0.112763 0.6300 0.6600 0.7100
v -0.002019 -0.130001 0.113206 0.6300 0.6600 0.7100
v -0.001013 -0.130000 0.113480 0.6300 0.6600 0.7100
v 0.000026 -0.130000 0.113575 0.6300 0.6600 0.7100
v 0.000027 -0.135000 0.113575 0.6300 0.6600 0.7100
v -0.005949 -0.130002 0.107575 0.6300 0.6600 0.7100
v -0.005858 -0.130002 0.108614 0.6300 0.6600 0.7100
v -0.005589 -0.130002 0.109622 0.6300 0.6600 0.7100
v -0.005149 -0.130002 0.110568 0.6300 0.6600 0.7100
v -0.004552 -0.130002 0.111423 0.6300 0.6600 0.7100
v -0.003816 -0.130002 0.112162 0.6300 0.6600 0.7100
v -0.002963 -0.130001 0.112763 0.6300 0.6600 0.7100
v -0.002019 -0.130001 0.113206 0.6300 0.6600 0.7100
v -0.001013 -0.130000 0.113480 0.6300 0.6600 0.7100
v -0.005947 -0.134869 0.107575 0.6300 0.6600 0.7100
v -0.005894 -0.134871 0.108361 0.6300 0.6600 0.7100
v -0.005738 -0.134878 0.109130 0.6300 0.6600 0.7100
v -0.005485 -0.134889 0.109871 0.6300 0.6600 0.7100
v -0.005141 -0.134902 0.110572 0.6300 0.6600 0.7100
v -0.004709 -0.134918 0.111222 0.6300 0.6600 0.7100
v -0.004197 -0.134935 0.111810 0.6300 0.6600 0.7100
v -0.003610 -0.134951 0.112324 0.6300 0.6600 0.7100
v -0.002959 -0.134967 0.112758 0.6300 0.6600 0.7100
v -0.002257 -0.134980 0.113105 0.6300 0.6600 0.7100
v -0.001517 -0.134991 0.113360 0.6300 0.6600 0.7100
v -0.000752 -0.134998 0.113519 0.6300 0.6600 0.7100
v 0.121801 -0.045830 0.098575 0.6300 0.6600 0.7100
v 0.121801 -0.045830 0.107575 0.6300 0.6600 0.7100
v 0.123645 -0.040148 0.098575 0.6300 0.6600 0.7100
v 0.123645 -0.040148 0.113575 0.6300 0.6600 0.7100
v 0.121829 -0.045744 0.108614 0.6300 0.6600 0.7100
v 0.121912 -0.045488 0.109622 0.6300 0.6600 0.7100
v 0.122048 -0.045070 0.110568 0.6300 0.6600 0.7100
v 0.122232 -0.044502 0.111423 0.6300 0.6600 0.7100
v 0.122460 -0.043802 0.112162 0.6300 0.6600 0.7100
v 0.122723 -0.042991 0.112763 0.6300 0.6600 0.7100
v 0.123014 -0.042093 0.113206 0.6300 0.6600 0.7100
v 0.123325 -0.041136 0.113480 0.6300 0.6600 0.7100
v 0.123645 -0.040148 0.113575 0.6300 0.6600 0.7100
v 0.128401 -0.041692 0.113575 0.6300 0.6600 0.7100
v 0.121801 -0.045830 0.107575 0.6300 0.6600 0.7100
v 0.121829 -0.045744 0.108614 0.6300 0.6600 0.7100
v 0.121912 -0.045488 0.109622 0.6300 0.6600 0.7100
v 0.122048 -0.045070 0.110568 0.6300 0.6600 0.7100
v 0.122232 -0.044502 0.111423 0.6300 0.6600 0.7100
v 0.122460 -0.043802 0.112162 0.6300 0.6600 0.7100
v 0.122723 -0.042991 0.112763 0.6300 0.6600 0.7100
v 0.123014 -0.042093 0.113206 0.6300 0.6600 0.7100
v 0.123325 -0.041136 0.113480 0.6300 0.6600 0.7100
v 0.126430 -0.047332 0.107575 0.6300 0.6600 0.7100
v 0.126449 -0.047283 0.108361 0.6300 0.6600 0.7100
v 0.126504 -0.047137 0.109130 0.6300 0.6600 0.7100
v 0.126592 -0.046900 0.109871 0.6300 0.6600 0.7100
v 0.126711 -0.046576 0.110572 0.6300 0.6600 0.7100
v 0.126859 -0.046171 0.111222 0.6300 0.6600 0.7100
v 0.127034 -0.045689 0.111810 0.6300 0.6600 0.7100
v 0.127231 -0.045136 0.112324 0.6300 0.6600 0.7100
v 0.127447 -0.044521 0.112758 0.6300 0.6600 0.7100
v 0.127676 -0.043858 0.113105 0.6300 0.6600 0.7100
v 0.127915 -0.043157 0.113360 0.6300 0.6600 0.7100
v 0.128158 -0.042431 0.113519 0.6300 0.6600 0.7100
v 0.084127 0.105583 0.098575 0.6300 0.6600 0.7100
v 0.081266 0.101645 0.098575 0.6300 0.6600 0.7100
v 0.076391 0.105187 0.098575 0.6300 0.6600 0.7100
v 0.081226 0.101678 0.098575 0.6300 0.6600 0.7100
v 0.084085 0.105616 0.098575 0.6300 0.6600 0.7100
v -0.074418 0.112636 0.098575 0.6300 0.6600 0.7100
v -0.071558 0.108699 0.098575 0.6300 0.6600 0.7100
v -0.076433 0.105157 0.098575 0.6300 0.6600 0.7100
v -0.071601 0.108671 0.098575 0.6300 0.6600 0.7100
v -0.074463 0.112607 0.098575 0.6300 0.6600 0.7100
v -0.130120 -0.035970 0.098575 0.6300 0.6600 0.7100
v -0.125491 -0.034466 0.098575 0.6300 0.6600 0.7100
v -0.123629 -0.040197 0.098575 0.6300 0.6600 0.7100
v -0.125478 -0.034516 0.098575 0.6300 0.6600 0.7100
v -0.130106 -0.036021 0.098575 0.6300 0.6600 0.7100
v -0.006000 -0.134867 0.098575 0.6300 0.6600 0.7100
v -0.006000 -0.130000 0.098575 0.6300 0.6600 0.7100
v 0.000026 -0.130000 0.098575 0.6300 0.6600 0.7100
v -0.005949 -0.130002 0.098575 0.6300 0.6600 0.7100
v -0.005947 -0.134869 0.098575 0.6300 0.6600 0.7100
v 0.126412 -0.047382 0.098575 0.6300 0.6600 0.7100
v 0.121783 -0.045879 0.098575 0.6300 0.6600 0.7100
v 0.123645 -0.040148 0.098575 0.6300 0.6600 0.7100
v 0.121801 -0.045830 0.098575 0.6300 0.6600 0.7100
v 0.126430 -0.047332 0.098575 0.6300 0.6600 0.7100
v -0.106339 -0.144945 0.284424 0.6300 0.6600 0.7100
v -0.106546 -0.144573 0.285067 0.6300 0.6600 0.7100
v -0.104384 -0.148406 0.278429 0.6300 0.6600 0.7100
v -0.115887 -0.125588 0.317850 0.6300 0.6600 0.7100
v -0.096884 -0.159708 0.258753 0.6300 0.6600 0.7100
v -0.082484 -0.175809 0.230865 0.6300 0.6600 0.7100
v -0.068152 -0.186844 0.211751 0.6300 0.6600 0.7100
v -0.054543 -0.194206 0.199000 0.6300 0.6600 0.7100
v -0.042664 -0.198799 0.191044 0.6300 0.6600 0.7100
v -0.032784 -0.201574 0.186239 0.6300 0.6600 0.7100
v -0.020023 -0.203965 0.182097 0.6300 0.6600 0.7100
v -0.010136 -0.204990 0.180322 0.6300 0.6600 0.7100
v 0.000000 -0.205337 0.179720 0.6300 0.6600 0.7100
v 0.000000 -0.205337 0.179720 0.6300 0.6600 0.7100
v 0.000000 -0.217840 0.225581 0.6300 0.6600 0.7100
v 0.000000 -0.221670 0.264520 0.6300 0.6600 0.7100
v 0.000000 -0.219707 0.297432 0.6300 0.6600 0.7100
v 0.000000 -0.213146 0.328114 0.6300 0.6600 0.7100
v 0.000000 -0.202496 0.356362 0.6300 0.6600 0.7100
v 0.000000 -0.188267 0.381974 0.6300 0.6600 0.7100
v 0.000000 -0.170968 0.404746 0.6300 0.6600 0.7100
v 0.000000 -0.151110 0.424474 0.6300 0.6600 0.7100
v 0.000000 -0.129201 0.440957 0.6300 0.6600 0.7100
v 0.000000 -0.105751 0.453990 0.6300 0.6600 0.7100
v 0.000000 -0.081269 0.463371 0.6300 0.6600 0.7100
v 0.000000 -0.059454 0.468415 0.6300 0.6600 0.7100
v -0.000000 -0.037580 0.470385 0.6300 0.6600 0.7100
v -0.111586 -0.135102 0.301472 0.6300 0.6600 0.7100
v -0.115890 -0.125561 0.317998 0.6300 0.6600 0.7100
v -0.118536 -0.117753 0.331520 0.6300 0.6600 0.7100
v -0.120066 -0.109842 0.345224 0.6300 0.6600 0.7100
v -0.120227 -0.103290 0.356571 0.6300 0.6600 0.7100
v -0.119273 -0.096808 0.367799 0.6300 0.6600 0.7100
v -0.117477 -0.091042 0.377785 0.6300 0.6600 0.7100
v -0.114844 -0.085338 0.387665 0.6300 0.6600 0.7100
v -0.111412 -0.079704 0.397424 0.6300 0.6600 0.7100
v -0.107215 -0.074227 0.406910 0.6300 0.6600 0.7100
v -0.102229 -0.068965 0.416024 0.6300 0.6600 0.7100
v -0.096361 -0.063936 0.424735 0.6300 0.6600 0.7100
v -0.093071 -0.061518 0.428923 0.6300 0.6600 0.7100
v -0.089525 -0.059168 0.432992 0.6300 0.6600 0.7100
v -0.083742 -0.055802 0.438824 0.6300 0.6600 0.7100
v -0.077493 -0.052685 0.444222 0.6300 0.6600 0.7100
v -0.070805 -0.049832 0.449164 0.6300 0.6600 0.7100
v -0.063668 -0.047239 0.453655 0.6300 0.6600 0.7100
v -0.056099 -0.044916 0.457678 0.6300 0.6600 0.7100
v -0.048226 -0.042902 0.461166 0.6300 0.6600 0.7100
v -0.040109 -0.041208 0.464101 0.6300 0.6600 0.7100
v -0.031745 -0.039828 0.466491 0.6300 0.6600 0.7100
v -0.023980 -0.038855 0.468175 0.6300 0.6600 0.7100
v -0.016065 -0.038152 0.469394 0.6300 0.6600 0.7100
v -0.008054 -0.037724 0.470135 0.6300 0.6600 0.7100
v -0.004029 -0.037616 0.470323 0.6300 0.6600 0.7100
v -0.002014 -0.037589 0.470370 0.6300 0.6600 0.7100
v -0.003574 -0.040138 0.470269 0.6300 0.6600 0.7100
v -0.010629 -0.045759 0.469586 0.6300 0.6600 0.7100
v -0.015859 -0.050334 0.468655 0.6300 0.6600 0.7100
v -0.018890 -0.053155 0.467930 0.6300 0.6600 0.7100
v -0.021037 -0.055240 0.467328 0.6300 0.6600 0.7100
v -0.027685 -0.062279 0.464919 0.6300 0.6600 0.7100
v -0.034012 -0.069886 0.461723 0.6300 0.6600 0.7100
v -0.035925 -0.072383 0.460549 0.6300 0.6600 0.7100
v -0.038537 -0.075969 0.458760 0.6300 0.6600 0.7100
v -0.045413 -0.086700 0.452755 0.6300 0.6600 0.7100
v -0.050868 -0.096927 0.446145 0.6300 0.6600 0.7100
v -0.051983 -0.099262 0.444517 0.6300 0.6600 0.7100
v -0.053574 -0.102788 0.441978 0.6300 0.6600 0.7100
v -0.056482 -0.109911 0.436551 0.6300 0.6600 0.7100
v -0.059833 -0.119504 0.428583 0.6300 0.6600 0.7100
v -0.041827 -0.211530 0.253174 0.6300 0.6600 0.7100
v -0.045952 -0.209957 0.265841 0.6300 0.6600 0.7100
v -0.037304 -0.212430 0.240881 0.6300 0.6600 0.7100
v -0.032291 -0.212705 0.229002 0.6300 0.6600 0.7100
v -0.030260 -0.212655 0.224666 0.6300 0.6600 0.7100
v -0.028163 -0.212518 0.220419 0.6300 0.6600 0.7100
v -0.023765 -0.211990 0.212212 0.6300 0.6600 0.7100
v -0.019461 -0.211222 0.205033 0.6300 0.6600 0.7100
v -0.017423 -0.210784 0.201888 0.6300 0.6600 0.7100
v -0.014100 -0.209966 0.197033 0.6300 0.6600 0.7100
v -0.010696 -0.209010 0.192389 0.6300 0.6600 0.7100
v -0.007200 -0.207918 0.187953 0.6300 0.6600 0.7100
v -0.004515 -0.207012 0.184764 0.6300 0.6600 0.7100
v -0.089566 -0.108723 0.408456 0.6300 0.6600 0.7100
v -0.061969 -0.126727 0.422051 0.6300 0.6600 0.7100
v -0.090180 -0.110359 0.406500 0.6300 0.6600 0.7100
v -0.062913 -0.130336 0.418603 0.6300 0.6600 0.7100
v -0.090571 -0.111452 0.405181 0.6300 0.6600 0.7100
v -0.063492 -0.132735 0.416240 0.6300 0.6600 0.7100
v -0.029740 -0.126185 0.438633 0.6300 0.6600 0.7100
v -0.091755 -0.115036 0.400787 0.6300 0.6600 0.7100
v -0.101812 -0.111728 0.388487 0.6300 0.6600 0.7100
v -0.092543 -0.117756 0.397385 0.6300 0.6600 0.7100
v -0.064749 -0.138678 0.410134 0.6300 0.6600 0.7100
v -0.020775 -0.135379 0.434664 0.6300 0.6600 0.7100
v -0.093431 -0.121324 0.392823 0.6300 0.6600 0.7100
v -0.042105 -0.134861 0.427945 0.6300 0.6600 0.7100
v -0.031862 -0.138081 0.429650 0.6300 0.6600 0.7100
v -0.103348 -0.119204 0.377870 0.6300 0.6600 0.7100
v -0.042815 -0.138507 0.424810 0.6300 0.6600 0.7100
v -0.094269 -0.125627 0.387171 0.6300 0.6600 0.7100
v -0.084766 -0.130863 0.395821 0.6300 0.6600 0.7100
v -0.066160 -0.147983 0.399776 0.6300 0.6600 0.7100
v -0.043184 -0.140525 0.423016 0.6300 0.6600 0.7100
v -0.032425 -0.141691 0.426654 0.6300 0.6600 0.7100
v -0.032690 -0.143487 0.425113 0.6300 0.6600 0.7100
v -0.043667 -0.143333 0.420449 0.6300 0.6600 0.7100
v -0.094804 -0.129553 0.381855 0.6300 0.6600 0.7100
v -0.032860 -0.144680 0.424071 0.6300 0.6600 0.7100
v -0.033261 -0.147644 0.421414 0.6300 0.6600 0.7100
v -0.103910 -0.126860 0.366525 0.6300 0.6600 0.7100
v -0.095122 -0.133773 0.375963 0.6300 0.6600 0.7100
v -0.085879 -0.139461 0.384830 0.6300 0.6600 0.7100
v -0.066793 -0.156964 0.388712 0.6300 0.6600 0.7100
v -0.095179 -0.137625 0.370409 0.6300 0.6600 0.7100
v -0.045352 -0.156068 0.407666 0.6300 0.6600 0.7100
v -0.103470 -0.134231 0.355087 0.6300 0.6600 0.7100
v -0.022979 -0.156779 0.416439 0.6300 0.6600 0.7100
v -0.095060 -0.140712 0.365829 0.6300 0.6600 0.7100
v -0.086077 -0.147114 0.374284 0.6300 0.6600 0.7100
v -0.066759 -0.163433 0.379969 0.6300 0.6600 0.7100
v -0.034467 -0.158939 0.410335 0.6300 0.6600 0.7100
v -0.094629 -0.145218 0.358921 0.6300 0.6600 0.7100
v -0.045821 -0.162090 0.400883 0.6300 0.6600 0.7100
v -0.034786 -0.163402 0.405491 0.6300 0.6600 0.7100
v -0.094344 -0.147199 0.355794 0.6300 0.6600 0.7100
v -0.085632 -0.153648 0.364613 0.6300 0.6600 0.7100
v -0.066508 -0.167587 0.373957 0.6300 0.6600 0.7100
v -0.101747 -0.143087 0.340580 0.6300 0.6600 0.7100
v -0.093820 -0.150121 0.351077 0.6300 0.6600 0.7100
v -0.046030 -0.167203 0.394684 0.6300 0.6600 0.7100
v -0.034999 -0.167760 0.400470 0.6300 0.6600 0.7100
v -0.085185 -0.156984 0.359407 0.6300 0.6600 0.7100
v -0.065827 -0.173531 0.364717 0.6300 0.6600 0.7100
v -0.035088 -0.170952 0.396590 0.6300 0.6600 0.7100
v -0.092850 -0.154339 0.344022 0.6300 0.6600 0.7100
v -0.091803 -0.158010 0.337623 0.6300 0.6600 0.7100
v -0.099028 -0.151503 0.325875 0.6300 0.6600 0.7100
v -0.083696 -0.164280 0.347279 0.6300 0.6600 0.7100
v -0.064426 -0.180883 0.352025 0.6300 0.6600 0.7100
v -0.045869 -0.177428 0.380848 0.6300 0.6600 0.7100
v -0.023790 -0.178282 0.392001 0.6300 0.6600 0.7100
v -0.034977 -0.180841 0.383311 0.6300 0.6600 0.7100
v -0.045645 -0.180679 0.375968 0.6300 0.6600 0.7100
v -0.090128 -0.162856 0.328762 0.6300 0.6600 0.7100
v -0.034883 -0.182754 0.380487 0.6300 0.6600 0.7100
v -0.089111 -0.165404 0.323892 0.6300 0.6600 0.7100
v -0.081448 -0.171656 0.333761 0.6300 0.6600 0.7100
v -0.063056 -0.185932 0.342269 0.6300 0.6600 0.7100
v -0.034700 -0.185546 0.376188 0.6300 0.6600 0.7100
v -0.045203 -0.185034 0.368984 0.6300 0.6600 0.7100
v -0.088397 -0.167062 0.320636 0.6300 0.6600 0.7100
v -0.080395 -0.174427 0.328286 0.6300 0.6600 0.7100
v -0.062011 -0.189065 0.335675 0.6300 0.6600 0.7100
v -0.094185 -0.162167 0.305667 0.6300 0.6600 0.7100
v -0.087276 -0.169490 0.315740 0.6300 0.6600 0.7100
v -0.034384 -0.189121 0.370343 0.6300 0.6600 0.7100
v -0.079266 -0.177090 0.322782 0.6300 0.6600 0.7100
v -0.060275 -0.193401 0.325682 0.6300 0.6600 0.7100
v -0.091812 -0.166479 0.296906 0.6300 0.6600 0.7100
v -0.085091 -0.173746 0.306746 0.6300 0.6600 0.7100
v -0.043606 -0.194468 0.351612 0.6300 0.6600 0.7100
v -0.022966 -0.195194 0.365685 0.6300 0.6600 0.7100
v -0.084054 -0.175599 0.302651 0.6300 0.6600 0.7100
v -0.083963 -0.175757 0.302297 0.6300 0.6600 0.7100
v -0.076563 -0.182557 0.310612 0.6300 0.6600 0.7100
v -0.058706 -0.196674 0.317292 0.6300 0.6600 0.7100
v -0.033293 -0.197103 0.355565 0.6300 0.6600 0.7100
v -0.083110 -0.177212 0.298990 0.6300 0.6600 0.7100
v -0.057711 -0.198487 0.312244 0.6300 0.6600 0.7100
v -0.043000 -0.196988 0.346287 0.6300 0.6600 0.7100
v -0.082456 -0.178269 0.296536 0.6300 0.6600 0.7100
v -0.032877 -0.199327 0.350906 0.6300 0.6600 0.7100
v -0.081545 -0.179647 0.293273 0.6300 0.6600 0.7100
v -0.056287 -0.200722 0.305517 0.6300 0.6600 0.7100
v -0.042343 -0.199368 0.340906 0.6300 0.6600 0.7100
v -0.032580 -0.200747 0.347771 0.6300 0.6600 0.7100
v -0.041568 -0.201820 0.334934 0.6300 0.6600 0.7100
v -0.032109 -0.202784 0.343031 0.6300 0.6600 0.7100
v -0.031694 -0.204393 0.339048 0.6300 0.6600 0.7100
v -0.078300 -0.184000 0.282373 0.6300 0.6600 0.7100
v -0.053181 -0.204587 0.292107 0.6300 0.6600 0.7100
v -0.076202 -0.186420 0.275937 0.6300 0.6600 0.7100
v -0.075658 -0.187004 0.274336 0.6300 0.6600 0.7100
v -0.052350 -0.205429 0.288772 0.6300 0.6600 0.7100
v -0.075107 -0.187580 0.272738 0.6300 0.6600 0.7100
v -0.051497 -0.206221 0.285447 0.6300 0.6600 0.7100
v -0.039415 -0.207180 0.319789 0.6300 0.6600 0.7100
v -0.020883 -0.208708 0.335254 0.6300 0.6600 0.7100
v -0.073980 -0.188706 0.269554 0.6300 0.6600 0.7100
v -0.049730 -0.207659 0.278840 0.6300 0.6600 0.7100
v -0.038810 -0.208360 0.315915 0.6300 0.6600 0.7100
v -0.029897 -0.209906 0.323245 0.6300 0.6600 0.7100
v -0.029593 -0.210640 0.320796 0.6300 0.6600 0.7100
v -0.037723 -0.210214 0.309262 0.6300 0.6600 0.7100
v -0.029176 -0.211572 0.317523 0.6300 0.6600 0.7100
v -0.036769 -0.211594 0.303711 0.6300 0.6600 0.7100
v -0.028307 -0.213277 0.310954 0.6300 0.6600 0.7100
v -0.036376 -0.212105 0.301491 0.6300 0.6600 0.7100
v -0.028082 -0.213669 0.309308 0.6300 0.6600 0.7100
v -0.027854 -0.214049 0.307660 0.6300 0.6600 0.7100
v -0.018007 -0.217042 0.304154 0.6300 0.6600 0.7100
v -0.025481 -0.217066 0.291521 0.6300 0.6600 0.7100
v -0.000000 -0.037580 0.470385 0.6300 0.6600 0.7100
v 0.002434 -0.037593 0.470362 0.6300 0.6600 0.7100
v 0.004866 -0.037632 0.470294 0.6300 0.6600 0.7100
v 0.009720 -0.037789 0.470023 0.6300 0.6600 0.7100
v 0.019343 -0.038407 0.468952 0.6300 0.6600 0.7100
v 0.028832 -0.039429 0.467182 0.6300 0.6600 0.7100
v 0.038096 -0.040843 0.464733 0.6300 0.6600 0.7100
v 0.047027 -0.042629 0.461640 0.6300 0.6600 0.7100
v 0.055615 -0.044781 0.457913 0.6300 0.6600 0.7100
v 0.063859 -0.047302 0.453545 0.6300 0.6600 0.7100
v 0.071661 -0.050172 0.448575 0.6300 0.6600 0.7100
v 0.078898 -0.053342 0.443084 0.6300 0.6600 0.7100
v 0.085559 -0.056801 0.437092 0.6300 0.6600 0.7100
v 0.089437 -0.059112 0.433090 0.6300 0.6600 0.7100
v 0.093093 -0.061533 0.428896 0.6300 0.6600 0.7100
v 0.096503 -0.064046 0.424545 0.6300 0.6600 0.7100
v 0.099651 -0.066625 0.420076 0.6300 0.6600 0.7100
v 0.103094 -0.069801 0.414576 0.6300 0.6600 0.7100
v 0.106202 -0.073064 0.408925 0.6300 0.6600 0.7100
v 0.109324 -0.076830 0.402401 0.6300 0.6600 0.7100
v 0.112072 -0.080678 0.395736 0.6300 0.6600 0.7100
v 0.114443 -0.084575 0.388987 0.6300 0.6600 0.7100
v 0.116427 -0.088516 0.382160 0.6300 0.6600 0.7100
v 0.118018 -0.092500 0.375261 0.6300 0.6600 0.7100
v 0.119206 -0.096524 0.368291 0.6300 0.6600 0.7100
v 0.119967 -0.100593 0.361242 0.6300 0.6600 0.7100
v 0.120286 -0.104674 0.354174 0.6300 0.6600 0.7100
v 0.119034 -0.115791 0.334919 0.6300 0.6600 0.7100
v 0.115409 -0.126760 0.315920 0.6300 0.6600 0.7100
v 0.110298 -0.137634 0.297086 0.6300 0.6600 0.7100
v 0.104383 -0.148408 0.278425 0.6300 0.6600 0.7100
v 0.115867 -0.125637 0.317766 0.6300 0.6600 0.7100
v 0.000000 -0.205337 0.179720 0.6300 0.6600 0.7100
v 0.012274 -0.204827 0.180605 0.6300 0.6600 0.7100
v 0.024092 -0.203339 0.183182 0.6300 0.6600 0.7100
v 0.035279 -0.200954 0.187312 0.6300 0.6600 0.7100
v 0.045733 -0.197754 0.192855 0.6300 0.6600 0.7100
v 0.055191 -0.193911 0.199511 0.6300 0.6600 0.7100
v 0.063731 -0.189519 0.207118 0.6300 0.6600 0.7100
v 0.073572 -0.183132 0.218181 0.6300 0.6600 0.7100
v 0.082896 -0.175429 0.231523 0.6300 0.6600 0.7100
v 0.093142 -0.164512 0.250432 0.6300 0.6600 0.7100
v 0.106135 -0.145311 0.283689 0.6300 0.6600 0.7100
v 0.000000 -0.205337 0.179720 0.6300 0.6600 0.7100
v 0.000000 -0.217840 0.225581 0.6300 0.6600 0.7100
v 0.000000 -0.221670 0.264520 0.6300 0.6600 0.7100
v 0.000000 -0.219707 0.297432 0.6300 0.6600 0.7100
v 0.000000 -0.213146 0.328114 0.6300 0.6600 0.7100
v 0.000000 -0.202496 0.356362 0.6300 0.6600 0.7100
v 0.000000 -0.188267 0.381974 0.6300 0.6600 0.7100
v 0.000000 -0.170968 0.404746 0.6300 0.6600 0.7100
v 0.000000 -0.151110 0.424474 0.6300 0.6600 0.7100
v 0.000000 -0.129201 0.440957 0.6300 0.6600 0.7100
v 0.000000 -0.105751 0.453990 0.6300 0.6600 0.7100
v 0.000000 -0.081269 0.463371 0.6300 0.6600 0.7100
v 0.000000 -0.059454 0.468415 0.6300 0.6600 0.7100
v 0.003574 -0.040138 0.470269 0.6300 0.6600 0.7100
v 0.010629 -0.045759 0.469586 0.6300 0.6600 0.7100
v 0.015859 -0.050334 0.468655 0.6300 0.6600 0.7100
v 0.018890 -0.053155 0.467930 0.6300 0.6600 0.7100
v 0.021037 -0.055240 0.467328 0.6300 0.6600 0.7100
v 0.027685 -0.062279 0.464919 0.6300 0.6600 0.7100
v 0.034012 -0.069886 0.461723 0.6300 0.6600 0.7100
v 0.035925 -0.072383 0.460549 0.6300 0.6600 0.7100
v 0.038537 -0.075969 0.458760 0.6300 0.6600 0.7100
v 0.045413 -0.086700 0.452755 0.6300 0.6600 0.7100
v 0.050868 -0.096927 0.446145 0.6300 0.6600 0.7100
v 0.051983 -0.099262 0.444517 0.6300 0.6600 0.7100
v 0.053574 -0.102788 0.441978 0.6300 0.6600 0.7100
v 0.056482 -0.109911 0.436551 0.6300 0.6600 0.7100
v 0.059833 -0.119504 0.428583 0.6300 0.6600 0.7100
v 0.041827 -0.211530 0.253174 0.6300 0.6600 0.7100
v 0.045952 -0.209957 0.265841 0.6300 0.6600 0.7100
v 0.037304 -0.212430 0.240881 0.6300 0.6600 0.7100
v 0.032291 -0.212705 0.229002 0.6300 0.6600 0.7100
v 0.030260 -0.212655 0.224666 0.6300 0.6600 0.7100
v 0.028163 -0.212518 0.220419 0.6300 0.6600 0.7100
v 0.023765 -0.211990 0.212212 0.6300 0.6600 0.7100
v 0.019461 -0.211222 0.205033 0.6300 0.6600 0.7100
v 0.017423 -0.210784 0.201888 0.6300 0.6600 0.7100
v 0.014100 -0.209966 0.197033 0.6300 0.6600 0.7100
v 0.010696 -0.209010 0.192389 0.6300 0.6600 0.7100
v 0.007200 -0.207918 0.187953 0.6300 0.6600 0.7100
v 0.004515 -0.207012 0.184764 0.6300 0.6600 0.7100
v 0.089381 -0.108238 0.409028 0.6300 0.6600 0.7100
v 0.062913 -0.130336 0.418603 0.6300 0.6600 0.7100
v 0.061969 -0.126727 0.422051 0.6300 0.6600 0.7100
v 0.090890 -0.112361 0.404072 0.6300 0.6600 0.7100
v 0.063492 -0.132735 0.416240 0.6300 0.6600 0.7100
v 0.029740 -0.126185 0.438633 0.6300 0.6600 0.7100
v 0.091255 -0.113453 0.402737 0.6300 0.6600 0.7100
v 0.092030 -0.115944 0.399656 0.6300 0.6600 0.7100
v 0.101935 -0.112188 0.387845 0.6300 0.6600 0.7100
v 0.092785 -0.118661 0.396237 0.6300 0.6600 0.7100
v 0.083290 -0.124139 0.403867 0.6300 0.6600 0.7100
v 0.064749 -0.138678 0.410134 0.6300 0.6600 0.7100
v 0.093392 -0.121150 0.393049 0.6300 0.6600 0.7100
v 0.020775 -0.135379 0.434664 0.6300 0.6600 0.7100
v 0.042105 -0.134861 0.427945 0.6300 0.6600 0.7100
v 0.103175 -0.118058 0.379526 0.6300 0.6600 0.7100
v 0.031862 -0.138081 0.429650 0.6300 0.6600 0.7100
v 0.042815 -0.138507 0.424810 0.6300 0.6600 0.7100
v 0.094240 -0.125454 0.387402 0.6300 0.6600 0.7100
v 0.084744 -0.130743 0.395969 0.6300 0.6600 0.7100
v 0.066160 -0.147983 0.399776 0.6300 0.6600 0.7100
v 0.043184 -0.140525 0.423016 0.6300 0.6600 0.7100
v 0.103594 -0.121190 0.374975 0.6300 0.6600 0.7100
v 0.032425 -0.141691 0.426654 0.6300 0.6600 0.7100
v 0.094609 -0.127927 0.384075 0.6300 0.6600 0.7100
v 0.032690 -0.143487 0.425113 0.6300 0.6600 0.7100
v 0.043667 -0.143333 0.420449 0.6300 0.6600 0.7100
v 0.032860 -0.144680 0.424071 0.6300 0.6600 0.7100
v 0.094888 -0.130383 0.380711 0.6300 0.6600 0.7100
v 0.033261 -0.147644 0.421414 0.6300 0.6600 0.7100
v 0.095153 -0.134593 0.374795 0.6300 0.6600 0.7100
v 0.085920 -0.140029 0.384073 0.6300 0.6600 0.7100
v 0.066793 -0.156964 0.388712 0.6300 0.6600 0.7100
v 0.103736 -0.131590 0.359248 0.6300 0.6600 0.7100
v 0.095177 -0.137714 0.370280 0.6300 0.6600 0.7100
v 0.086099 -0.145053 0.377202 0.6300 0.6600 0.7100
v 0.066759 -0.163433 0.379969 0.6300 0.6600 0.7100
v 0.045352 -0.156068 0.407666 0.6300 0.6600 0.7100
v 0.022979 -0.156779 0.416439 0.6300 0.6600 0.7100
v 0.034467 -0.158939 0.410335 0.6300 0.6600 0.7100
v 0.094763 -0.144107 0.360650 0.6300 0.6600 0.7100
v 0.045821 -0.162090 0.400883 0.6300 0.6600 0.7100
v 0.094508 -0.146103 0.357532 0.6300 0.6600 0.7100
v 0.034786 -0.163402 0.405491 0.6300 0.6600 0.7100
v 0.085712 -0.152896 0.365761 0.6300 0.6600 0.7100
v 0.066508 -0.167587 0.373957 0.6300 0.6600 0.7100
v 0.094027 -0.149047 0.352826 0.6300 0.6600 0.7100
v 0.101815 -0.142825 0.341023 0.6300 0.6600 0.7100
v 0.046030 -0.167203 0.394684 0.6300 0.6600 0.7100
v 0.034999 -0.167760 0.400470 0.6300 0.6600 0.7100
v 0.085295 -0.156252 0.360568 0.6300 0.6600 0.7100
v 0.065827 -0.173531 0.364717 0.6300 0.6600 0.7100
v 0.035088 -0.170952 0.396590 0.6300 0.6600 0.7100
v 0.092682 -0.154978 0.342925 0.6300 0.6600 0.7100
v 0.091608 -0.158628 0.336518 0.6300 0.6600 0.7100
v 0.083588 -0.164702 0.346542 0.6300 0.6600 0.7100
v 0.064426 -0.180883 0.352025 0.6300 0.6600 0.7100
v 0.045869 -0.177428 0.380848 0.6300 0.6600 0.7100
v 0.023790 -0.178282 0.392001 0.6300 0.6600 0.7100
v 0.090708 -0.161288 0.331683 0.6300 0.6600 0.7100
v 0.097827 -0.154490 0.320407 0.6300 0.6600 0.7100
v 0.034977 -0.180841 0.383311 0.6300 0.6600 0.7100
v 0.045645 -0.180679 0.375968 0.6300 0.6600 0.7100
v 0.082382 -0.168894 0.338991 0.6300 0.6600 0.7100
v 0.063056 -0.185932 0.342269 0.6300 0.6600 0.7100
v 0.034883 -0.182754 0.380487 0.6300 0.6600 0.7100
v 0.034700 -0.185546 0.376188 0.6300 0.6600 0.7100
v 0.045203 -0.185034 0.368984 0.6300 0.6600 0.7100
v 0.088590 -0.166622 0.321507 0.6300 0.6600 0.7100
v 0.087856 -0.168257 0.318245 0.6300 0.6600 0.7100
v 0.080072 -0.175219 0.326675 0.6300 0.6600 0.7100
v 0.062011 -0.189065 0.335675 0.6300 0.6600 0.7100
v 0.034384 -0.189121 0.370343 0.6300 0.6600 0.7100
v 0.086709 -0.170649 0.313344 0.6300 0.6600 0.7100
v 0.093131 -0.164132 0.301720 0.6300 0.6600 0.7100
v 0.078922 -0.177850 0.321164 0.6300 0.6600 0.7100
v 0.060275 -0.193401 0.325682 0.6300 0.6600 0.7100
v 0.043606 -0.194468 0.351612 0.6300 0.6600 0.7100
v 0.084165 -0.175405 0.303086 0.6300 0.6600 0.7100
v 0.022966 -0.195194 0.365685 0.6300 0.6600 0.7100
v 0.033293 -0.197103 0.355565 0.6300 0.6600 0.7100
v 0.083110 -0.177212 0.298990 0.6300 0.6600 0.7100
v 0.043000 -0.196988 0.346287 0.6300 0.6600 0.7100
v 0.075984 -0.183602 0.308134 0.6300 0.6600 0.7100
v 0.058706 -0.196674 0.317292 0.6300 0.6600 0.7100
v 0.057711 -0.198487 0.312244 0.6300 0.6600 0.7100
v 0.082456 -0.178269 0.296536 0.6300 0.6600 0.7100
v 0.032877 -0.199327 0.350906 0.6300 0.6600 0.7100
v 0.081545 -0.179647 0.293273 0.6300 0.6600 0.7100
v 0.042343 -0.199368 0.340906 0.6300 0.6600 0.7100
v 0.032580 -0.200747 0.347771 0.6300 0.6600 0.7100
v 0.041568 -0.201820 0.334934 0.6300 0.6600 0.7100
v 0.079640 -0.182298 0.286769 0.6300 0.6600 0.7100
v 0.052350 -0.205429 0.288772 0.6300 0.6600 0.7100
v 0.053181 -0.204587 0.292107 0.6300 0.6600 0.7100
v 0.032109 -0.202784 0.343031 0.6300 0.6600 0.7100
v 0.072190 -0.189420 0.293191 0.6300 0.6600 0.7100
v 0.056287 -0.200722 0.305517 0.6300 0.6600 0.7100
v 0.031694 -0.204393 0.339048 0.6300 0.6600 0.7100
v 0.039415 -0.207180 0.319789 0.6300 0.6600 0.7100
v 0.020883 -0.208708 0.335254 0.6300 0.6600 0.7100
v 0.038810 -0.208360 0.315915 0.6300 0.6600 0.7100
v 0.029897 -0.209906 0.323245 0.6300 0.6600 0.7100
v 0.029593 -0.210640 0.320796 0.6300 0.6600 0.7100
v 0.037723 -0.210214 0.309262 0.6300 0.6600 0.7100
v 0.029176 -0.211572 0.317523 0.6300 0.6600 0.7100
v 0.069868 -0.192314 0.258756 0.6300 0.6600 0.7100
v 0.051497 -0.206221 0.285447 0.6300 0.6600 0.7100
v 0.049730 -0.207659 0.278840 0.6300 0.6600 0.7100
v 0.036769 -0.211594 0.303711 0.6300 0.6600 0.7100
v 0.028307 -0.213277 0.310954 0.6300 0.6600 0.7100
v 0.036376 -0.212105 0.301491 0.6300 0.6600 0.7100
v 0.028082 -0.213669 0.309308 0.6300 0.6600 0.7100
v 0.027854 -0.214049 0.307660 0.6300 0.6600 0.7100
v 0.018007 -0.217042 0.304154 0.6300 0.6600 0.7100
v 0.025481 -0.217066 0.291521 0.6300 0.6600 0.7100
v 0.002708 -0.208363 0.188568 0.6300 0.6600 0.7100
v 0.001808 -0.207393 0.185604 0.6300 0.6600 0.7100
v 0.001131 -0.206640 0.183390 0.6300 0.6600 0.7100
v 0.000678 -0.207147 0.184841 0.6300 0.6600 0.7100
v 0.000453 -0.206556 0.183134 0.6300 0.6600 0.7100
v 0.000283 -0.206105 0.181854 0.6300 0.6600 0.7100
v 0.000170 -0.206320 0.182462 0.6300 0.6600 0.7100
v 0.000113 -0.205996 0.181549 0.6300 0.6600 0.7100
v 0.000071 -0.205751 0.180863 0.6300 0.6600 0.7100
v 0.000042 -0.205849 0.181137 0.6300 0.6600 0.7100
v 0.000028 -0.205680 0.180665 0.6300 0.6600 0.7100
v 0.000018 -0.205552 0.180311 0.6300 0.6600 0.7100
v 0.000011 -0.205599 0.180440 0.6300 0.6600 0.7100
v 0.000007 -0.205512 0.180200 0.6300 0.6600 0.7100
v 0.115867 -0.125637 0.317766 0.6300 0.6600 0.7100
v 0.096846 -0.159765 0.258653 0.6300 0.6600 0.7100
v 0.082404 -0.175870 0.230759 0.6300 0.6600 0.7100
v 0.067898 -0.186990 0.211499 0.6300 0.6600 0.7100
v 0.054322 -0.194288 0.198858 0.6300 0.6600 0.7100
v 0.042415 -0.198860 0.190940 0.6300 0.6600 0.7100
v 0.032665 -0.201581 0.186227 0.6300 0.6600 0.7100
v 0.019926 -0.203956 0.182113 0.6300 0.6600 0.7100
v 0.010050 -0.204973 0.180351 0.6300 0.6600 0.7100
v -0.000000 -0.205314 0.179760 0.6300 0.6600 0.7100
v -0.012289 -0.204805 0.180642 0.6300 0.6600 0.7100
v -0.024218 -0.203295 0.183257 0.6300 0.6600 0.7100
v -0.032493 -0.201622 0.186156 0.6300 0.6600 0.7100
v -0.040633 -0.199422 0.189967 0.6300 0.6600 0.7100
v -0.048270 -0.196798 0.194511 0.6300 0.6600 0.7100
v -0.057639 -0.192730 0.201556 0.6300 0.6600 0.7100
v -0.066929 -0.187598 0.210445 0.6300 0.6600 0.7100
v -0.075086 -0.181986 0.220166 0.6300 0.6600 0.7100
v -0.084414 -0.173981 0.234030 0.6300 0.6600 0.7100
v -0.095639 -0.161377 0.255861 0.6300 0.6600 0.7100
v -0.107034 -0.143693 0.286491 0.6300 0.6600 0.7100
v -0.115887 -0.125588 0.317850 0.6300 0.6600 0.7100
v -0.096884 -0.159708 0.258753 0.6300 0.6600 0.7100
v -0.082484 -0.175809 0.230865 0.6300 0.6600 0.7100
v -0.068152 -0.186844 0.211751 0.6300 0.6600 0.7100
v -0.054543 -0.194206 0.199000 0.6300 0.6600 0.7100
v -0.042664 -0.198799 0.191044 0.6300 0.6600 0.7100
v -0.032784 -0.201574 0.186239 0.6300 0.6600 0.7100
v -0.020023 -0.203965 0.182097 0.6300 0.6600 0.7100
v -0.010136 -0.204990 0.180322 0.6300 0.6600 0.7100
v 0.000000 -0.205337 0.179720 0.6300 0.6600 0.7100
v 0.012274 -0.204827 0.180605 0.6300 0.6600 0.7100
v 0.024092 -0.203339 0.183182 0.6300 0.6600 0.7100
v 0.035279 -0.200954 0.187312 0.6300 0.6600 0.7100
v 0.045733 -0.197754 0.192855 0.6300 0.6600 0.7100
v 0.055191 -0.193911 0.199511 0.6300 0.6600 0.7100
v 0.063731 -0.189519 0.207118 0.6300 0.6600 0.7100
v 0.073572 -0.183132 0.218181 0.6300 0.6600 0.7100
v 0.082896 -0.175429 0.231523 0.6300 0.6600 0.7100
v 0.093142 -0.164512 0.250432 0.6300 0.6600 0.7100
v 0.106135 -0.145311 0.283689 0.6300 0.6600 0.7100
v -0.000000 -0.192313 0.158075 0.6300 0.6600 0.7100
v -0.000000 -0.193118 0.158145 0.6300 0.6600 0.7100
v 0.000000 -0.193901 0.158347 0.6300 0.6600 0.7100
v 0.000000 -0.194643 0.158670 0.6300 0.6600 0.7100
v 0.000000 -0.195326 0.159105 0.6300 0.6600 0.7100
v 0.000000 -0.195933 0.159640 0.6300 0.6600 0.7100
v 0.000000 -0.196367 0.160154 0.6300 0.6600 0.7100
v -0.000000 -0.196726 0.160725 0.6300 0.6600 0.7100
v 0.005857 -0.172000 0.139970 0.6300 0.6600 0.7100
v 0.007269 -0.173608 0.141199 0.6300 0.6600 0.7100
v 0.008364 -0.175341 0.142583 0.6300 0.6600 0.7100
v 0.009170 -0.177146 0.144084 0.6300 0.6600 0.7100
v 0.009706 -0.178979 0.145666 0.6300 0.6600 0.7100
v 0.009971 -0.180818 0.147303 0.6300 0.6600 0.7100
v 0.009961 -0.182642 0.148965 0.6300 0.6600 0.7100
v 0.009670 -0.184430 0.150624 0.6300 0.6600 0.7100
v 0.009084 -0.186177 0.152265 0.6300 0.6600 0.7100
v 0.008174 -0.187845 0.153842 0.6300 0.6600 0.7100
v 0.006910 -0.189387 0.155304 0.6300 0.6600 0.7100
v 0.005606 -0.190497 0.156357 0.6300 0.6600 0.7100
v 0.004316 -0.191277 0.157096 0.6300 0.6600 0.7100
v 0.003115 -0.191786 0.157577 0.6300 0.6600 0.7100
v 0.001933 -0.192112 0.157885 0.6300 0.6600 0.7100
v 0.000979 -0.192261 0.158026 0.6300 0.6600 0.7100
v 0.009115 -0.175485 0.132347 0.6300 0.6600 0.7100
v 0.008517 -0.175902 0.132802 0.6300 0.6600 0.7100
v 0.007928 -0.176203 0.133348 0.6300 0.6600 0.7100
v 0.007363 -0.176381 0.133971 0.6300 0.6600 0.7100
v 0.006840 -0.176429 0.134651 0.6300 0.6600 0.7100
v 0.006375 -0.176346 0.135369 0.6300 0.6600 0.7100
v 0.005981 -0.176135 0.136102 0.6300 0.6600 0.7100
v 0.005670 -0.175803 0.136830 0.6300 0.6600 0.7100
v 0.005451 -0.175357 0.137532 0.6300 0.6600 0.7100
v 0.005330 -0.174813 0.138185 0.6300 0.6600 0.7100
v 0.005311 -0.174186 0.138772 0.6300 0.6600 0.7100
v 0.005395 -0.173494 0.139274 0.6300 0.6600 0.7100
v 0.005579 -0.172758 0.139677 0.6300 0.6600 0.7100
v 0.001723 -0.196658 0.160628 0.6300 0.6600 0.7100
v 0.003406 -0.196460 0.160349 0.6300 0.6600 0.7100
v 0.005030 -0.196142 0.159900 0.6300 0.6600 0.7100
v 0.006579 -0.195715 0.159296 0.6300 0.6600 0.7100
v 0.008035 -0.195188 0.158550 0.6300 0.6600 0.7100
v 0.009381 -0.194571 0.157677 0.6300 0.6600 0.7100
v 0.010600 -0.193875 0.156689 0.6300 0.6600 0.7100
v 0.011688 -0.193113 0.155605 0.6300 0.6600 0.7100
v 0.012937 -0.192008 0.154035 0.6300 0.6600 0.7100
v 0.014063 -0.190668 0.152136 0.6300 0.6600 0.7100
v 0.014892 -0.189255 0.150140 0.6300 0.6600 0.7100
v 0.015421 -0.187796 0.148093 0.6300 0.6600 0.7100
v 0.015664 -0.186303 0.146023 0.6300 0.6600 0.7100
v 0.015629 -0.184788 0.143952 0.6300 0.6600 0.7100
v 0.015320 -0.183260 0.141903 0.6300 0.6600 0.7100
v 0.014744 -0.181732 0.139899 0.6300 0.6600 0.7100
v 0.013913 -0.180227 0.137982 0.6300 0.6600 0.7100
v 0.012835 -0.178770 0.136181 0.6300 0.6600 0.7100
v 0.011500 -0.177363 0.134499 0.6300 0.6600 0.7100
v 0.010373 -0.176392 0.133373 0.6300 0.6600 0.7100
v 0.004392 -0.194235 0.157937 0.6300 0.6600 0.7100
v 0.007984 -0.192488 0.155661 0.6300 0.6600 0.7100
v 0.008609 -0.178381 0.138773 0.6300 0.6600 0.7100
v 0.008052 -0.190270 0.154460 0.6300 0.6600 0.7100
v 0.010407 -0.190039 0.152497 0.6300 0.6600 0.7100
v 0.009507 -0.188175 0.152135 0.6300 0.6600 0.7100
v 0.011703 -0.191260 0.153060 0.6300 0.6600 0.7100
v 0.010283 -0.185876 0.149641 0.6300 0.6600 0.7100
v 0.012189 -0.190632 0.152183 0.6300 0.6600 0.7100
v 0.010405 -0.185016 0.148726 0.6300 0.6600 0.7100
v 0.011607 -0.187207 0.148909 0.6300 0.6600 0.7100
v 0.013012 -0.189195 0.150186 0.6300 0.6600 0.7100
v 0.013280 -0.188518 0.149250 0.6300 0.6600 0.7100
v 0.010423 -0.183477 0.147124 0.6300 0.6600 0.7100
v 0.013478 -0.187835 0.148310 0.6300 0.6600 0.7100
v 0.010327 -0.182595 0.146227 0.6300 0.6600 0.7100
v 0.011642 -0.184205 0.145243 0.6300 0.6600 0.7100
v 0.013608 -0.187145 0.147369 0.6300 0.6600 0.7100
v 0.010154 -0.181711 0.145344 0.6300 0.6600 0.7100
v 0.013670 -0.185595 0.145276 0.6300 0.6600 0.7100
v 0.009674 -0.180170 0.143854 0.6300 0.6600 0.7100
v 0.013596 -0.184890 0.144338 0.6300 0.6600 0.7100
v 0.013461 -0.184182 0.143406 0.6300 0.6600 0.7100
v 0.009301 -0.179295 0.143036 0.6300 0.6600 0.7100
v 0.010605 -0.181205 0.141782 0.6300 0.6600 0.7100
v 0.012949 -0.182629 0.141395 0.6300 0.6600 0.7100
v 0.008490 -0.177807 0.141700 0.6300 0.6600 0.7100
v 0.012621 -0.181927 0.140505 0.6300 0.6600 0.7100
v 0.007932 -0.176977 0.140988 0.6300 0.6600 0.7100
v 0.012237 -0.181236 0.139641 0.6300 0.6600 0.7100
v 0.007308 -0.176167 0.140319 0.6300 0.6600 0.7100
v 0.011193 -0.179748 0.137823 0.6300 0.6600 0.7100
v 0.010640 -0.179103 0.137056 0.6300 0.6600 0.7100
v 0.010033 -0.178474 0.136320 0.6300 0.6600 0.7100
v 0.011050 -0.188896 0.151038 0.6300 0.6600 0.7100
v 0.011734 -0.186339 0.147832 0.6300 0.6600 0.7100
v 0.011765 -0.185588 0.146911 0.6300 0.6600 0.7100
v 0.011436 -0.183285 0.144157 0.6300 0.6600 0.7100
v 0.009866 -0.179971 0.140434 0.6300 0.6600 0.7100
v 0.009356 -0.179268 0.139688 0.6300 0.6600 0.7100
v 0.009115 -0.175485 0.132347 0.6300 0.6600 0.7100
v 0.007833 -0.174773 0.131552 0.6300 0.6600 0.7100
v 0.006406 -0.174204 0.130917 0.6300 0.6600 0.7100
v 0.004878 -0.173770 0.130434 0.6300 0.6600 0.7100
v 0.003289 -0.173466 0.130095 0.6300 0.6600 0.7100
v 0.001660 -0.173287 0.129895 0.6300 0.6600 0.7100
v -0.000000 -0.173228 0.129830 0.6300 0.6600 0.7100
v 0.008517 -0.175902 0.132802 0.6300 0.6600 0.7100
v 0.007928 -0.176203 0.133348 0.6300 0.6600 0.7100
v 0.007363 -0.176381 0.133971 0.6300 0.6600 0.7100
v 0.006840 -0.176429 0.134651 0.6300 0.6600 0.7100
v 0.006375 -0.176346 0.135369 0.6300 0.6600 0.7100
v 0.005981 -0.176135 0.136102 0.6300 0.6600 0.7100
v 0.005670 -0.175803 0.136830 0.6300 0.6600 0.7100
v 0.005451 -0.175357 0.137532 0.6300 0.6600 0.7100
v 0.005330 -0.174813 0.138185 0.6300 0.6600 0.7100
v 0.005311 -0.174186 0.138772 0.6300 0.6600 0.7100
v 0.005395 -0.173494 0.139274 0.6300 0.6600 0.7100
v 0.005579 -0.172758 0.139677 0.6300 0.6600 0.7100
v 0.005857 -0.172000 0.139970 0.6300 0.6600 0.7100
v 0.004523 -0.172000 0.139156 0.6300 0.6600 0.7100
v 0.003078 -0.172000 0.138560 0.6300 0.6600 0.7100
v 0.001558 -0.172000 0.138197 0.6300 0.6600 0.7100
v -0.000000 -0.172000 0.138075 0.6300 0.6600 0.7100
v -0.000000 -0.173787 0.130428 0.6300 0.6600 0.7100
v -0.000000 -0.174239 0.131112 0.6300 0.6600 0.7100
v -0.000000 -0.174576 0.131859 0.6300 0.6600 0.7100
v -0.000000 -0.174792 0.132650 0.6300 0.6600 0.7100
v -0.000000 -0.174878 0.133464 0.6300 0.6600 0.7100
v -0.000000 -0.174828 0.134282 0.6300 0.6600 0.7100
v -0.000000 -0.174638 0.135079 0.6300 0.6600 0.7100
v -0.000000 -0.174318 0.135833 0.6300 0.6600 0.7100
v -0.000000 -0.173881 0.136527 0.6300 0.6600 0.7100
v -0.000000 -0.173341 0.137143 0.6300 0.6600 0.7100
v -0.000000 -0.172709 0.137665 0.6300 0.6600 0.7100
v -0.000000 -0.174828 0.134282 0.6300 0.6600 0.7100
v 0.003411 -0.175158 0.134879 0.6300 0.6600 0.7100
v 0.004808 -0.175537 0.135584 0.6300 0.6600 0.7100
v 0.003456 -0.174859 0.132106 0.6300 0.6600 0.7100
v 0.004107 -0.175003 0.132281 0.6300 0.6600 0.7100
v 0.004738 -0.175173 0.132489 0.6300 0.6600 0.7100
v 0.005633 -0.175475 0.132857 0.6300 0.6600 0.7100
v 0.003038 -0.173923 0.137233 0.6300 0.6600 0.7100
v 0.003715 -0.173988 0.137549 0.6300 0.6600 0.7100
v 0.004997 -0.175084 0.137279 0.6300 0.6600 0.7100
v 0.004322 -0.174057 0.137915 0.6300 0.6600 0.7100
v -0.000000 -0.192313 0.158075 0.6300 0.6600 0.7100
v -0.000000 -0.193118 0.158145 0.6300 0.6600 0.7100
v 0.000000 -0.193901 0.158347 0.6300 0.6600 0.7100
v 0.000000 -0.194643 0.158670 0.6300 0.6600 0.7100
v 0.000000 -0.195326 0.159105 0.6300 0.6600 0.7100
v 0.000000 -0.195933 0.159640 0.6300 0.6600 0.7100
v 0.000000 -0.196367 0.160154 0.6300 0.6600 0.7100
v -0.000000 -0.196726 0.160725 0.6300 0.6600 0.7100
v -0.009115 -0.175485 0.132347 0.6300 0.6600 0.7100
v -0.011319 -0.177186 0.134295 0.6300 0.6600 0.7100
v -0.013076 -0.179053 0.136531 0.6300 0.6600 0.7100
v -0.014388 -0.181025 0.138992 0.6300 0.6600 0.7100
v -0.015253 -0.183043 0.141615 0.6300 0.6600 0.7100
v -0.015653 -0.185070 0.144336 0.6300 0.6600 0.7100
v -0.015573 -0.187073 0.147088 0.6300 0.6600 0.7100
v -0.015000 -0.189017 0.149806 0.6300 0.6600 0.7100
v -0.013917 -0.190878 0.152432 0.6300 0.6600 0.7100
v -0.012495 -0.192440 0.154649 0.6300 0.6600 0.7100
v -0.010844 -0.193718 0.156465 0.6300 0.6600 0.7100
v -0.008844 -0.194835 0.158051 0.6300 0.6600 0.7100
v -0.006787 -0.195651 0.159206 0.6300 0.6600 0.7100
v -0.004770 -0.196205 0.159990 0.6300 0.6600 0.7100
v -0.002630 -0.196569 0.160504 0.6300 0.6600 0.7100
v -0.001327 -0.196686 0.160668 0.6300 0.6600 0.7100
v -0.005857 -0.172000 0.139970 0.6300 0.6600 0.7100
v -0.005579 -0.172758 0.139677 0.6300 0.6600 0.7100
v -0.005395 -0.173494 0.139274 0.6300 0.6600 0.7100
v -0.005311 -0.174186 0.138772 0.6300 0.6600 0.7100
v -0.005330 -0.174813 0.138185 0.6300 0.6600 0.7100
v -0.005451 -0.175357 0.137532 0.6300 0.6600 0.7100
v -0.005670 -0.175803 0.136830 0.6300 0.6600 0.7100
v -0.005981 -0.176135 0.136102 0.6300 0.6600 0.7100
v -0.006375 -0.176346 0.135369 0.6300 0.6600 0.7100
v -0.006840 -0.176429 0.134651 0.6300 0.6600 0.7100
v -0.007363 -0.176381 0.133971 0.6300 0.6600 0.7100
v -0.007928 -0.176203 0.133348 0.6300 0.6600 0.7100
v -0.008517 -0.175902 0.132802 0.6300 0.6600 0.7100
v -0.001131 -0.192244 0.158010 0.6300 0.6600 0.7100
v -0.002228 -0.192045 0.157822 0.6300 0.6600 0.7100
v -0.003273 -0.191729 0.157523 0.6300 0.6600 0.7100
v -0.004251 -0.191310 0.157126 0.6300 0.6600 0.7100
v -0.005144 -0.190808 0.156651 0.6300 0.6600 0.7100
v -0.005952 -0.190239 0.156112 0.6300 0.6600 0.7100
v -0.006902 -0.189395 0.155312 0.6300 0.6600 0.7100
v -0.007804 -0.188361 0.154331 0.6300 0.6600 0.7100
v -0.008539 -0.187262 0.153289 0.6300 0.6600 0.7100
v -0.009113 -0.186111 0.152202 0.6300 0.6600 0.7100
v -0.009648 -0.184518 0.150707 0.6300 0.6600 0.7100
v -0.009958 -0.182681 0.149001 0.6300 0.6600 0.7100
v -0.009971 -0.180811 0.147297 0.6300 0.6600 0.7100
v -0.009695 -0.178929 0.145622 0.6300 0.6600 0.7100
v -0.009136 -0.177056 0.144007 0.6300 0.6600 0.7100
v -0.008297 -0.175214 0.142480 0.6300 0.6600 0.7100
v -0.007224 -0.173549 0.141153 0.6300 0.6600 0.7100
v -0.008610 -0.178382 0.138774 0.6300 0.6600 0.7100
v -0.007990 -0.192484 0.155655 0.6300 0.6600 0.7100
v -0.004394 -0.194235 0.157936 0.6300 0.6600 0.7100
v -0.007284 -0.176138 0.140297 0.6300 0.6600 0.7100
v -0.007891 -0.176918 0.140941 0.6300 0.6600 0.7100
v -0.008466 -0.177769 0.141667 0.6300 0.6600 0.7100
v -0.009955 -0.178396 0.136228 0.6300 0.6600 0.7100
v -0.009282 -0.179254 0.142999 0.6300 0.6600 0.7100
v -0.010757 -0.179231 0.137206 0.6300 0.6600 0.7100
v -0.009666 -0.180148 0.143833 0.6300 0.6600 0.7100
v -0.010607 -0.181210 0.141787 0.6300 0.6600 0.7100
v -0.011471 -0.180102 0.138250 0.6300 0.6600 0.7100
v -0.010149 -0.181693 0.145327 0.6300 0.6600 0.7100
v -0.012450 -0.181606 0.140102 0.6300 0.6600 0.7100
v -0.010327 -0.182598 0.146230 0.6300 0.6600 0.7100
v -0.012906 -0.182530 0.141270 0.6300 0.6600 0.7100
v -0.010425 -0.183501 0.147149 0.6300 0.6600 0.7100
v -0.011644 -0.184216 0.145256 0.6300 0.6600 0.7100
v -0.013437 -0.184089 0.143283 0.6300 0.6600 0.7100
v -0.010402 -0.185040 0.148752 0.6300 0.6600 0.7100
v -0.013614 -0.185026 0.144519 0.6300 0.6600 0.7100
v -0.010274 -0.185924 0.149692 0.6300 0.6600 0.7100
v -0.011605 -0.187216 0.148921 0.6300 0.6600 0.7100
v -0.013682 -0.185961 0.145767 0.6300 0.6600 0.7100
v -0.013548 -0.187505 0.147860 0.6300 0.6600 0.7100
v -0.009524 -0.188140 0.152097 0.6300 0.6600 0.7100
v -0.013316 -0.188411 0.149102 0.6300 0.6600 0.7100
v -0.009225 -0.188695 0.152708 0.6300 0.6600 0.7100
v -0.010408 -0.190037 0.152494 0.6300 0.6600 0.7100
v -0.012967 -0.189302 0.150332 0.6300 0.6600 0.7100
v -0.007834 -0.190498 0.154717 0.6300 0.6600 0.7100
v -0.012124 -0.190728 0.152316 0.6300 0.6600 0.7100
v -0.011525 -0.191469 0.153351 0.6300 0.6600 0.7100
v -0.009471 -0.179418 0.139846 0.6300 0.6600 0.7100
v -0.011420 -0.183232 0.144095 0.6300 0.6600 0.7100
v -0.011742 -0.185022 0.146223 0.6300 0.6600 0.7100
v -0.011764 -0.185778 0.147143 0.6300 0.6600 0.7100
v -0.011037 -0.188929 0.151078 0.6300 0.6600 0.7100
v -0.000000 -0.173228 0.129830 0.6300 0.6600 0.7100
v -0.000000 -0.173787 0.130428 0.6300 0.6600 0.7100
v -0.000000 -0.174239 0.131112 0.6300 0.6600 0.7100
v -0.000000 -0.174576 0.131859 0.6300 0.6600 0.7100
v -0.000000 -0.174792 0.132650 0.6300 0.6600 0.7100
v -0.000000 -0.174878 0.133464 0.6300 0.6600 0.7100
v -0.000000 -0.174828 0.134282 0.6300 0.6600 0.7100
v -0.000000 -0.174638 0.135079 0.6300 0.6600 0.7100
v -0.000000 -0.174318 0.135833 0.6300 0.6600 0.7100
v -0.000000 -0.173881 0.136527 0.6300 0.6600 0.7100
v -0.000000 -0.173341 0.137143 0.6300 0.6600 0.7100
v -0.000000 -0.172709 0.137665 0.6300 0.6600 0.7100
v -0.000000 -0.172000 0.138075 0.6300 0.6600 0.7100
v -0.001558 -0.172000 0.138197 0.6300 0.6600 0.7100
v -0.003078 -0.172000 0.138560 0.6300 0.6600 0.7100
v -0.004523 -0.172000 0.139156 0.6300 0.6600 0.7100
v -0.005857 -0.172000 0.139970 0.6300 0.6600 0.7100
v -0.005579 -0.172758 0.139677 0.6300 0.6600 0.7100
v -0.005395 -0.173494 0.139274 0.6300 0.6600 0.7100
v -0.005311 -0.174186 0.138772 0.6300 0.6600 0.7100
v -0.005330 -0.174813 0.138185 0.6300 0.6600 0.7100
v -0.005451 -0.175357 0.137532 0.6300 0.6600 0.7100
v -0.005670 -0.175803 0.136830 0.6300 0.6600 0.7100
v -0.005981 -0.176135 0.136102 0.6300 0.6600 0.7100
v -0.006375 -0.176346 0.135369 0.6300 0.6600 0.7100
v -0.006840 -0.176429 0.134651 0.6300 0.6600 0.7100
v -0.007363 -0.176381 0.133971 0.6300 0.6600 0.7100
v -0.007928 -0.176203 0.133348 0.6300 0.6600 0.7100
v -0.008517 -0.175902 0.132802 0.6300 0.6600 0.7100
v -0.009115 -0.175485 0.132347 0.6300 0.6600 0.7100
v -0.002412 -0.173354 0.129970 0.6300 0.6600 0.7100
v -0.004750 -0.173741 0.130401 0.6300 0.6600 0.7100
v -0.006285 -0.174163 0.130872 0.6300 0.6600 0.7100
v -0.007777 -0.174746 0.131522 0.6300 0.6600 0.7100
v -0.004810 -0.175538 0.135585 0.6300 0.6600 0.7100
v -0.003414 -0.175158 0.134880 0.6300 0.6600 0.7100
v -0.005587 -0.175458 0.132836 0.6300 0.6600 0.7100
v -0.004688 -0.175159 0.132471 0.6300 0.6600 0.7100
v -0.004055 -0.174990 0.132266 0.6300 0.6600 0.7100
v -0.004997 -0.175084 0.137280 0.6300 0.6600 0.7100
v -0.004322 -0.174057 0.137915 0.6300 0.6600 0.7100
v -0.003716 -0.173989 0.137549 0.6300 0.6600 0.7100
v -0.003039 -0.173924 0.137234 0.6300 0.6600 0.7100
v -0.000000 0.075000 0.026475 0.6300 0.6600 0.7100
v -0.013024 0.073861 0.026475 0.6300 0.6600 0.7100
v -0.025652 0.070477 0.026475 0.6300 0.6600 0.7100
v -0.037500 0.064952 0.026475 0.6300 0.6600 0.7100
v -0.048209 0.057453 0.026475 0.6300 0.6600 0.7100
v -0.057453 0.048209 0.026475 0.6300 0.6600 0.7100
v -0.064952 0.037500 0.026475 0.6300 0.6600 0.7100
v -0.070477 0.025652 0.026475 0.6300 0.6600 0.7100
v -0.073861 0.013024 0.026475 0.6300 0.6600 0.7100
v -0.075000 0.000000 0.026475 0.6300 0.6600 0.7100
v -0.073861 -0.013024 0.026475 0.6300 0.6600 0.7100
v -0.070477 -0.025652 0.026475 0.6300 0.6600 0.7100
v -0.064952 -0.037500 0.026475 0.6300 0.6600 0.7100
v -0.057453 -0.048209 0.026475 0.6300 0.6600 0.7100
v -0.048209 -0.057453 0.026475 0.6300 0.6600 0.7100
v -0.037500 -0.064952 0.026475 0.6300 0.6600 0.7100
v -0.025652 -0.070477 0.026475 0.6300 0.6600 0.7100
v -0.013024 -0.073861 0.026475 0.6300 0.6600 0.7100
v -0.000000 -0.075000 0.026475 0.6300 0.6600 0.7100
v 0.013024 -0.073861 0.026475 0.6300 0.6600 0.7100
v 0.025652 -0.070477 0.026475 0.6300 0.6600 0.7100
v 0.037500 -0.064952 0.026475 0.6300 0.6600 0.7100
v 0.048209 -0.057453 0.026475 0.6300 0.6600 0.7100
v 0.057453 -0.048209 0.026475 0.6300 0.6600 0.7100
v 0.064952 -0.037500 0.026475 0.6300 0.6600 0.7100
v 0.070477 -0.025652 0.026475 0.6300 0.6600 0.7100
v 0.073861 -0.013024 0.026475 0.6300 0.6600 0.7100
v 0.075000 -0.000000 0.026475 0.6300 0.6600 0.7100
v 0.073861 0.013024 0.026475 0.6300 0.6600 0.7100
v 0.070477 0.025652 0.026475 0.6300 0.6600 0.7100
v 0.064952 0.037500 0.026475 0.6300 0.6600 0.7100
v 0.057453 0.048209 0.026475 0.6300 0.6600 0.7100
v 0.048209 0.057453 0.026475 0.6300 0.6600 0.7100
v 0.037500 0.064952 0.026475 0.6300 0.6600 0.7100
v 0.025652 0.070477 0.026475 0.6300 0.6600 0.7100
v 0.013024 0.073861 0.026475 0.6300 0.6600 0.7100
v -0.000000 0.075000 0.026475 0.6300 0.6600 0.7100
v -0.000000 0.075000 0.024475 0.6300 0.6600 0.7100
v -0.000000 0.075000 0.024475 0.6300 0.6600 0.7100
v 0.013024 0.073861 0.024475 0.6300 0.6600 0.7100
v 0.025652 0.070477 0.024475 0.6300 0.6600 0.7100
v 0.037500 0.064952 0.024475 0.6300 0.6600 0.7100
v 0.048209 0.057453 0.024475 0.6300 0.6600 0.7100
v 0.057453 0.048209 0.024475 0.6300 0.6600 0.7100
v 0.064952 0.037500 0.024475 0.6300 0.6600 0.7100
v 0.070477 0.025652 0.024475 0.6300 0.6600 0.7100
v 0.073861 0.013024 0.024475 0.6300 0.6600 0.7100
v 0.075000 0.000000 0.024475 0.6300 0.6600 0.7100
v 0.073861 -0.013024 0.024475 0.6300 0.6600 0.7100
v 0.070477 -0.025652 0.024475 0.6300 0.6600 0.7100
v 0.064952 -0.037500 0.024475 0.6300 0.6600 0.7100
v 0.057453 -0.048209 0.024475 0.6300 0.6600 0.7100
v 0.048209 -0.057453 0.024475 0.6300 0.6600 0.7100
v 0.037500 -0.064952 0.024475 0.6300 0.6600 0.7100
v 0.025652 -0.070477 0.024475 0.6300 0.6600 0.7100
v 0.013024 -0.073861 0.024475 0.6300 0.6600 0.7100
v 0.000000 -0.075000 0.024475 0.6300 0.6600 0.7100
v -0.013024 -0.073861 0.024475 0.6300 0.6600 0.7100
v -0.025652 -0.070477 0.024475 0.6300 0.6600 0.7100
v -0.037500 -0.064952 0.024475 0.6300 0.6600 0.7100
v -0.048209 -0.057453 0.024475 0.6300 0.6600 0.7100
v -0.057453 -0.048209 0.024475 0.6300 0.6600 0.7100
v -0.064952 -0.037500 0.024475 0.6300 0.6600 0.7100
v -0.070477 -0.025652 0.024475 0.6300 0.6600 0.7100
v -0.073861 -0.013024 0.024475 0.6300 0.6600 0.7100
v -0.075000 -0.000000 0.024475 0.6300 0.6600 0.7100
v -0.073861 0.013024 0.024475 0.6300 0.6600 0.7100
v -0.070477 0.025652 0.024475 0.6300 0.6600 0.7100
v -0.064952 0.037500 0.024475 0.6300 0.6600 0.7100
v -0.057453 0.048209 0.024475 0.6300 0.6600 0.7100
v -0.048209 0.057453 0.024475 0.6300 0.6600 0.7100
v -0.037500 0.064952 0.024475 0.6300 0.6600 0.7100
v -0.025652 0.070477 0.024475 0.6300 0.6600 0.7100
v -0.013024 0.073861 0.024475 0.6300 0.6600 0.7100
v -0.000000 0.075000 0.026475 0.6300 0.6600 0.7100
v -0.013024 0.073861 0.026475 0.6300 0.6600 0.7100
v -0.025652 0.070477 0.026475 0.6300 0.6600 0.7100
v -0.037500 0.064952 0.026475 0.6300 0.6600 0.7100
v -0.048209 0.057453 0.026475 0.6300 0.6600 0.7100
v -0.057453 0.048209 0.026475 0.6300 0.6600 0.7100
v -0.064952 0.037500 0.026475 0.6300 0.6600 0.7100
v -0.070477 0.025652 0.026475 0.6300 0.6600 0.7100
v -0.073861 0.013024 0.026475 0.6300 0.6600 0.7100
v -0.075000 0.000000 0.026475 0.6300 0.6600 0.7100
v -0.073861 -0.013024 0.026475 0.6300 0.6600 0.7100
v -0.070477 -0.025652 0.026475 0.6300 0.6600 0.7100
v -0.064952 -0.037500 0.026475 0.6300 0.6600 0.7100
v -0.057453 -0.048209 0.026475 0.6300 0.6600 0.7100
v -0.048209 -0.057453 0.026475 0.6300 0.6600 0.7100
v -0.037500 -0.064952 0.026475 0.6300 0.6600 0.7100
v -0.025652 -0.070477 0.026475 0.6300 0.6600 0.7100
v -0.013024 -0.073861 0.026475 0.6300 0.6600 0.7100
v -0.000000 -0.075000 0.026475 0.6300 0.6600 0.7100
v 0.013024 -0.073861 0.026475 0.6300 0.6600 0.7100
v 0.025652 -0.070477 0.026475 0.6300 0.6600 0.7100
v 0.037500 -0.064952 0.026475 0.6300 0.6600 0.7100
v 0.048209 -0.057453 0.026475 0.6300 0.6600 0.7100
v 0.057453 -0.048209 0.026475 0.6300 0.6600 0.7100
v 0.064952 -0.037500 0.026475 0.6300 0.6600 0.7100
v 0.070477 -0.025652 0.026475 0.6300 0.6600 0.7100
v 0.073861 -0.013024 0.026475 0.6300 0.6600 0.7100
v 0.075000 -0.000000 0.026475 0.6300 0.6600 0.7100
v 0.073861 0.013024 0.026475 0.6300 0.6600 0.7100
v 0.070477 0.025652 0.026475 0.6300 0.6600 0.7100
v 0.064952 0.037500 0.026475 0.6300 0.6600 0.7100
v 0.057453 0.048209 0.026475 0.6300 0.6600 0.7100
v 0.048209 0.057453 0.026475 0.6300 0.6600 0.7100
v 0.037500 0.064952 0.026475 0.6300 0.6600 0.7100
v 0.025652 0.070477 0.026475 0.6300 0.6600 0.7100
v 0.013024 0.073861 0.026475 0.6300 0.6600 0.7100
v 0.135623 0.148600 0.317975 0.6300 0.6600 0.7100
v 0.135623 0.145100 0.317975 0.6300 0.6600 0.7100
v 0.139265 0.145100 0.317975 0.6300 0.6600 0.7100
v 0.139146 0.148600 0.317975 0.6300 0.6600 0.7100
v 0.139264 0.145100 0.320975 0.6300 0.6600 0.7100
v 0.139146 0.148600 0.320975 0.6300 0.6600 0.7100
v 0.135623 0.145100 0.320975 0.6300 0.6600 0.7100
v 0.135623 0.148600 0.320975 0.6300 0.6600 0.7100
v 0.135000 0.145100 0.320975 0.6300 0.6600 0.7100
v 0.135000 0.144741 0.320931 0.6300 0.6600 0.7100
v 0.135000 0.144403 0.320803 0.6300 0.6600 0.7100
v 0.135000 0.144105 0.320598 0.6300 0.6600 0.7100
v 0.135000 0.143866 0.320327 0.6300 0.6600 0.7100
v 0.135000 0.143697 0.320007 0.6300 0.6600 0.7100
v 0.135000 0.143611 0.319656 0.6300 0.6600 0.7100
v 0.135000 0.143611 0.319294 0.6300 0.6600 0.7100
v 0.135000 0.143697 0.318943 0.6300 0.6600 0.7100
v 0.135000 0.143866 0.318623 0.6300 0.6600 0.7100
v 0.135000 0.144105 0.318352 0.6300 0.6600 0.7100
v 0.135000 0.144403 0.318147 0.6300 0.6600 0.7100
v 0.135000 0.144741 0.318019 0.6300 0.6600 0.7100
v 0.135000 0.145100 0.317975 0.6300 0.6600 0.7100
v 0.139323 0.143600 0.319477 0.6300 0.6600 0.7100
v 0.139318 0.143714 0.320049 0.6300 0.6600 0.7100
v 0.139304 0.144040 0.320536 0.6300 0.6600 0.7100
v 0.139285 0.144525 0.320860 0.6300 0.6600 0.7100
v 0.139264 0.145100 0.320975 0.6300 0.6600 0.7100
v 0.135623 0.145100 0.320975 0.6300 0.6600 0.7100
v 0.135000 0.145100 0.320975 0.6300 0.6600 0.7100
v 0.135000 0.144741 0.320931 0.6300 0.6600 0.7100
v 0.135000 0.144403 0.320803 0.6300 0.6600 0.7100
v 0.135000 0.144105 0.320598 0.6300 0.6600 0.7100
v 0.135000 0.143866 0.320327 0.6300 0.6600 0.7100
v 0.135000 0.143697 0.320007 0.6300 0.6600 0.7100
v 0.135000 0.143611 0.319656 0.6300 0.6600 0.7100
v 0.135000 0.143611 0.319294 0.6300 0.6600 0.7100
v 0.135000 0.143697 0.318943 0.6300 0.6600 0.7100
v 0.135000 0.143866 0.318623 0.6300 0.6600 0.7100
v 0.135000 0.144105 0.318352 0.6300 0.6600 0.7100
v 0.135000 0.144403 0.318147 0.6300 0.6600 0.7100
v 0.135000 0.144741 0.318019 0.6300 0.6600 0.7100
v 0.135000 0.145100 0.317975 0.6300 0.6600 0.7100
v 0.135623 0.145100 0.317975 0.6300 0.6600 0.7100
v 0.139265 0.145100 0.317975 0.6300 0.6600 0.7100
v 0.139286 0.144527 0.318089 0.6300 0.6600 0.7100
v 0.139305 0.144040 0.318414 0.6300 0.6600 0.7100
v 0.139318 0.143714 0.318901 0.6300 0.6600 0.7100
v 0.130000 -0.001500 0.098575 0.6300 0.6600 0.7100
v 0.134992 -0.001500 0.098575 0.6300 0.6600 0.7100
v 0.130000 -0.001500 0.102075 0.6300 0.6600 0.7100
v 0.134992 -0.001500 0.102075 0.6300 0.6600 0.7100
v 0.130000 0.001500 0.098575 0.6300 0.6600 0.7100
v 0.134992 0.001500 0.098575 0.6300 0.6600 0.7100
v 0.130000 -0.001500 0.098575 0.6300 0.6600 0.7100
v 0.134992 -0.001500 0.098575 0.6300 0.6600 0.7100
v 0.134992 0.001500 0.098575 0.6300 0.6600 0.7100
v 0.134992 0.001500 0.102075 0.6300 0.6600 0.7100
v 0.130000 0.001500 0.102075 0.6300 0.6600 0.7100
v 0.130000 0.001500 0.098575 0.6300 0.6600 0.7100
v 0.130000 0.001500 0.102075 0.6300 0.6600 0.7100
v 0.130000 0.001500 0.098575 0.6300 0.6600 0.7100
v 0.130000 0.001456 0.102434 0.6300 0.6600 0.7100
v 0.130000 0.001328 0.102772 0.6300 0.6600 0.7100
v 0.130000 0.001123 0.103070 0.6300 0.6600 0.7100
v 0.130000 0.000852 0.103309 0.6300 0.6600 0.7100
v 0.130000 0.000532 0.103478 0.6300 0.6600 0.7100
v 0.130000 0.000181 0.103564 0.6300 0.6600 0.7100
v 0.130000 -0.000181 0.103564 0.6300 0.6600 0.7100
v 0.130000 -0.000532 0.103478 0.6300 0.6600 0.7100
v 0.130000 -0.000852 0.103309 0.6300 0.6600 0.7100
v 0.130000 -0.001123 0.103070 0.6300 0.6600 0.7100
v 0.130000 -0.001328 0.102772 0.6300 0.6600 0.7100
v 0.130000 -0.001456 0.102434 0.6300 0.6600 0.7100
v 0.130000 -0.001500 0.102075 0.6300 0.6600 0.7100
v 0.130000 -0.001500 0.098575 0.6300 0.6600 0.7100
v 0.134992 -0.001500 0.102075 0.6300 0.6600 0.7100
v 0.134993 -0.001378 0.102667 0.6300 0.6600 0.7100
v 0.134996 -0.001030 0.103165 0.6300 0.6600 0.7100
v 0.134999 -0.000541 0.103474 0.6300 0.6600 0.7100
v 0.135000 -0.000068 0.103573 0.6300 0.6600 0.7100
v 0.135000 0.000333 0.103537 0.6300 0.6600 0.7100
v 0.134997 0.000934 0.103248 0.6300 0.6600 0.7100
v 0.134993 0.001351 0.102727 0.6300 0.6600 0.7100
v 0.134992 0.001500 0.102075 0.6300 0.6600 0.7100
v 0.130000 0.001500 0.102075 0.6300 0.6600 0.7100
v 0.130000 0.001456 0.102434 0.6300 0.6600 0.7100
v 0.130000 0.001328 0.102772 0.6300 0.6600 0.7100
v 0.130000 0.001123 0.103070 0.6300 0.6600 0.7100
v 0.130000 0.000852 0.103309 0.6300 0.6600 0.7100
v 0.130000 0.000532 0.103478 0.6300 0.6600 0.7100
v 0.130000 0.000181 0.103564 0.6300 0.6600 0.7100
v 0.130000 -0.000181 0.103564 0.6300 0.6600 0.7100
v 0.130000 -0.000532 0.103478 0.6300 0.6600 0.7100
v 0.130000 -0.000852 0.103309 0.6300 0.6600 0.7100
v 0.130000 -0.001123 0.103070 0.6300 0.6600 0.7100
v 0.130000 -0.001328 0.102772 0.6300 0.6600 0.7100
v 0.130000 -0.001456 0.102434 0.6300 0.6600 0.7100
v 0.130000 -0.001500 0.102075 0.6300 0.6600 0.7100
v 0.128000 0.053057 0.202459 0.6300 0.6600 0.7100
v 0.128731 0.051668 0.204501 0.6300 0.6600 0.7100
v 0.129497 0.049968 0.206283 0.6300 0.6600 0.7100
v 0.130271 0.047991 0.207769 0.6300 0.6600 0.7100
v 0.131023 0.045780 0.208917 0.6300 0.6600 0.7100
v 0.131724 0.043403 0.209683 0.6300 0.6600 0.7100
v 0.132357 0.040920 0.210046 0.6300 0.6600 0.7100
v 0.132910 0.038382 0.209987 0.6300 0.6600 0.7100
v 0.133368 0.035872 0.209491 0.6300 0.6600 0.7100
v 0.133727 0.033474 0.208576 0.6300 0.6600 0.7100
v 0.133989 0.031264 0.207268 0.6300 0.6600 0.7100
v 0.134146 0.029492 0.205776 0.6300 0.6600 0.7100
v 0.134230 0.028107 0.204204 0.6300 0.6600 0.7100
v 0.134266 0.026947 0.202453 0.6300 0.6600 0.7100
v 0.134256 0.026040 0.200559 0.6300 0.6600 0.7100
v 0.134207 0.025411 0.198562 0.6300 0.6600 0.7100
v 0.134120 0.025070 0.196503 0.6300 0.6600 0.7100
v 0.133997 0.025016 0.194417 0.6300 0.6600 0.7100
v 0.133835 0.025252 0.192338 0.6300 0.6600 0.7100
v 0.133635 0.025779 0.190305 0.6300 0.6600 0.7100
v 0.133396 0.026581 0.188376 0.6300 0.6600 0.7100
v 0.133116 0.027634 0.186589 0.6300 0.6600 0.7100
v 0.132793 0.028915 0.184971 0.6300 0.6600 0.7100
v 0.132423 0.030400 0.183549 0.6300 0.6600 0.7100
v 0.132005 0.032065 0.182350 0.6300 0.6600 0.7100
v 0.131540 0.033874 0.181390 0.6300 0.6600 0.7100
v 0.131036 0.035787 0.180683 0.6300 0.6600 0.7100
v 0.130498 0.037763 0.180243 0.6300 0.6600 0.7100
v 0.129931 0.039772 0.180079 0.6300 0.6600 0.7100
v 0.129346 0.041789 0.180187 0.6300 0.6600 0.7100
v 0.128758 0.043775 0.180562 0.6300 0.6600 0.7100
v 0.128373 0.045060 0.180956 0.6300 0.6600 0.7100
v 0.128000 0.046303 0.181464 0.6300 0.6600 0.7100
v 0.128000 0.043887 0.180588 0.6300 0.6600 0.7100
v 0.128000 0.041358 0.180137 0.6300 0.6600 0.7100
v 0.128000 0.038788 0.180124 0.6300 0.6600 0.7100
v 0.128000 0.036254 0.180550 0.6300 0.6600 0.7100
v 0.128000 0.033829 0.181403 0.6300 0.6600 0.7100
v 0.128000 0.031586 0.182657 0.6300 0.6600 0.7100
v 0.128000 0.029590 0.184275 0.6300 0.6600 0.7100
v 0.128000 0.027899 0.186211 0.6300 0.6600 0.7100
v 0.128000 0.026564 0.188406 0.6300 0.6600 0.7100
v 0.128000 0.025623 0.190798 0.6300 0.6600 0.7100
v 0.128000 0.025104 0.193315 0.6300 0.6600 0.7100
v 0.128000 0.025022 0.195883 0.6300 0.6600 0.7100
v 0.128000 0.025380 0.198428 0.6300 0.6600 0.7100
v 0.128000 0.026166 0.200874 0.6300 0.6600 0.7100
v 0.128000 0.027359 0.203151 0.6300 0.6600 0.7100
v 0.128000 0.028923 0.205190 0.6300 0.6600 0.7100
v 0.128000 0.030812 0.206932 0.6300 0.6600 0.7100
v 0.128000 0.032971 0.208326 0.6300 0.6600 0.7100
v 0.128000 0.035336 0.209331 0.6300 0.6600 0.7100
v 0.128000 0.037838 0.209918 0.6300 0.6600 0.7100
v 0.128000 0.040403 0.210070 0.6300 0.6600 0.7100
v 0.128000 0.042957 0.209781 0.6300 0.6600 0.7100
v 0.128000 0.045424 0.209060 0.6300 0.6600 0.7100
v 0.128000 0.047731 0.207929 0.6300 0.6600 0.7100
v 0.128000 0.049812 0.206421 0.6300 0.6600 0.7100
v 0.128000 0.051605 0.204579 0.6300 0.6600 0.7100
v 0.128000 0.046303 0.181464 0.6300 0.6600 0.7100
v 0.128000 0.043887 0.180588 0.6300 0.6600 0.7100
v 0.128000 0.041358 0.180137 0.6300 0.6600 0.7100
v 0.128000 0.038788 0.180124 0.6300 0.6600 0.7100
v 0.128000 0.036254 0.180550 0.6300 0.6600 0.7100
v 0.128000 0.033829 0.181403 0.6300 0.6600 0.7100
v 0.128000 0.031586 0.182657 0.6300 0.6600 0.7100
v 0.128000 0.029590 0.184275 0.6300 0.6600 0.7100
v 0.128000 0.027899 0.186211 0.6300 0.6600 0.7100
v 0.128000 0.026564 0.188406 0.6300 0.6600 0.7100
v 0.128000 0.025623 0.190798 0.6300 0.6600 0.7100
v 0.128000 0.025104 0.193315 0.6300 0.6600 0.7100
v 0.128000 0.025022 0.195883 0.6300 0.6600 0.7100
v 0.128000 0.025380 0.198428 0.6300 0.6600 0.7100
v 0.128000 0.026166 0.200874 0.6300 0.6600 0.7100
v 0.128000 0.027359 0.203151 0.6300 0.6600 0.7100
v 0.128000 0.028923 0.205190 0.6300 0.6600 0.7100
v 0.128000 0.030812 0.206932 0.6300 0.6600 0.7100
v 0.128000 0.032971 0.208326 0.6300 0.6600 0.7100
v 0.128000 0.035336 0.209331 0.6300 0.6600 0.7100
v 0.128000 0.037838 0.209918 0.6300 0.6600 0.7100
v 0.128000 0.040403 0.210070 0.6300 0.6600 0.7100
v 0.128000 0.042957 0.209781 0.6300 0.6600 0.7100
v 0.128000 0.045424 0.209060 0.6300 0.6600 0.7100
v 0.128000 0.047731 0.207929 0.6300 0.6600 0.7100
v 0.128000 0.049812 0.206421 0.6300 0.6600 0.7100
v 0.128000 0.051605 0.204579 0.6300 0.6600 0.7100
v 0.128000 0.053057 0.202459 0.6300 0.6600 0.7100
v 0.128000 0.054093 0.200212 0.6300 0.6600 0.7100
v 0.128000 0.054746 0.197824 0.6300 0.6600 0.7100
v 0.128000 0.054997 0.195362 0.6300 0.6600 0.7100
v 0.128000 0.054840 0.192892 0.6300 0.6600 0.7100
v 0.128000 0.054279 0.190482 0.6300 0.6600 0.7100
v 0.128000 0.053330 0.188196 0.6300 0.6600 0.7100
v 0.128000 0.052017 0.186098 0.6300 0.6600 0.7100
v 0.128000 0.050378 0.184244 0.6300 0.6600 0.7100
v 0.128000 0.048456 0.182685 0.6300 0.6600 0.7100
v 0.128000 0.040000 0.189075 0.6300 0.6600 0.7100
v 0.128000 0.038958 0.189166 0.6300 0.6600 0.7100
v 0.128000 0.037948 0.189437 0.6300 0.6600 0.7100
v 0.128000 0.037000 0.189879 0.6300 0.6600 0.7100
v 0.128000 0.036143 0.190479 0.6300 0.6600 0.7100
v 0.128000 0.035404 0.191218 0.6300 0.6600 0.7100
v 0.128000 0.034804 0.192075 0.6300 0.6600 0.7100
v 0.128000 0.034362 0.193023 0.6300 0.6600 0.7100
v 0.128000 0.034091 0.194033 0.6300 0.6600 0.7100
v 0.128000 0.034000 0.195075 0.6300 0.6600 0.7100
v 0.128000 0.034091 0.196117 0.6300 0.6600 0.7100
v 0.128000 0.034362 0.197127 0.6300 0.6600 0.7100
v 0.128000 0.034804 0.198075 0.6300 0.6600 0.7100
v 0.128000 0.035404 0.198932 0.6300 0.6600 0.7100
v 0.128000 0.036143 0.199671 0.6300 0.6600 0.7100
v 0.128000 0.037000 0.200271 0.6300 0.6600 0.7100
v 0.128000 0.037948 0.200713 0.6300 0.6600 0.7100
v 0.128000 0.038958 0.200984 0.6300 0.6600 0.7100
v 0.128000 0.040000 0.201075 0.6300 0.6600 0.7100
v 0.128000 0.041042 0.200984 0.6300 0.6600 0.7100
v 0.128000 0.042052 0.200713 0.6300 0.6600 0.7100
v 0.128000 0.043000 0.200271 0.6300 0.6600 0.7100
v 0.128000 0.043857 0.199671 0.6300 0.6600 0.7100
v 0.128000 0.044596 0.198932 0.6300 0.6600 0.7100
v 0.128000 0.045196 0.198075 0.6300 0.6600 0.7100
v 0.128000 0.045638 0.197127 0.6300 0.6600 0.7100
v 0.128000 0.045909 0.196117 0.6300 0.6600 0.7100
v 0.128000 0.046000 0.195075 0.6300 0.6600 0.7100
v 0.128000 0.045909 0.194033 0.6300 0.6600 0.7100
v 0.128000 0.045638 0.193023 0.6300 0.6600 0.7100
v 0.128000 0.045196 0.192075 0.6300 0.6600 0.7100
v 0.128000 0.044596 0.191218 0.6300 0.6600 0.7100
v 0.128000 0.043857 0.190479 0.6300 0.6600 0.7100
v 0.128000 0.043000 0.189879 0.6300 0.6600 0.7100
v 0.128000 0.042052 0.189437 0.6300 0.6600 0.7100
v 0.128000 0.041042 0.189166 0.6300 0.6600 0.7100
v 0.132652 -0.039786 0.210073 0.6300 0.6600 0.7100
v 0.128000 -0.039786 0.210073 0.6300 0.6600 0.7100
v 0.132652 -0.039786 0.210073 0.6300 0.6600 0.7100
v 0.128000 -0.039786 0.210073 0.6300 0.6600 0.7100
v 0.128000 -0.025000 0.195075 0.6300 0.6600 0.7100
v 0.128000 -0.025213 0.192555 0.6300 0.6600 0.7100
v 0.128000 -0.025847 0.190106 0.6300 0.6600 0.7100
v 0.128000 -0.026883 0.187799 0.6300 0.6600 0.7100
v 0.128000 -0.028292 0.185699 0.6300 0.6600 0.7100
v 0.128000 -0.030033 0.183865 0.6300 0.6600 0.7100
v 0.128000 -0.032058 0.182350 0.6300 0.6600 0.7100
v 0.128000 -0.034309 0.181196 0.6300 0.6600 0.7100
v 0.128000 -0.036722 0.180438 0.6300 0.6600 0.7100
v 0.128000 -0.039228 0.180095 0.6300 0.6600 0.7100
v 0.128000 -0.041755 0.180178 0.6300 0.6600 0.7100
v 0.128000 -0.044233 0.180685 0.6300 0.6600 0.7100
v 0.128000 -0.046591 0.181601 0.6300 0.6600 0.7100
v 0.128000 -0.048761 0.182899 0.6300 0.6600 0.7100
v 0.128000 -0.050682 0.184544 0.6300 0.6600 0.7100
v 0.128000 -0.052299 0.186489 0.6300 0.6600 0.7100
v 0.128000 -0.053567 0.188677 0.6300 0.6600 0.7100
v 0.128000 -0.054449 0.191048 0.6300 0.6600 0.7100
v 0.128000 -0.054920 0.193532 0.6300 0.6600 0.7100
v 0.128000 -0.054968 0.196061 0.6300 0.6600 0.7100
v 0.128000 -0.054589 0.198562 0.6300 0.6600 0.7100
v 0.128000 -0.053796 0.200963 0.6300 0.6600 0.7100
v 0.128000 -0.052611 0.203197 0.6300 0.6600 0.7100
v 0.128000 -0.051067 0.205201 0.6300 0.6600 0.7100
v 0.128000 -0.049208 0.206916 0.6300 0.6600 0.7100
v 0.128000 -0.047088 0.208295 0.6300 0.6600 0.7100
v 0.128000 -0.044766 0.209298 0.6300 0.6600 0.7100
v 0.128000 -0.042309 0.209896 0.6300 0.6600 0.7100
v 0.128000 -0.037208 0.209813 0.6300 0.6600 0.7100
v 0.128000 -0.034713 0.209113 0.6300 0.6600 0.7100
v 0.128000 -0.032377 0.207993 0.6300 0.6600 0.7100
v 0.128000 -0.030267 0.206489 0.6300 0.6600 0.7100
v 0.128000 -0.028448 0.204644 0.6300 0.6600 0.7100
v 0.128000 -0.026974 0.202513 0.6300 0.6600 0.7100
v 0.128000 -0.025888 0.200161 0.6300 0.6600 0.7100
v 0.128000 -0.025224 0.197656 0.6300 0.6600 0.7100
v 0.132287 -0.042219 0.209905 0.6300 0.6600 0.7100
v 0.131898 -0.044580 0.209348 0.6300 0.6600 0.7100
v 0.131498 -0.046815 0.208426 0.6300 0.6600 0.7100
v 0.131098 -0.048872 0.207166 0.6300 0.6600 0.7100
v 0.130709 -0.050696 0.205591 0.6300 0.6600 0.7100
v 0.130346 -0.052240 0.203734 0.6300 0.6600 0.7100
v 0.130021 -0.053470 0.201644 0.6300 0.6600 0.7100
v 0.129747 -0.054358 0.199377 0.6300 0.6600 0.7100
v 0.129535 -0.054875 0.196988 0.6300 0.6600 0.7100
v 0.129398 -0.054989 0.194534 0.6300 0.6600 0.7100
v 0.129345 -0.054692 0.192098 0.6300 0.6600 0.7100
v 0.129375 -0.054005 0.189745 0.6300 0.6600 0.7100
v 0.129481 -0.052955 0.187536 0.6300 0.6600 0.7100
v 0.129662 -0.051569 0.185530 0.6300 0.6600 0.7100
v 0.129910 -0.049874 0.183786 0.6300 0.6600 0.7100
v 0.130213 -0.047918 0.182349 0.6300 0.6600 0.7100
v 0.130556 -0.045758 0.181241 0.6300 0.6600 0.7100
v 0.130925 -0.043456 0.180489 0.6300 0.6600 0.7100
v 0.131303 -0.041070 0.180114 0.6300 0.6600 0.7100
v 0.131678 -0.038657 0.180140 0.6300 0.6600 0.7100
v 0.132039 -0.036268 0.180564 0.6300 0.6600 0.7100
v 0.132381 -0.033967 0.181363 0.6300 0.6600 0.7100
v 0.132697 -0.031818 0.182515 0.6300 0.6600 0.7100
v 0.132980 -0.029887 0.183997 0.6300 0.6600 0.7100
v 0.133228 -0.028232 0.185783 0.6300 0.6600 0.7100
v 0.133441 -0.026889 0.187820 0.6300 0.6600 0.7100
v 0.133620 -0.025885 0.190049 0.6300 0.6600 0.7100
v 0.133763 -0.025247 0.192407 0.6300 0.6600 0.7100
v 0.133871 -0.025002 0.194834 0.6300 0.6600 0.7100
v 0.133941 -0.025167 0.197268 0.6300 0.6600 0.7100
v 0.133972 -0.025728 0.199647 0.6300 0.6600 0.7100
v 0.133959 -0.026662 0.201910 0.6300 0.6600 0.7100
v 0.133900 -0.027948 0.203999 0.6300 0.6600 0.7100
v 0.133792 -0.029566 0.205852 0.6300 0.6600 0.7100
v 0.133633 -0.031461 0.207403 0.6300 0.6600 0.7100
v 0.133424 -0.033572 0.208620 0.6300 0.6600 0.7100
v 0.133167 -0.035845 0.209482 0.6300 0.6600 0.7100
v 0.132924 -0.037792 0.209909 0.6300 0.6600 0.7100
v 0.128000 -0.025000 0.195075 0.6300 0.6600 0.7100
v 0.128000 -0.025213 0.192555 0.6300 0.6600 0.7100
v 0.128000 -0.025847 0.190106 0.6300 0.6600 0.7100
v 0.128000 -0.026883 0.187799 0.6300 0.6600 0.7100
v 0.128000 -0.028292 0.185699 0.6300 0.6600 0.7100
v 0.128000 -0.030033 0.183865 0.6300 0.6600 0.7100
v 0.128000 -0.032058 0.182350 0.6300 0.6600 0.7100
v 0.128000 -0.034309 0.181196 0.6300 0.6600 0.7100
v 0.128000 -0.036722 0.180438 0.6300 0.6600 0.7100
v 0.128000 -0.039228 0.180095 0.6300 0.6600 0.7100
v 0.128000 -0.041755 0.180178 0.6300 0.6600 0.7100
v 0.128000 -0.044233 0.180685 0.6300 0.6600 0.7100
v 0.128000 -0.046591 0.181601 0.6300 0.6600 0.7100
v 0.128000 -0.048761 0.182899 0.6300 0.6600 0.7100
v 0.128000 -0.050682 0.184544 0.6300 0.6600 0.7100
v 0.128000 -0.052299 0.186489 0.6300 0.6600 0.7100
v 0.128000 -0.053567 0.188677 0.6300 0.6600 0.7100
v 0.128000 -0.054449 0.191048 0.6300 0.6600 0.7100
v 0.128000 -0.054920 0.193532 0.6300 0.6600 0.7100
v 0.128000 -0.054968 0.196061 0.6300 0.6600 0.7100
v 0.128000 -0.054589 0.198562 0.6300 0.6600 0.7100
v 0.128000 -0.053796 0.200963 0.6300 0.6600 0.7100
v 0.128000 -0.052611 0.203197 0.6300 0.6600 0.7100
v 0.128000 -0.051067 0.205201 0.6300 0.6600 0.7100
v 0.128000 -0.049208 0.206916 0.6300 0.6600 0.7100
v 0.128000 -0.047088 0.208295 0.6300 0.6600 0.7100
v 0.128000 -0.044766 0.209298 0.6300 0.6600 0.7100
v 0.128000 -0.042309 0.209896 0.6300 0.6600 0.7100
v 0.128000 -0.039786 0.210073 0.6300 0.6600 0.7100
v 0.128000 -0.037208 0.209813 0.6300 0.6600 0.7100
v 0.128000 -0.034713 0.209113 0.6300 0.6600 0.7100
v 0.128000 -0.032377 0.207993 0.6300 0.6600 0.7100
v 0.128000 -0.030267 0.206489 0.6300 0.6600 0.7100
v 0.128000 -0.028448 0.204644 0.6300 0.6600 0.7100
v 0.128000 -0.026974 0.202513 0.6300 0.6600 0.7100
v 0.128000 -0.025888 0.200161 0.6300 0.6600 0.7100
v 0.128000 -0.025224 0.197656 0.6300 0.6600 0.7100
v 0.128000 -0.040000 0.189075 0.6300 0.6600 0.7100
v 0.128000 -0.041042 0.189166 0.6300 0.6600 0.7100
v 0.128000 -0.042052 0.189437 0.6300 0.6600 0.7100
v 0.128000 -0.043000 0.189879 0.6300 0.6600 0.7100
v 0.128000 -0.043857 0.190479 0.6300 0.6600 0.7100
v 0.128000 -0.044596 0.191218 0.6300 0.6600 0.7100
v 0.128000 -0.045196 0.192075 0.6300 0.6600 0.7100
v 0.128000 -0.045638 0.193023 0.6300 0.6600 0.7100
v 0.128000 -0.045909 0.194033 0.6300 0.6600 0.7100
v 0.128000 -0.046000 0.195075 0.6300 0.6600 0.7100
v 0.128000 -0.045909 0.196117 0.6300 0.6600 0.7100
v 0.128000 -0.045638 0.197127 0.6300 0.6600 0.7100
v 0.128000 -0.045196 0.198075 0.6300 0.6600 0.7100
v 0.128000 -0.044596 0.198932 0.6300 0.6600 0.7100
v 0.128000 -0.043857 0.199671 0.6300 0.6600 0.7100
v 0.128000 -0.043000 0.200271 0.6300 0.6600 0.7100
v 0.128000 -0.042052 0.200713 0.6300 0.6600 0.7100
v 0.128000 -0.041042 0.200984 0.6300 0.6600 0.7100
v 0.128000 -0.040000 0.201075 0.6300 0.6600 0.7100
v 0.128000 -0.038958 0.200984 0.6300 0.6600 0.7100
v 0.128000 -0.037948 0.200713 0.6300 0.6600 0.7100
v 0.128000 -0.037000 0.200271 0.6300 0.6600 0.7100
v 0.128000 -0.036143 0.199671 0.6300 0.6600 0.7100
v 0.128000 -0.035404 0.198932 0.6300 0.6600 0.7100
v 0.128000 -0.034804 0.198075 0.6300 0.6600 0.7100
v 0.128000 -0.034362 0.197127 0.6300 0.6600 0.7100
v 0.128000 -0.034091 0.196117 0.6300 0.6600 0.7100
v 0.128000 -0.034000 0.195075 0.6300 0.6600 0.7100
v 0.128000 -0.034091 0.194033 0.6300 0.6600 0.7100
v 0.128000 -0.034362 0.193023 0.6300 0.6600 0.7100
v 0.128000 -0.034804 0.192075 0.6300 0.6600 0.7100
v 0.128000 -0.035404 0.191218 0.6300 0.6600 0.7100
v 0.128000 -0.036143 0.190479 0.6300 0.6600 0.7100
v 0.128000 -0.037000 0.189879 0.6300 0.6600 0.7100
v 0.128000 -0.037948 0.189437 0.6300 0.6600 0.7100
v 0.128000 -0.038958 0.189166 0.6300 0.6600 0.7100
v 0.128000 0.046303 0.181464 0.6300 0.6600 0.7100
v 0.128341 0.046391 0.181470 0.6300 0.6600 0.7100
v 0.128672 0.046502 0.181420 0.6300 0.6600 0.7100
v 0.128982 0.046633 0.181314 0.6300 0.6600 0.7100
v 0.129262 0.046780 0.181157 0.6300 0.6600 0.7100
v 0.129502 0.046938 0.180954 0.6300 0.6600 0.7100
v 0.129695 0.047102 0.180709 0.6300 0.6600 0.7100
v 0.129836 0.047268 0.180432 0.6300 0.6600 0.7100
v 0.129920 0.047430 0.180130 0.6300 0.6600 0.7100
v 0.129944 0.047583 0.179813 0.6300 0.6600 0.7100
v 0.129908 0.047722 0.179492 0.6300 0.6600 0.7100
v 0.128000 0.053057 0.202459 0.6300 0.6600 0.7100
v 0.128731 0.051668 0.204501 0.6300 0.6600 0.7100
v 0.129497 0.049968 0.206283 0.6300 0.6600 0.7100
v 0.130271 0.047991 0.207769 0.6300 0.6600 0.7100
v 0.131023 0.045780 0.208917 0.6300 0.6600 0.7100
v 0.131724 0.043403 0.209683 0.6300 0.6600 0.7100
v 0.132357 0.040920 0.210046 0.6300 0.6600 0.7100
v 0.132910 0.038382 0.209987 0.6300 0.6600 0.7100
v 0.133368 0.035872 0.209491 0.6300 0.6600 0.7100
v 0.133727 0.033474 0.208576 0.6300 0.6600 0.7100
v 0.133989 0.031264 0.207268 0.6300 0.6600 0.7100
v 0.134146 0.029492 0.205776 0.6300 0.6600 0.7100
v 0.134230 0.028107 0.204204 0.6300 0.6600 0.7100
v 0.134266 0.026947 0.202453 0.6300 0.6600 0.7100
v 0.134256 0.026040 0.200559 0.6300 0.6600 0.7100
v 0.134207 0.025411 0.198562 0.6300 0.6600 0.7100
v 0.134120 0.025070 0.196503 0.6300 0.6600 0.7100
v 0.133997 0.025016 0.194417 0.6300 0.6600 0.7100
v 0.133835 0.025252 0.192338 0.6300 0.6600 0.7100
v 0.133635 0.025779 0.190305 0.6300 0.6600 0.7100
v 0.133396 0.026581 0.188376 0.6300 0.6600 0.7100
v 0.133116 0.027634 0.186589 0.6300 0.6600 0.7100
v 0.132793 0.028915 0.184971 0.6300 0.6600 0.7100
v 0.132423 0.030400 0.183549 0.6300 0.6600 0.7100
v 0.132005 0.032065 0.182350 0.6300 0.6600 0.7100
v 0.131540 0.033874 0.181390 0.6300 0.6600 0.7100
v 0.131036 0.035787 0.180683 0.6300 0.6600 0.7100
v 0.130498 0.037763 0.180243 0.6300 0.6600 0.7100
v 0.129931 0.039772 0.180079 0.6300 0.6600 0.7100
v 0.129346 0.041789 0.180187 0.6300 0.6600 0.7100
v 0.128758 0.043775 0.180562 0.6300 0.6600 0.7100
v 0.128373 0.045060 0.180956 0.6300 0.6600 0.7100
v 0.129900 0.055385 0.203229 0.6300 0.6600 0.7100
v 0.129939 0.055083 0.203047 0.6300 0.6600 0.7100
v 0.129918 0.054772 0.202877 0.6300 0.6600 0.7100
v 0.129836 0.054463 0.202726 0.6300 0.6600 0.7100
v 0.129697 0.054163 0.202596 0.6300 0.6600 0.7100
v 0.129504 0.053884 0.202494 0.6300 0.6600 0.7100
v 0.129264 0.053633 0.202421 0.6300 0.6600 0.7100
v 0.128985 0.053419 0.202381 0.6300 0.6600 0.7100
v 0.128674 0.053248 0.202373 0.6300 0.6600 0.7100
v 0.128343 0.053126 0.202400 0.6300 0.6600 0.7100
v 0.130638 0.044970 0.178517 0.6300 0.6600 0.7100
v 0.131391 0.042088 0.178014 0.6300 0.6600 0.7100
v 0.132133 0.039167 0.177994 0.6300 0.6600 0.7100
v 0.132836 0.036286 0.178466 0.6300 0.6600 0.7100
v 0.133486 0.033504 0.179423 0.6300 0.6600 0.7100
v 0.134071 0.030908 0.180833 0.6300 0.6600 0.7100
v 0.134582 0.028588 0.182667 0.6300 0.6600 0.7100
v 0.135016 0.026615 0.184880 0.6300 0.6600 0.7100
v 0.135380 0.025044 0.187413 0.6300 0.6600 0.7100
v 0.135650 0.024022 0.189915 0.6300 0.6600 0.7100
v 0.135850 0.023454 0.192292 0.6300 0.6600 0.7100
v 0.136009 0.023237 0.194714 0.6300 0.6600 0.7100
v 0.136128 0.023370 0.197136 0.6300 0.6600 0.7100
v 0.136207 0.023851 0.199516 0.6300 0.6600 0.7100
v 0.136246 0.024678 0.201807 0.6300 0.6600 0.7100
v 0.136241 0.025832 0.203958 0.6300 0.6600 0.7100
v 0.136187 0.027281 0.205923 0.6300 0.6600 0.7100
v 0.136080 0.028988 0.207657 0.6300 0.6600 0.7100
v 0.135913 0.030919 0.209119 0.6300 0.6600 0.7100
v 0.135682 0.033040 0.210291 0.6300 0.6600 0.7100
v 0.135384 0.035303 0.211156 0.6300 0.6600 0.7100
v 0.135019 0.037662 0.211699 0.6300 0.6600 0.7100
v 0.134587 0.040065 0.211905 0.6300 0.6600 0.7100
v 0.134093 0.042453 0.211778 0.6300 0.6600 0.7100
v 0.133546 0.044787 0.211328 0.6300 0.6600 0.7100
v 0.132954 0.047032 0.210567 0.6300 0.6600 0.7100
v 0.132326 0.049154 0.209508 0.6300 0.6600 0.7100
v 0.131678 0.051100 0.208179 0.6300 0.6600 0.7100
v 0.131027 0.052841 0.206607 0.6300 0.6600 0.7100
v 0.130452 0.054215 0.204998 0.6300 0.6600 0.7100
v 0.128970 0.045930 0.181111 0.6300 0.6600 0.7100
v 0.130238 0.046079 0.179714 0.6300 0.6600 0.7100
v 0.130927 0.039022 0.179958 0.6300 0.6600 0.7100
v 0.131473 0.039632 0.179451 0.6300 0.6600 0.7100
v 0.131846 0.038191 0.179568 0.6300 0.6600 0.7100
v 0.131202 0.038004 0.180061 0.6300 0.6600 0.7100
v 0.132150 0.038697 0.178799 0.6300 0.6600 0.7100
v 0.131470 0.036993 0.180234 0.6300 0.6600 0.7100
v 0.132491 0.037314 0.179000 0.6300 0.6600 0.7100
v 0.132951 0.031116 0.182828 0.6300 0.6600 0.7100
v 0.133151 0.030293 0.183469 0.6300 0.6600 0.7100
v 0.134094 0.030436 0.182025 0.6300 0.6600 0.7100
v 0.133338 0.029516 0.184167 0.6300 0.6600 0.7100
v 0.133827 0.029992 0.183186 0.6300 0.6600 0.7100
v 0.134339 0.029339 0.182923 0.6300 0.6600 0.7100
v 0.134048 0.029035 0.184071 0.6300 0.6600 0.7100
v 0.133696 0.028038 0.185816 0.6300 0.6600 0.7100
v 0.133849 0.027425 0.186668 0.6300 0.6600 0.7100
v 0.133990 0.026870 0.187565 0.6300 0.6600 0.7100
v 0.134531 0.026984 0.186617 0.6300 0.6600 0.7100
v 0.135088 0.026051 0.186978 0.6300 0.6600 0.7100
v 0.134907 0.026817 0.185769 0.6300 0.6600 0.7100
v 0.134254 0.025915 0.189564 0.6300 0.6600 0.7100
v 0.134364 0.025563 0.190568 0.6300 0.6600 0.7100
v 0.135351 0.025020 0.189125 0.6300 0.6600 0.7100
v 0.134465 0.025281 0.191598 0.6300 0.6600 0.7100
v 0.135044 0.025094 0.190778 0.6300 0.6600 0.7100
v 0.135476 0.024593 0.190354 0.6300 0.6600 0.7100
v 0.135181 0.024732 0.192342 0.6300 0.6600 0.7100
v 0.135578 0.024294 0.191492 0.6300 0.6600 0.7100
v 0.135752 0.023945 0.193849 0.6300 0.6600 0.7100
v 0.134776 0.024901 0.195913 0.6300 0.6600 0.7100
v 0.134715 0.024879 0.194854 0.6300 0.6600 0.7100
v 0.135384 0.024496 0.195313 0.6300 0.6600 0.7100
v 0.135823 0.023903 0.195018 0.6300 0.6600 0.7100
v 0.135456 0.024587 0.196748 0.6300 0.6600 0.7100
v 0.135884 0.023944 0.196183 0.6300 0.6600 0.7100
v 0.134908 0.025440 0.199153 0.6300 0.6600 0.7100
v 0.135978 0.024292 0.198548 0.6300 0.6600 0.7100
v 0.134931 0.025762 0.200165 0.6300 0.6600 0.7100
v 0.135560 0.025250 0.199834 0.6300 0.6600 0.7100
v 0.136009 0.024588 0.199676 0.6300 0.6600 0.7100
v 0.135579 0.025691 0.201020 0.6300 0.6600 0.7100
v 0.136030 0.024967 0.200782 0.6300 0.6600 0.7100
v 0.134776 0.030033 0.206442 0.6300 0.6600 0.7100
v 0.135435 0.029481 0.206444 0.6300 0.6600 0.7100
v 0.135354 0.030465 0.207284 0.6300 0.6600 0.7100
v 0.134694 0.030947 0.207183 0.6300 0.6600 0.7100
v 0.135840 0.029768 0.207462 0.6300 0.6600 0.7100
v 0.135274 0.031303 0.207894 0.6300 0.6600 0.7100
v 0.135759 0.030690 0.208170 0.6300 0.6600 0.7100
v 0.133801 0.037381 0.209967 0.6300 0.6600 0.7100
v 0.133559 0.038668 0.210141 0.6300 0.6600 0.7100
v 0.134719 0.038347 0.211111 0.6300 0.6600 0.7100
v 0.133295 0.039961 0.210202 0.6300 0.6600 0.7100
v 0.134162 0.038930 0.210559 0.6300 0.6600 0.7100
v 0.134508 0.039500 0.211203 0.6300 0.6600 0.7100
v 0.133826 0.040599 0.210595 0.6300 0.6600 0.7100
v 0.132794 0.042152 0.210053 0.6300 0.6600 0.7100
v 0.132475 0.043408 0.209821 0.6300 0.6600 0.7100
v 0.133770 0.043010 0.210985 0.6300 0.6600 0.7100
v 0.132140 0.044638 0.209485 0.6300 0.6600 0.7100
v 0.133503 0.044128 0.210755 0.6300 0.6600 0.7100
v 0.133172 0.043453 0.210245 0.6300 0.6600 0.7100
v 0.131535 0.046649 0.208682 0.6300 0.6600 0.7100
v 0.132392 0.046342 0.209319 0.6300 0.6600 0.7100
v 0.131993 0.047654 0.208680 0.6300 0.6600 0.7100
v 0.131166 0.047766 0.208081 0.6300 0.6600 0.7100
v 0.132622 0.047406 0.209588 0.6300 0.6600 0.7100
v 0.132317 0.048415 0.209061 0.6300 0.6600 0.7100
v 0.132007 0.049381 0.208468 0.6300 0.6600 0.7100
v 0.129141 0.052658 0.203439 0.6300 0.6600 0.7100
v 0.130153 0.054130 0.203686 0.6300 0.6600 0.7100
v 0.129235 0.045011 0.180760 0.6300 0.6600 0.7100
v 0.129757 0.046005 0.180550 0.6300 0.6600 0.7100
v 0.130019 0.045048 0.180208 0.6300 0.6600 0.7100
v 0.129422 0.044364 0.180553 0.6300 0.6600 0.7100
v 0.130203 0.044374 0.180008 0.6300 0.6600 0.7100
v 0.129516 0.044037 0.180461 0.6300 0.6600 0.7100
v 0.129659 0.043540 0.180335 0.6300 0.6600 0.7100
v 0.130483 0.043344 0.179763 0.6300 0.6600 0.7100
v 0.130506 0.045065 0.179384 0.6300 0.6600 0.7100
v 0.130599 0.044711 0.179285 0.6300 0.6600 0.7100
v 0.129945 0.042537 0.180134 0.6300 0.6600 0.7100
v 0.130839 0.042024 0.179552 0.6300 0.6600 0.7100
v 0.130741 0.044173 0.179151 0.6300 0.6600 0.7100
v 0.130127 0.041897 0.180041 0.6300 0.6600 0.7100
v 0.130270 0.041388 0.179987 0.6300 0.6600 0.7100
v 0.131121 0.040968 0.179463 0.6300 0.6600 0.7100
v 0.131102 0.042796 0.178892 0.6300 0.6600 0.7100
v 0.130556 0.040366 0.179929 0.6300 0.6600 0.7100
v 0.131282 0.042101 0.178805 0.6300 0.6600 0.7100
v 0.130735 0.039720 0.179928 0.6300 0.6600 0.7100
v 0.131425 0.041549 0.178757 0.6300 0.6600 0.7100
v 0.131784 0.040151 0.178716 0.6300 0.6600 0.7100
v 0.131961 0.039452 0.178740 0.6300 0.6600 0.7100
v 0.132098 0.037198 0.179728 0.6300 0.6600 0.7100
v 0.132343 0.036214 0.179954 0.6300 0.6600 0.7100
v 0.131718 0.036044 0.180464 0.6300 0.6600 0.7100
v 0.131878 0.035421 0.180650 0.6300 0.6600 0.7100
v 0.132659 0.034927 0.180353 0.6300 0.6600 0.7100
v 0.132740 0.036284 0.179231 0.6300 0.6600 0.7100
v 0.132127 0.034445 0.181001 0.6300 0.6600 0.7100
v 0.132901 0.033927 0.180747 0.6300 0.6600 0.7100
v 0.132902 0.035606 0.179421 0.6300 0.6600 0.7100
v 0.132248 0.033966 0.181201 0.6300 0.6600 0.7100
v 0.132366 0.033493 0.181418 0.6300 0.6600 0.7100
v 0.133133 0.032954 0.181208 0.6300 0.6600 0.7100
v 0.133216 0.034274 0.179886 0.6300 0.6600 0.7100
v 0.133337 0.033755 0.180102 0.6300 0.6600 0.7100
v 0.132596 0.032569 0.181898 0.6300 0.6600 0.7100
v 0.133411 0.031776 0.181879 0.6300 0.6600 0.7100
v 0.133456 0.033243 0.180335 0.6300 0.6600 0.7100
v 0.132734 0.032004 0.182232 0.6300 0.6600 0.7100
v 0.133743 0.031991 0.180997 0.6300 0.6600 0.7100
v 0.133880 0.031386 0.181366 0.6300 0.6600 0.7100
v 0.133625 0.030860 0.182501 0.6300 0.6600 0.7100
v 0.133445 0.029071 0.184615 0.6300 0.6600 0.7100
v 0.133552 0.028626 0.185102 0.6300 0.6600 0.7100
v 0.134260 0.028117 0.185079 0.6300 0.6600 0.7100
v 0.134450 0.028841 0.183387 0.6300 0.6600 0.7100
v 0.134562 0.028343 0.183893 0.6300 0.6600 0.7100
v 0.134400 0.027527 0.185830 0.6300 0.6600 0.7100
v 0.134771 0.027413 0.184970 0.6300 0.6600 0.7100
v 0.134089 0.026497 0.188260 0.6300 0.6600 0.7100
v 0.134733 0.026173 0.188030 0.6300 0.6600 0.7100
v 0.134635 0.026559 0.187314 0.6300 0.6600 0.7100
v 0.135187 0.025648 0.187725 0.6300 0.6600 0.7100
v 0.134897 0.025570 0.189373 0.6300 0.6600 0.7100
v 0.134532 0.025122 0.192360 0.6300 0.6600 0.7100
v 0.134575 0.025036 0.192883 0.6300 0.6600 0.7100
v 0.135263 0.024579 0.193424 0.6300 0.6600 0.7100
v 0.134654 0.024920 0.193937 0.6300 0.6600 0.7100
v 0.135643 0.024132 0.192310 0.6300 0.6600 0.7100
v 0.135685 0.024046 0.192872 0.6300 0.6600 0.7100
v 0.135327 0.024509 0.194365 0.6300 0.6600 0.7100
v 0.134811 0.024956 0.196609 0.6300 0.6600 0.7100
v 0.134836 0.025019 0.197134 0.6300 0.6600 0.7100
v 0.135501 0.024745 0.197826 0.6300 0.6600 0.7100
v 0.134877 0.025201 0.198177 0.6300 0.6600 0.7100
v 0.135917 0.024015 0.196927 0.6300 0.6600 0.7100
v 0.135940 0.024092 0.197489 0.6300 0.6600 0.7100
v 0.135535 0.024964 0.198838 0.6300 0.6600 0.7100
v 0.134940 0.025982 0.200738 0.6300 0.6600 0.7100
v 0.134945 0.026192 0.201228 0.6300 0.6600 0.7100
v 0.135584 0.026151 0.202015 0.6300 0.6600 0.7100
v 0.134948 0.026662 0.202183 0.6300 0.6600 0.7100
v 0.135579 0.026696 0.203002 0.6300 0.6600 0.7100
v 0.136037 0.025216 0.201391 0.6300 0.6600 0.7100
v 0.134945 0.026929 0.202661 0.6300 0.6600 0.7100
v 0.136040 0.025452 0.201911 0.6300 0.6600 0.7100
v 0.134939 0.027205 0.203117 0.6300 0.6600 0.7100
v 0.135562 0.027293 0.203924 0.6300 0.6600 0.7100
v 0.136038 0.025995 0.202950 0.6300 0.6600 0.7100
v 0.134919 0.027805 0.203998 0.6300 0.6600 0.7100
v 0.135532 0.027969 0.204823 0.6300 0.6600 0.7100
v 0.136033 0.026294 0.203455 0.6300 0.6600 0.7100
v 0.134904 0.028135 0.204433 0.6300 0.6600 0.7100
v 0.136025 0.026602 0.203936 0.6300 0.6600 0.7100
v 0.134886 0.028471 0.204846 0.6300 0.6600 0.7100
v 0.135491 0.028688 0.205652 0.6300 0.6600 0.7100
v 0.136000 0.027286 0.204888 0.6300 0.6600 0.7100
v 0.134841 0.029185 0.205634 0.6300 0.6600 0.7100
v 0.135982 0.027652 0.205346 0.6300 0.6600 0.7100
v 0.134813 0.029571 0.206017 0.6300 0.6600 0.7100
v 0.135962 0.028025 0.205779 0.6300 0.6600 0.7100
v 0.135911 0.028833 0.206622 0.6300 0.6600 0.7100
v 0.135880 0.029259 0.207021 0.6300 0.6600 0.7100
v 0.134654 0.031354 0.207477 0.6300 0.6600 0.7100
v 0.134596 0.031899 0.207837 0.6300 0.6600 0.7100
v 0.135149 0.032452 0.208600 0.6300 0.6600 0.7100
v 0.135716 0.031135 0.208476 0.6300 0.6600 0.7100
v 0.134462 0.033033 0.208486 0.6300 0.6600 0.7100
v 0.135029 0.033446 0.209108 0.6300 0.6600 0.7100
v 0.134400 0.033518 0.208726 0.6300 0.6600 0.7100
v 0.135655 0.031730 0.208851 0.6300 0.6600 0.7100
v 0.134334 0.034010 0.208949 0.6300 0.6600 0.7100
v 0.134893 0.034473 0.209545 0.6300 0.6600 0.7100
v 0.135542 0.032747 0.209414 0.6300 0.6600 0.7100
v 0.135479 0.033271 0.209669 0.6300 0.6600 0.7100
v 0.134157 0.035230 0.209415 0.6300 0.6600 0.7100
v 0.134706 0.035751 0.209977 0.6300 0.6600 0.7100
v 0.135412 0.033802 0.209905 0.6300 0.6600 0.7100
v 0.134060 0.035853 0.209610 0.6300 0.6600 0.7100
v 0.133975 0.036374 0.209750 0.6300 0.6600 0.7100
v 0.134534 0.036831 0.210252 0.6300 0.6600 0.7100
v 0.135266 0.034888 0.210321 0.6300 0.6600 0.7100
v 0.135170 0.035558 0.210536 0.6300 0.6600 0.7100
v 0.135086 0.036119 0.210692 0.6300 0.6600 0.7100
v 0.134355 0.037877 0.210442 0.6300 0.6600 0.7100
v 0.134906 0.037252 0.210945 0.6300 0.6600 0.7100
v 0.133118 0.040767 0.210184 0.6300 0.6600 0.7100
v 0.133587 0.041695 0.210523 0.6300 0.6600 0.7100
v 0.132997 0.041297 0.210149 0.6300 0.6600 0.7100
v 0.134338 0.040372 0.211218 0.6300 0.6600 0.7100
v 0.134101 0.041519 0.211169 0.6300 0.6600 0.7100
v 0.133384 0.042579 0.210409 0.6300 0.6600 0.7100
v 0.133977 0.042090 0.211114 0.6300 0.6600 0.7100
v 0.132930 0.044402 0.210008 0.6300 0.6600 0.7100
v 0.132680 0.045329 0.209714 0.6300 0.6600 0.7100
v 0.131883 0.045522 0.209173 0.6300 0.6600 0.7100
v 0.133255 0.045110 0.210486 0.6300 0.6600 0.7100
v 0.131736 0.046008 0.208974 0.6300 0.6600 0.7100
v 0.132968 0.046184 0.210115 0.6300 0.6600 0.7100
v 0.132822 0.046711 0.209902 0.6300 0.6600 0.7100
v 0.130875 0.048588 0.207557 0.6300 0.6600 0.7100
v 0.131708 0.048527 0.208167 0.6300 0.6600 0.7100
v 0.131422 0.049359 0.207603 0.6300 0.6600 0.7100
v 0.130498 0.049594 0.206808 0.6300 0.6600 0.7100
v 0.131051 0.050376 0.206800 0.6300 0.6600 0.7100
v 0.130309 0.050071 0.206404 0.6300 0.6600 0.7100
v 0.131716 0.050239 0.207861 0.6300 0.6600 0.7100
v 0.130152 0.050454 0.206054 0.6300 0.6600 0.7100
v 0.130744 0.051165 0.206074 0.6300 0.6600 0.7100
v 0.131528 0.050771 0.207442 0.6300 0.6600 0.7100
v 0.129965 0.050898 0.205617 0.6300 0.6600 0.7100
v 0.130378 0.052045 0.205133 0.6300 0.6600 0.7100
v 0.131372 0.051199 0.207078 0.6300 0.6600 0.7100
v 0.129593 0.051730 0.204689 0.6300 0.6600 0.7100
v 0.130108 0.052654 0.204381 0.6300 0.6600 0.7100
v 0.131061 0.052015 0.206308 0.6300 0.6600 0.7100
v 0.129456 0.052022 0.204323 0.6300 0.6600 0.7100
v 0.130875 0.052480 0.205819 0.6300 0.6600 0.7100
v 0.130600 0.053140 0.205051 0.6300 0.6600 0.7100
v 0.130464 0.053452 0.204651 0.6300 0.6600 0.7100
v 0.129802 0.053302 0.203460 0.6300 0.6600 0.7100
v 0.129900 0.055385 0.203229 0.6300 0.6600 0.7100
v 0.129939 0.055083 0.203047 0.6300 0.6600 0.7100
v 0.129918 0.054772 0.202877 0.6300 0.6600 0.7100
v 0.129836 0.054463 0.202726 0.6300 0.6600 0.7100
v 0.129697 0.054163 0.202596 0.6300 0.6600 0.7100
v 0.129504 0.053884 0.202494 0.6300 0.6600 0.7100
v 0.129264 0.053633 0.202421 0.6300 0.6600 0.7100
v 0.128985 0.053419 0.202381 0.6300 0.6600 0.7100
v 0.128674 0.053248 0.202373 0.6300 0.6600 0.7100
v 0.128343 0.053126 0.202400 0.6300 0.6600 0.7100
v 0.128000 0.053057 0.202459 0.6300 0.6600 0.7100
v 0.128000 0.054093 0.200212 0.6300 0.6600 0.7100
v 0.128000 0.054746 0.197824 0.6300 0.6600 0.7100
v 0.128000 0.054997 0.195362 0.6300 0.6600 0.7100
v 0.128000 0.054840 0.192892 0.6300 0.6600 0.7100
v 0.128000 0.054279 0.190482 0.6300 0.6600 0.7100
v 0.128000 0.053330 0.188196 0.6300 0.6600 0.7100
v 0.128000 0.052017 0.186098 0.6300 0.6600 0.7100
v 0.128000 0.050378 0.184244 0.6300 0.6600 0.7100
v 0.128000 0.048456 0.182685 0.6300 0.6600 0.7100
v 0.128000 0.046303 0.181464 0.6300 0.6600 0.7100
v 0.128341 0.046391 0.181470 0.6300 0.6600 0.7100
v 0.128672 0.046502 0.181420 0.6300 0.6600 0.7100
v 0.128982 0.046633 0.181314 0.6300 0.6600 0.7100
v 0.129262 0.046780 0.181157 0.6300 0.6600 0.7100
v 0.129502 0.046938 0.180954 0.6300 0.6600 0.7100
v 0.129695 0.047102 0.180709 0.6300 0.6600 0.7100
v 0.129836 0.047268 0.180432 0.6300 0.6600 0.7100
v 0.129920 0.047430 0.180130 0.6300 0.6600 0.7100
v 0.129944 0.047583 0.179813 0.6300 0.6600 0.7100
v 0.129908 0.047722 0.179492 0.6300 0.6600 0.7100
v 0.129422 0.056238 0.201389 0.6300 0.6600 0.7100
v 0.129020 0.056784 0.199429 0.6300 0.6600 0.7100
v 0.128699 0.057044 0.197396 0.6300 0.6600 0.7100
v 0.128464 0.057040 0.195338 0.6300 0.6600 0.7100
v 0.128311 0.056806 0.193289 0.6300 0.6600 0.7100
v 0.128233 0.056372 0.191264 0.6300 0.6600 0.7100
v 0.128238 0.055528 0.188630 0.6300 0.6600 0.7100
v 0.128392 0.054228 0.185823 0.6300 0.6600 0.7100
v 0.128620 0.052990 0.183893 0.6300 0.6600 0.7100
v 0.128950 0.051498 0.182151 0.6300 0.6600 0.7100
v 0.129368 0.049795 0.180696 0.6300 0.6600 0.7100
v 0.129627 0.048788 0.180043 0.6300 0.6600 0.7100
v 0.128647 0.051984 0.184517 0.6300 0.6600 0.7100
v 0.128324 0.055109 0.190224 0.6300 0.6600 0.7100
v 0.128399 0.055823 0.193438 0.6300 0.6600 0.7100
v 0.128636 0.055894 0.196688 0.6300 0.6600 0.7100
v 0.129768 0.047891 0.180470 0.6300 0.6600 0.7100
v 0.128822 0.050883 0.183378 0.6300 0.6600 0.7100
v 0.128491 0.053095 0.185991 0.6300 0.6600 0.7100
v 0.128414 0.053758 0.187086 0.6300 0.6600 0.7100
v 0.128354 0.054416 0.188407 0.6300 0.6600 0.7100
v 0.128517 0.055948 0.195321 0.6300 0.6600 0.7100
v 0.128843 0.055610 0.198497 0.6300 0.6600 0.7100
v 0.129695 0.055285 0.202057 0.6300 0.6600 0.7100
v 0.129674 0.055132 0.201993 0.6300 0.6600 0.7100
v 0.129639 0.054976 0.201931 0.6300 0.6600 0.7100
v 0.129564 0.048733 0.180907 0.6300 0.6600 0.7100
v 0.129447 0.049220 0.181202 0.6300 0.6600 0.7100
v 0.129216 0.048580 0.181703 0.6300 0.6600 0.7100
v 0.129134 0.049051 0.181981 0.6300 0.6600 0.7100
v 0.128873 0.047433 0.181663 0.6300 0.6600 0.7100
v 0.129390 0.049459 0.181359 0.6300 0.6600 0.7100
v 0.129288 0.049894 0.181665 0.6300 0.6600 0.7100
v 0.128988 0.049895 0.182559 0.6300 0.6600 0.7100
v 0.128646 0.048460 0.182303 0.6300 0.6600 0.7100
v 0.129097 0.050729 0.182335 0.6300 0.6600 0.7100
v 0.128627 0.048688 0.182442 0.6300 0.6600 0.7100
v 0.128592 0.049107 0.182714 0.6300 0.6600 0.7100
v 0.129150 0.056053 0.199574 0.6300 0.6600 0.7100
v 0.129015 0.055263 0.199727 0.6300 0.6600 0.7100
v 0.129332 0.055770 0.200500 0.6300 0.6600 0.7100
v 0.129152 0.054933 0.200593 0.6300 0.6600 0.7100
v 0.128554 0.054772 0.199344 0.6300 0.6600 0.7100
v 0.129429 0.055602 0.200952 0.6300 0.6600 0.7100
v 0.128598 0.054566 0.199929 0.6300 0.6600 0.7100
v 0.128630 0.054397 0.200350 0.6300 0.6600 0.7100
v 0.128987 0.054065 0.201492 0.6300 0.6600 0.7100
v 0.129428 0.054135 0.202118 0.6300 0.6600 0.7100
v 0.129436 0.047653 0.181159 0.6300 0.6600 0.7100
v 0.129360 0.048064 0.181351 0.6300 0.6600 0.7100
v 0.132652 -0.039786 0.210074 0.6300 0.6600 0.7100
v 0.132287 -0.042219 0.209905 0.6300 0.6600 0.7100
v 0.131898 -0.044580 0.209348 0.6300 0.6600 0.7100
v 0.131498 -0.046815 0.208426 0.6300 0.6600 0.7100
v 0.131098 -0.048872 0.207166 0.6300 0.6600 0.7100
v 0.130709 -0.050696 0.205591 0.6300 0.6600 0.7100
v 0.130346 -0.052240 0.203734 0.6300 0.6600 0.7100
v 0.130021 -0.053470 0.201644 0.6300 0.6600 0.7100
v 0.129747 -0.054358 0.199377 0.6300 0.6600 0.7100
v 0.129535 -0.054875 0.196988 0.6300 0.6600 0.7100
v 0.129398 -0.054989 0.194534 0.6300 0.6600 0.7100
v 0.129345 -0.054692 0.192098 0.6300 0.6600 0.7100
v 0.129375 -0.054005 0.189745 0.6300 0.6600 0.7100
v 0.129481 -0.052955 0.187536 0.6300 0.6600 0.7100
v 0.129662 -0.051569 0.185530 0.6300 0.6600 0.7100
v 0.129910 -0.049874 0.183786 0.6300 0.6600 0.7100
v 0.130213 -0.047918 0.182349 0.6300 0.6600 0.7100
v 0.130556 -0.045758 0.181241 0.6300 0.6600 0.7100
v 0.130925 -0.043456 0.180489 0.6300 0.6600 0.7100
v 0.131303 -0.041070 0.180114 0.6300 0.6600 0.7100
v 0.131678 -0.038657 0.180140 0.6300 0.6600 0.7100
v 0.132039 -0.036268 0.180564 0.6300 0.6600 0.7100
v 0.132381 -0.033967 0.181363 0.6300 0.6600 0.7100
v 0.132697 -0.031818 0.182515 0.6300 0.6600 0.7100
v 0.132980 -0.029887 0.183997 0.6300 0.6600 0.7100
v 0.133228 -0.028232 0.185783 0.6300 0.6600 0.7100
v 0.133441 -0.026889 0.187820 0.6300 0.6600 0.7100
v 0.133620 -0.025885 0.190049 0.6300 0.6600 0.7100
v 0.133763 -0.025247 0.192407 0.6300 0.6600 0.7100
v 0.133871 -0.025002 0.194834 0.6300 0.6600 0.7100
v 0.133941 -0.025167 0.197268 0.6300 0.6600 0.7100
v 0.133972 -0.025728 0.199647 0.6300 0.6600 0.7100
v 0.133959 -0.026662 0.201910 0.6300 0.6600 0.7100
v 0.133900 -0.027948 0.203999 0.6300 0.6600 0.7100
v 0.133792 -0.029566 0.205852 0.6300 0.6600 0.7100
v 0.133633 -0.031461 0.207403 0.6300 0.6600 0.7100
v 0.133424 -0.033572 0.208620 0.6300 0.6600 0.7100
v 0.133167 -0.035845 0.209482 0.6300 0.6600 0.7100
v 0.132924 -0.037792 0.209909 0.6300 0.6600 0.7100
v 0.132652 -0.039786 0.210073 0.6300 0.6600 0.7100
v 0.133289 -0.039864 0.210181 0.6300 0.6600 0.7100
v 0.133706 -0.039914 0.210381 0.6300 0.6600 0.7100
v 0.134205 -0.039970 0.210832 0.6300 0.6600 0.7100
v 0.134522 -0.040002 0.211409 0.6300 0.6600 0.7100
v 0.134635 -0.040007 0.212012 0.6300 0.6600 0.7100
v 0.133289 -0.039864 0.210181 0.6300 0.6600 0.7100
v 0.133706 -0.039914 0.210381 0.6300 0.6600 0.7100
v 0.134205 -0.039970 0.210832 0.6300 0.6600 0.7100
v 0.134522 -0.040002 0.211409 0.6300 0.6600 0.7100
v 0.134635 -0.040007 0.212012 0.6300 0.6600 0.7100
v 0.134981 -0.037103 0.211720 0.6300 0.6600 0.7100
v 0.135278 -0.034300 0.210942 0.6300 0.6600 0.7100
v 0.135525 -0.031668 0.209707 0.6300 0.6600 0.7100
v 0.135718 -0.029274 0.208040 0.6300 0.6600 0.7100
v 0.135855 -0.027189 0.205973 0.6300 0.6600 0.7100
v 0.135936 -0.025497 0.203587 0.6300 0.6600 0.7100
v 0.135962 -0.024494 0.201588 0.6300 0.6600 0.7100
v 0.135960 -0.023775 0.199513 0.6300 0.6600 0.7100
v 0.135931 -0.023330 0.197362 0.6300 0.6600 0.7100
v 0.135877 -0.023165 0.195177 0.6300 0.6600 0.7100
v 0.135799 -0.023289 0.192995 0.6300 0.6600 0.7100
v 0.135699 -0.023700 0.190846 0.6300 0.6600 0.7100
v 0.135576 -0.024383 0.188765 0.6300 0.6600 0.7100
v 0.135431 -0.025322 0.186785 0.6300 0.6600 0.7100
v 0.135265 -0.026501 0.184941 0.6300 0.6600 0.7100
v 0.135078 -0.027904 0.183266 0.6300 0.6600 0.7100
v 0.134869 -0.029513 0.181792 0.6300 0.6600 0.7100
v 0.134640 -0.031297 0.180536 0.6300 0.6600 0.7100
v 0.134391 -0.033227 0.179515 0.6300 0.6600 0.7100
v 0.134123 -0.035277 0.178747 0.6300 0.6600 0.7100
v 0.133839 -0.037409 0.178245 0.6300 0.6600 0.7100
v 0.133545 -0.039580 0.178016 0.6300 0.6600 0.7100
v 0.133246 -0.041747 0.178064 0.6300 0.6600 0.7100
v 0.132946 -0.043892 0.178392 0.6300 0.6600 0.7100
v 0.132651 -0.045984 0.178988 0.6300 0.6600 0.7100
v 0.132368 -0.047988 0.179840 0.6300 0.6600 0.7100
v 0.132105 -0.049872 0.180935 0.6300 0.6600 0.7100
v 0.131870 -0.051602 0.182259 0.6300 0.6600 0.7100
v 0.131668 -0.053144 0.183801 0.6300 0.6600 0.7100
v 0.131509 -0.054471 0.185536 0.6300 0.6600 0.7100
v 0.131395 -0.055566 0.187431 0.6300 0.6600 0.7100
v 0.131328 -0.056415 0.189453 0.6300 0.6600 0.7100
v 0.131311 -0.057002 0.191569 0.6300 0.6600 0.7100
v 0.131344 -0.057312 0.193746 0.6300 0.6600 0.7100
v 0.131431 -0.057331 0.195949 0.6300 0.6600 0.7100
v 0.131569 -0.057057 0.198129 0.6300 0.6600 0.7100
v 0.131750 -0.056505 0.200248 0.6300 0.6600 0.7100
v 0.131970 -0.055691 0.202275 0.6300 0.6600 0.7100
v 0.132221 -0.054633 0.204179 0.6300 0.6600 0.7100
v 0.132499 -0.053347 0.205929 0.6300 0.6600 0.7100
v 0.132797 -0.051851 0.207496 0.6300 0.6600 0.7100
v 0.133108 -0.050165 0.208853 0.6300 0.6600 0.7100
v 0.133426 -0.048318 0.209987 0.6300 0.6600 0.7100
v 0.133744 -0.046340 0.210883 0.6300 0.6600 0.7100
v 0.134057 -0.044261 0.211529 0.6300 0.6600 0.7100
v 0.134354 -0.042154 0.211904 0.6300 0.6600 0.7100
v 0.134312 -0.037731 0.210461 0.6300 0.6600 0.7100
v 0.133644 -0.037794 0.210046 0.6300 0.6600 0.7100
v 0.133767 -0.036800 0.209865 0.6300 0.6600 0.7100
v 0.134786 -0.037452 0.211066 0.6300 0.6600 0.7100
v 0.133935 -0.035367 0.209479 0.6300 0.6600 0.7100
v 0.134961 -0.035890 0.210723 0.6300 0.6600 0.7100
v 0.134062 -0.034208 0.209052 0.6300 0.6600 0.7100
v 0.134647 -0.034763 0.209706 0.6300 0.6600 0.7100
v 0.135100 -0.034562 0.210302 0.6300 0.6600 0.7100
v 0.134201 -0.032853 0.208408 0.6300 0.6600 0.7100
v 0.135228 -0.033266 0.209764 0.6300 0.6600 0.7100
v 0.134302 -0.031786 0.207778 0.6300 0.6600 0.7100
v 0.134920 -0.031979 0.208374 0.6300 0.6600 0.7100
v 0.135359 -0.031840 0.209012 0.6300 0.6600 0.7100
v 0.135034 -0.030648 0.207469 0.6300 0.6600 0.7100
v 0.135457 -0.030668 0.208248 0.6300 0.6600 0.7100
v 0.134554 -0.028597 0.205012 0.6300 0.6600 0.7100
v 0.134600 -0.027823 0.204047 0.6300 0.6600 0.7100
v 0.134635 -0.027131 0.203022 0.6300 0.6600 0.7100
v 0.135728 -0.026520 0.203936 0.6300 0.6600 0.7100
v 0.135688 -0.027336 0.205070 0.6300 0.6600 0.7100
v 0.135252 -0.027462 0.204227 0.6300 0.6600 0.7100
v 0.135775 -0.024662 0.200082 0.6300 0.6600 0.7100
v 0.134653 -0.025149 0.197947 0.6300 0.6600 0.7100
v 0.134668 -0.025434 0.199152 0.6300 0.6600 0.7100
v 0.135312 -0.024895 0.198658 0.6300 0.6600 0.7100
v 0.135769 -0.024367 0.199075 0.6300 0.6600 0.7100
v 0.134623 -0.024937 0.196459 0.6300 0.6600 0.7100
v 0.135757 -0.024139 0.198052 0.6300 0.6600 0.7100
v 0.134587 -0.024873 0.195219 0.6300 0.6600 0.7100
v 0.135251 -0.024481 0.195598 0.6300 0.6600 0.7100
v 0.135726 -0.023917 0.196453 0.6300 0.6600 0.7100
v 0.135698 -0.023859 0.195404 0.6300 0.6600 0.7100
v 0.134531 -0.024932 0.193730 0.6300 0.6600 0.7100
v 0.135665 -0.023868 0.194358 0.6300 0.6600 0.7100
v 0.134475 -0.025092 0.192504 0.6300 0.6600 0.7100
v 0.135603 -0.024014 0.192765 0.6300 0.6600 0.7100
v 0.134409 -0.025353 0.191289 0.6300 0.6600 0.7100
v 0.135555 -0.024194 0.191730 0.6300 0.6600 0.7100
v 0.135134 -0.024677 0.192535 0.6300 0.6600 0.7100
v 0.134318 -0.025798 0.189859 0.6300 0.6600 0.7100
v 0.135470 -0.024601 0.190171 0.6300 0.6600 0.7100
v 0.134234 -0.026269 0.188720 0.6300 0.6600 0.7100
v 0.134965 -0.025475 0.189557 0.6300 0.6600 0.7100
v 0.135409 -0.024947 0.189183 0.6300 0.6600 0.7100
v 0.135342 -0.025355 0.188222 0.6300 0.6600 0.7100
v 0.134121 -0.026962 0.187398 0.6300 0.6600 0.7100
v 0.134017 -0.027636 0.186351 0.6300 0.6600 0.7100
v 0.134747 -0.026839 0.186804 0.6300 0.6600 0.7100
v 0.135230 -0.026100 0.186802 0.6300 0.6600 0.7100
v 0.135149 -0.026665 0.185910 0.6300 0.6600 0.7100
v 0.134624 -0.027686 0.185582 0.6300 0.6600 0.7100
v 0.133601 -0.030512 0.183284 0.6300 0.6600 0.7100
v 0.134312 -0.029941 0.183207 0.6300 0.6600 0.7100
v 0.134164 -0.031037 0.182353 0.6300 0.6600 0.7100
v 0.133461 -0.031505 0.182548 0.6300 0.6600 0.7100
v 0.134662 -0.030305 0.182081 0.6300 0.6600 0.7100
v 0.134064 -0.031776 0.181859 0.6300 0.6600 0.7100
v 0.134550 -0.031162 0.181475 0.6300 0.6600 0.7100
v 0.132926 -0.035269 0.180694 0.6300 0.6600 0.7100
v 0.132754 -0.036454 0.180355 0.6300 0.6600 0.7100
v 0.133916 -0.035978 0.179312 0.6300 0.6600 0.7100
v 0.132578 -0.037663 0.180113 0.6300 0.6600 0.7100
v 0.133404 -0.036609 0.179857 0.6300 0.6600 0.7100
v 0.133778 -0.037000 0.179074 0.6300 0.6600 0.7100
v 0.133187 -0.038154 0.179585 0.6300 0.6600 0.7100
v 0.131951 -0.041842 0.180038 0.6300 0.6600 0.7100
v 0.132722 -0.041412 0.179517 0.6300 0.6600 0.7100
v 0.132537 -0.042690 0.179677 0.6300 0.6600 0.7100
v 0.131766 -0.043053 0.180234 0.6300 0.6600 0.7100
v 0.133054 -0.042263 0.178885 0.6300 0.6600 0.7100
v 0.132398 -0.043647 0.179868 0.6300 0.6600 0.7100
v 0.132909 -0.043294 0.179049 0.6300 0.6600 0.7100
v 0.131161 -0.046981 0.181619 0.6300 0.6600 0.7100
v 0.130998 -0.048052 0.182229 0.6300 0.6600 0.7100
v 0.132212 -0.048227 0.180847 0.6300 0.6600 0.7100
v 0.130844 -0.049068 0.182923 0.6300 0.6600 0.7100
v 0.132086 -0.049126 0.181389 0.6300 0.6600 0.7100
v 0.131710 -0.048364 0.181818 0.6300 0.6600 0.7100
v 0.131968 -0.049985 0.181986 0.6300 0.6600 0.7100
v 0.131197 -0.052057 0.185013 0.6300 0.6600 0.7100
v 0.130419 -0.052037 0.185846 0.6300 0.6600 0.7100
v 0.131105 -0.052789 0.185952 0.6300 0.6600 0.7100
v 0.130329 -0.052744 0.186848 0.6300 0.6600 0.7100
v 0.131570 -0.053014 0.184917 0.6300 0.6600 0.7100
v 0.131496 -0.053636 0.185754 0.6300 0.6600 0.7100
v 0.130243 -0.053484 0.188123 0.6300 0.6600 0.7100
v 0.131403 -0.054479 0.187102 0.6300 0.6600 0.7100
v 0.130193 -0.054001 0.189233 0.6300 0.6600 0.7100
v 0.130939 -0.054312 0.188573 0.6300 0.6600 0.7100
v 0.131357 -0.054955 0.188024 0.6300 0.6600 0.7100
v 0.130158 -0.054506 0.190632 0.6300 0.6600 0.7100
v 0.131322 -0.055374 0.188980 0.6300 0.6600 0.7100
v 0.130151 -0.054818 0.191819 0.6300 0.6600 0.7100
v 0.130880 -0.055301 0.191457 0.6300 0.6600 0.7100
v 0.131292 -0.055895 0.190496 0.6300 0.6600 0.7100
v 0.130164 -0.055031 0.193026 0.6300 0.6600 0.7100
v 0.131288 -0.056153 0.191506 0.6300 0.6600 0.7100
v 0.131296 -0.056344 0.192530 0.6300 0.6600 0.7100
v 0.130355 -0.055019 0.197201 0.6300 0.6600 0.7100
v 0.131098 -0.055522 0.197502 0.6300 0.6600 0.7100
v 0.131027 -0.055657 0.196416 0.6300 0.6600 0.7100
v 0.131453 -0.056438 0.196752 0.6300 0.6600 0.7100
v 0.130451 -0.054798 0.198402 0.6300 0.6600 0.7100
v 0.131521 -0.056293 0.197781 0.6300 0.6600 0.7100
v 0.131599 -0.056081 0.198798 0.6300 0.6600 0.7100
v 0.130897 -0.053327 0.202305 0.6300 0.6600 0.7100
v 0.131056 -0.052700 0.203354 0.6300 0.6600 0.7100
v 0.131704 -0.053424 0.203172 0.6300 0.6600 0.7100
v 0.132016 -0.054569 0.202736 0.6300 0.6600 0.7100
v 0.132138 -0.054046 0.203633 0.6300 0.6600 0.7100
v 0.131263 -0.051829 0.204553 0.6300 0.6600 0.7100
v 0.132268 -0.053463 0.204498 0.6300 0.6600 0.7100
v 0.131443 -0.051023 0.205476 0.6300 0.6600 0.7100
v 0.132479 -0.052467 0.205748 0.6300 0.6600 0.7100
v 0.131669 -0.049962 0.206494 0.6300 0.6600 0.7100
v 0.132622 -0.051756 0.206505 0.6300 0.6600 0.7100
v 0.132113 -0.051586 0.205603 0.6300 0.6600 0.7100
v 0.131861 -0.049008 0.207257 0.6300 0.6600 0.7100
v 0.132847 -0.050581 0.207570 0.6300 0.6600 0.7100
v 0.132056 -0.047994 0.207943 0.6300 0.6600 0.7100
v 0.132998 -0.049757 0.208204 0.6300 0.6600 0.7100
v 0.132559 -0.049324 0.207622 0.6300 0.6600 0.7100
v 0.133151 -0.048894 0.208786 0.6300 0.6600 0.7100
v 0.133773 -0.045064 0.210550 0.6300 0.6600 0.7100
v 0.132915 -0.042976 0.209920 0.6300 0.6600 0.7100
v 0.133484 -0.043822 0.210187 0.6300 0.6600 0.7100
v 0.132724 -0.044178 0.209629 0.6300 0.6600 0.7100
v 0.133923 -0.044052 0.210830 0.6300 0.6600 0.7100
v 0.134069 -0.043044 0.211042 0.6300 0.6600 0.7100
v 0.134257 -0.041000 0.211090 0.6300 0.6600 0.7100
v 0.134382 -0.037144 0.210360 0.6300 0.6600 0.7100
v 0.134468 -0.036395 0.210198 0.6300 0.6600 0.7100
v 0.134551 -0.035656 0.209999 0.6300 0.6600 0.7100
v 0.134746 -0.033800 0.209320 0.6300 0.6600 0.7100
v 0.134815 -0.033098 0.208991 0.6300 0.6600 0.7100
v 0.134359 -0.031143 0.207337 0.6300 0.6600 0.7100
v 0.134440 -0.030169 0.206569 0.6300 0.6600 0.7100
v 0.135111 -0.029662 0.206655 0.6300 0.6600 0.7100
v 0.134476 -0.029706 0.206156 0.6300 0.6600 0.7100
v 0.135510 -0.029997 0.207742 0.6300 0.6600 0.7100
v 0.134510 -0.029237 0.205701 0.6300 0.6600 0.7100
v 0.135178 -0.028698 0.205715 0.6300 0.6600 0.7100
v 0.135548 -0.029484 0.207316 0.6300 0.6600 0.7100
v 0.135586 -0.028963 0.206846 0.6300 0.6600 0.7100
v 0.135219 -0.028056 0.204989 0.6300 0.6600 0.7100
v 0.135650 -0.027985 0.205842 0.6300 0.6600 0.7100
v 0.135279 -0.026911 0.203418 0.6300 0.6600 0.7100
v 0.135299 -0.026412 0.202574 0.6300 0.6600 0.7100
v 0.134654 -0.026657 0.202196 0.6300 0.6600 0.7100
v 0.134661 -0.026429 0.201751 0.6300 0.6600 0.7100
v 0.135313 -0.025944 0.201657 0.6300 0.6600 0.7100
v 0.135750 -0.025987 0.203065 0.6300 0.6600 0.7100
v 0.134667 -0.026167 0.201188 0.6300 0.6600 0.7100
v 0.135321 -0.025449 0.200477 0.6300 0.6600 0.7100
v 0.135759 -0.025729 0.202594 0.6300 0.6600 0.7100
v 0.134671 -0.025711 0.200033 0.6300 0.6600 0.7100
v 0.135771 -0.025260 0.201629 0.6300 0.6600 0.7100
v 0.135774 -0.025001 0.201014 0.6300 0.6600 0.7100
v 0.135320 -0.025143 0.199575 0.6300 0.6600 0.7100
v 0.135304 -0.024749 0.197979 0.6300 0.6600 0.7100
v 0.135290 -0.024623 0.197215 0.6300 0.6600 0.7100
v 0.135273 -0.024534 0.196445 0.6300 0.6600 0.7100
v 0.135226 -0.024473 0.194801 0.6300 0.6600 0.7100
v 0.135198 -0.024505 0.194034 0.6300 0.6600 0.7100
v 0.135167 -0.024574 0.193270 0.6300 0.6600 0.7100
v 0.135083 -0.024880 0.191515 0.6300 0.6600 0.7100
v 0.135041 -0.025074 0.190767 0.6300 0.6600 0.7100
v 0.134891 -0.025914 0.188511 0.6300 0.6600 0.7100
v 0.134836 -0.026254 0.187822 0.6300 0.6600 0.7100
v 0.134779 -0.026630 0.187149 0.6300 0.6600 0.7100
v 0.133953 -0.028065 0.185773 0.6300 0.6600 0.7100
v 0.133908 -0.028371 0.185393 0.6300 0.6600 0.7100
v 0.134534 -0.028324 0.184804 0.6300 0.6600 0.7100
v 0.135086 -0.027116 0.185280 0.6300 0.6600 0.7100
v 0.135042 -0.027438 0.184865 0.6300 0.6600 0.7100
v 0.133788 -0.029198 0.184476 0.6300 0.6600 0.7100
v 0.134413 -0.029199 0.183882 0.6300 0.6600 0.7100
v 0.133725 -0.029638 0.184045 0.6300 0.6600 0.7100
v 0.134950 -0.028121 0.184070 0.6300 0.6600 0.7100
v 0.133674 -0.029998 0.183717 0.6300 0.6600 0.7100
v 0.134889 -0.028579 0.183590 0.6300 0.6600 0.7100
v 0.134788 -0.029340 0.182872 0.6300 0.6600 0.7100
v 0.134736 -0.029737 0.182531 0.6300 0.6600 0.7100
v 0.133410 -0.031865 0.182311 0.6300 0.6600 0.7100
v 0.133336 -0.032392 0.181990 0.6300 0.6600 0.7100
v 0.133915 -0.032880 0.181228 0.6300 0.6600 0.7100
v 0.134499 -0.031552 0.181225 0.6300 0.6600 0.7100
v 0.133182 -0.033481 0.181414 0.6300 0.6600 0.7100
v 0.133792 -0.033784 0.180794 0.6300 0.6600 0.7100
v 0.134424 -0.032124 0.180886 0.6300 0.6600 0.7100
v 0.133119 -0.033922 0.181211 0.6300 0.6600 0.7100
v 0.133055 -0.034370 0.181023 0.6300 0.6600 0.7100
v 0.133665 -0.034714 0.180419 0.6300 0.6600 0.7100
v 0.134303 -0.033051 0.180400 0.6300 0.6600 0.7100
v 0.134241 -0.033526 0.180180 0.6300 0.6600 0.7100
v 0.134177 -0.034007 0.179974 0.6300 0.6600 0.7100
v 0.133536 -0.035652 0.180108 0.6300 0.6600 0.7100
v 0.134047 -0.034989 0.179610 0.6300 0.6600 0.7100
v 0.132466 -0.038416 0.180014 0.6300 0.6600 0.7100
v 0.133046 -0.039150 0.179492 0.6300 0.6600 0.7100
v 0.132395 -0.038898 0.179970 0.6300 0.6600 0.7100
v 0.133669 -0.037808 0.178934 0.6300 0.6600 0.7100
v 0.132303 -0.039511 0.179937 0.6300 0.6600 0.7100
v 0.132866 -0.040415 0.179466 0.6300 0.6600 0.7100
v 0.133527 -0.038846 0.178814 0.6300 0.6600 0.7100
v 0.132119 -0.040738 0.179945 0.6300 0.6600 0.7100
v 0.133456 -0.039367 0.178779 0.6300 0.6600 0.7100
v 0.132046 -0.041221 0.179976 0.6300 0.6600 0.7100
v 0.133364 -0.040029 0.178758 0.6300 0.6600 0.7100
v 0.133220 -0.041072 0.178780 0.6300 0.6600 0.7100
v 0.133147 -0.041593 0.178815 0.6300 0.6600 0.7100
v 0.131695 -0.043514 0.180336 0.6300 0.6600 0.7100
v 0.131624 -0.043982 0.180454 0.6300 0.6600 0.7100
v 0.132257 -0.044608 0.180123 0.6300 0.6600 0.7100
v 0.132838 -0.043794 0.179152 0.6300 0.6600 0.7100
v 0.131444 -0.045148 0.180820 0.6300 0.6600 0.7100
v 0.132083 -0.045800 0.180534 0.6300 0.6600 0.7100
v 0.132767 -0.044300 0.179273 0.6300 0.6600 0.7100
v 0.131356 -0.045719 0.181038 0.6300 0.6600 0.7100
v 0.132625 -0.045299 0.179564 0.6300 0.6600 0.7100
v 0.131287 -0.046163 0.181227 0.6300 0.6600 0.7100
v 0.131949 -0.046714 0.180925 0.6300 0.6600 0.7100
v 0.132537 -0.045921 0.179780 0.6300 0.6600 0.7100
v 0.132469 -0.046406 0.179969 0.6300 0.6600 0.7100
v 0.131827 -0.047551 0.181346 0.6300 0.6600 0.7100
v 0.132334 -0.047358 0.180393 0.6300 0.6600 0.7100
v 0.131552 -0.049462 0.182567 0.6300 0.6600 0.7100
v 0.131408 -0.050488 0.183401 0.6300 0.6600 0.7100
v 0.130696 -0.050066 0.183732 0.6300 0.6600 0.7100
v 0.130644 -0.050422 0.184057 0.6300 0.6600 0.7100
v 0.131310 -0.051209 0.184084 0.6300 0.6600 0.7100
v 0.131822 -0.051061 0.182858 0.6300 0.6600 0.7100
v 0.130523 -0.051276 0.184932 0.6300 0.6600 0.7100
v 0.131771 -0.051444 0.183208 0.6300 0.6600 0.7100
v 0.130468 -0.051676 0.185394 0.6300 0.6600 0.7100
v 0.131675 -0.052177 0.183945 0.6300 0.6600 0.7100
v 0.131619 -0.052617 0.184437 0.6300 0.6600 0.7100
v 0.131069 -0.053093 0.186390 0.6300 0.6600 0.7100
v 0.131022 -0.053500 0.187030 0.6300 0.6600 0.7100
v 0.130982 -0.053874 0.187689 0.6300 0.6600 0.7100
v 0.130918 -0.054564 0.189156 0.6300 0.6600 0.7100
v 0.130898 -0.054836 0.189871 0.6300 0.6600 0.7100
v 0.130886 -0.055072 0.190599 0.6300 0.6600 0.7100
v 0.130891 -0.055557 0.192800 0.6300 0.6600 0.7100
v 0.130924 -0.055693 0.194162 0.6300 0.6600 0.7100
v 0.130201 -0.055152 0.194353 0.6300 0.6600 0.7100
v 0.130220 -0.055167 0.194837 0.6300 0.6600 0.7100
v 0.130962 -0.055717 0.195158 0.6300 0.6600 0.7100
v 0.131328 -0.056498 0.193957 0.6300 0.6600 0.7100
v 0.131345 -0.056523 0.194478 0.6300 0.6600 0.7100
v 0.130281 -0.055137 0.196063 0.6300 0.6600 0.7100
v 0.130318 -0.055085 0.196673 0.6300 0.6600 0.7100
v 0.131388 -0.056524 0.195521 0.6300 0.6600 0.7100
v 0.131421 -0.056489 0.196181 0.6300 0.6600 0.7100
v 0.131179 -0.055315 0.198555 0.6300 0.6600 0.7100
v 0.131273 -0.055035 0.199593 0.6300 0.6600 0.7100
v 0.130546 -0.054532 0.199413 0.6300 0.6600 0.7100
v 0.130607 -0.054343 0.199996 0.6300 0.6600 0.7100
v 0.131398 -0.054617 0.200783 0.6300 0.6600 0.7100
v 0.131696 -0.055779 0.199883 0.6300 0.6600 0.7100
v 0.130741 -0.053898 0.201138 0.6300 0.6600 0.7100
v 0.131505 -0.054221 0.201696 0.6300 0.6600 0.7100
v 0.131757 -0.055567 0.200509 0.6300 0.6600 0.7100
v 0.130797 -0.053697 0.201577 0.6300 0.6600 0.7100
v 0.131862 -0.055182 0.201477 0.6300 0.6600 0.7100
v 0.131917 -0.054967 0.201951 0.6300 0.6600 0.7100
v 0.131602 -0.053842 0.202445 0.6300 0.6600 0.7100
v 0.131804 -0.052997 0.203831 0.6300 0.6600 0.7100
v 0.131905 -0.052551 0.204451 0.6300 0.6600 0.7100
v 0.132009 -0.052074 0.205048 0.6300 0.6600 0.7100
v 0.132278 -0.050779 0.206417 0.6300 0.6600 0.7100
v 0.132390 -0.050213 0.206922 0.6300 0.6600 0.7100
v 0.132730 -0.048393 0.208253 0.6300 0.6600 0.7100
v 0.132901 -0.047421 0.208815 0.6300 0.6600 0.7100
v 0.132231 -0.047049 0.208483 0.6300 0.6600 0.7100
v 0.132309 -0.046618 0.208699 0.6300 0.6600 0.7100
v 0.133053 -0.046529 0.209253 0.6300 0.6600 0.7100
v 0.133324 -0.047879 0.209374 0.6300 0.6600 0.7100
v 0.132504 -0.045496 0.209187 0.6300 0.6600 0.7100
v 0.133245 -0.045357 0.209726 0.6300 0.6600 0.7100
v 0.133401 -0.047416 0.209611 0.6300 0.6600 0.7100
v 0.132602 -0.044919 0.209397 0.6300 0.6600 0.7100
v 0.133554 -0.046469 0.210040 0.6300 0.6600 0.7100
v 0.133651 -0.045854 0.210281 0.6300 0.6600 0.7100
v 0.133365 -0.044597 0.209975 0.6300 0.6600 0.7100
v 0.133036 -0.042185 0.210055 0.6300 0.6600 0.7100
v 0.133606 -0.043010 0.210364 0.6300 0.6600 0.7100
v 0.133724 -0.042193 0.210497 0.6300 0.6600 0.7100
v 0.134188 -0.042190 0.211171 0.6300 0.6600 0.7100
v 0.133856 -0.040425 0.210536 0.6300 0.6600 0.7100
v 0.104000 -0.040000 0.189925 0.6300 0.6600 0.7100
v 0.104000 -0.039106 0.190003 0.6300 0.6600 0.7100
v 0.104000 -0.038239 0.190236 0.6300 0.6600 0.7100
v 0.104000 -0.037425 0.190615 0.6300 0.6600 0.7100
v 0.104000 -0.036690 0.191130 0.6300 0.6600 0.7100
v 0.104000 -0.036055 0.191765 0.6300 0.6600 0.7100
v 0.104000 -0.035540 0.192500 0.6300 0.6600 0.7100
v 0.104000 -0.035161 0.193314 0.6300 0.6600 0.7100
v 0.104000 -0.034928 0.194181 0.6300 0.6600 0.7100
v 0.104000 -0.034850 0.195075 0.6300 0.6600 0.7100
v 0.104000 -0.034928 0.195969 0.6300 0.6600 0.7100
v 0.104000 -0.035161 0.196836 0.6300 0.6600 0.7100
v 0.104000 -0.035540 0.197650 0.6300 0.6600 0.7100
v 0.104000 -0.036055 0.198385 0.6300 0.6600 0.7100
v 0.104000 -0.036690 0.199020 0.6300 0.6600 0.7100
v 0.104000 -0.037425 0.199535 0.6300 0.6600 0.7100
v 0.104000 -0.038239 0.199914 0.6300 0.6600 0.7100
v 0.104000 -0.039106 0.200147 0.6300 0.6600 0.7100
v 0.104000 -0.040000 0.200225 0.6300 0.6600 0.7100
v 0.100906 -0.040000 0.195075 0.6300 0.6600 0.7100
v 0.101937 -0.040000 0.193358 0.6300 0.6600 0.7100
v 0.102969 -0.040000 0.191642 0.6300 0.6600 0.7100
v 0.100906 -0.040000 0.195075 0.6300 0.6600 0.7100
v 0.101937 -0.040000 0.193358 0.6300 0.6600 0.7100
v 0.102969 -0.040000 0.191642 0.6300 0.6600 0.7100
v 0.104000 -0.040000 0.189925 0.6300 0.6600 0.7100
v 0.104000 -0.040894 0.200147 0.6300 0.6600 0.7100
v 0.104000 -0.041761 0.199914 0.6300 0.6600 0.7100
v 0.104000 -0.042575 0.199535 0.6300 0.6600 0.7100
v 0.104000 -0.043310 0.199020 0.6300 0.6600 0.7100
v 0.104000 -0.043945 0.198385 0.6300 0.6600 0.7100
v 0.104000 -0.044460 0.197650 0.6300 0.6600 0.7100
v 0.104000 -0.044839 0.196836 0.6300 0.6600 0.7100
v 0.104000 -0.045072 0.195969 0.6300 0.6600 0.7100
v 0.104000 -0.045150 0.195075 0.6300 0.6600 0.7100
v 0.104000 -0.045072 0.194181 0.6300 0.6600 0.7100
v 0.104000 -0.044839 0.193314 0.6300 0.6600 0.7100
v 0.104000 -0.044460 0.192500 0.6300 0.6600 0.7100
v 0.104000 -0.043945 0.191765 0.6300 0.6600 0.7100
v 0.104000 -0.043310 0.191130 0.6300 0.6600 0.7100
v 0.104000 -0.042575 0.190615 0.6300 0.6600 0.7100
v 0.104000 -0.041761 0.190236 0.6300 0.6600 0.7100
v 0.104000 -0.040894 0.190003 0.6300 0.6600 0.7100
v 0.101937 -0.039413 0.193462 0.6300 0.6600 0.7100
v 0.101937 -0.038897 0.193760 0.6300 0.6600 0.7100
v 0.101937 -0.038513 0.194217 0.6300 0.6600 0.7100
v 0.102969 -0.038826 0.191849 0.6300 0.6600 0.7100
v 0.101937 -0.038309 0.194777 0.6300 0.6600 0.7100
v 0.102969 -0.037793 0.192445 0.6300 0.6600 0.7100
v 0.101937 -0.038309 0.195373 0.6300 0.6600 0.7100
v 0.102969 -0.037027 0.193358 0.6300 0.6600 0.7100
v 0.101937 -0.038513 0.195933 0.6300 0.6600 0.7100
v 0.102969 -0.036619 0.194479 0.6300 0.6600 0.7100
v 0.101937 -0.038897 0.196390 0.6300 0.6600 0.7100
v 0.102969 -0.036619 0.195671 0.6300 0.6600 0.7100
v 0.101937 -0.039413 0.196688 0.6300 0.6600 0.7100
v 0.102969 -0.037027 0.196792 0.6300 0.6600 0.7100
v 0.101937 -0.040000 0.196792 0.6300 0.6600 0.7100
v 0.102969 -0.037793 0.197705 0.6300 0.6600 0.7100
v 0.101937 -0.040587 0.196688 0.6300 0.6600 0.7100
v 0.102969 -0.038826 0.198301 0.6300 0.6600 0.7100
v 0.101937 -0.041103 0.196390 0.6300 0.6600 0.7100
v 0.102969 -0.040000 0.198508 0.6300 0.6600 0.7100
v 0.101937 -0.041487 0.195933 0.6300 0.6600 0.7100
v 0.102969 -0.041174 0.198301 0.6300 0.6600 0.7100
v 0.101937 -0.041691 0.195373 0.6300 0.6600 0.7100
v 0.102969 -0.042207 0.197705 0.6300 0.6600 0.7100
v 0.101937 -0.041691 0.194777 0.6300 0.6600 0.7100
v 0.102969 -0.042973 0.196792 0.6300 0.6600 0.7100
v 0.101937 -0.041487 0.194217 0.6300 0.6600 0.7100
v 0.102969 -0.043381 0.195671 0.6300 0.6600 0.7100
v 0.101937 -0.041103 0.193760 0.6300 0.6600 0.7100
v 0.102969 -0.043381 0.194479 0.6300 0.6600 0.7100
v 0.101937 -0.040587 0.193462 0.6300 0.6600 0.7100
v 0.102969 -0.042973 0.193358 0.6300 0.6600 0.7100
v 0.102969 -0.042207 0.192445 0.6300 0.6600 0.7100
v 0.102969 -0.041174 0.191849 0.6300 0.6600 0.7100
v 0.127150 -0.040000 0.189925 0.6300 0.6600 0.7100
v 0.127150 -0.039106 0.190003 0.6300 0.6600 0.7100
v 0.127150 -0.038239 0.190236 0.6300 0.6600 0.7100
v 0.127150 -0.037425 0.190615 0.6300 0.6600 0.7100
v 0.127150 -0.036690 0.191130 0.6300 0.6600 0.7100
v 0.127150 -0.036055 0.191765 0.6300 0.6600 0.7100
v 0.127150 -0.035540 0.192500 0.6300 0.6600 0.7100
v 0.127150 -0.035161 0.193314 0.6300 0.6600 0.7100
v 0.127150 -0.034928 0.194181 0.6300 0.6600 0.7100
v 0.127150 -0.034850 0.195075 0.6300 0.6600 0.7100
v 0.127150 -0.034928 0.195969 0.6300 0.6600 0.7100
v 0.127150 -0.035161 0.196836 0.6300 0.6600 0.7100
v 0.127150 -0.035540 0.197650 0.6300 0.6600 0.7100
v 0.127150 -0.036055 0.198385 0.6300 0.6600 0.7100
v 0.127150 -0.036690 0.199020 0.6300 0.6600 0.7100
v 0.127150 -0.037425 0.199535 0.6300 0.6600 0.7100
v 0.127150 -0.038239 0.199914 0.6300 0.6600 0.7100
v 0.127150 -0.039106 0.200147 0.6300 0.6600 0.7100
v 0.127150 -0.040000 0.200225 0.6300 0.6600 0.7100
v 0.127150 -0.040894 0.200147 0.6300 0.6600 0.7100
v 0.127150 -0.041761 0.199914 0.6300 0.6600 0.7100
v 0.127150 -0.042575 0.199535 0.6300 0.6600 0.7100
v 0.127150 -0.043310 0.199020 0.6300 0.6600 0.7100
v 0.127150 -0.043945 0.198385 0.6300 0.6600 0.7100
v 0.127150 -0.044460 0.197650 0.6300 0.6600 0.7100
v 0.127150 -0.044839 0.196836 0.6300 0.6600 0.7100
v 0.127150 -0.045072 0.195969 0.6300 0.6600 0.7100
v 0.127150 -0.045150 0.195075 0.6300 0.6600 0.7100
v 0.127150 -0.045072 0.194181 0.6300 0.6600 0.7100
v 0.127150 -0.044839 0.193314 0.6300 0.6600 0.7100
v 0.127150 -0.044460 0.192500 0.6300 0.6600 0.7100
v 0.127150 -0.043945 0.191765 0.6300 0.6600 0.7100
v 0.127150 -0.043310 0.191130 0.6300 0.6600 0.7100
v 0.127150 -0.042575 0.190615 0.6300 0.6600 0.7100
v 0.127150 -0.041761 0.190236 0.6300 0.6600 0.7100
v 0.127150 -0.040894 0.190003 0.6300 0.6600 0.7100
v 0.127150 -0.040000 0.189925 0.6300 0.6600 0.7100
v 0.104000 -0.040000 0.189925 0.6300 0.6600 0.7100
v 0.104000 -0.040000 0.189925 0.6300 0.6600 0.7100
v 0.104000 -0.039106 0.190003 0.6300 0.6600 0.7100
v 0.104000 -0.038239 0.190236 0.6300 0.6600 0.7100
v 0.104000 -0.037425 0.190615 0.6300 0.6600 0.7100
v 0.104000 -0.036690 0.191130 0.6300 0.6600 0.7100
v 0.104000 -0.036055 0.191765 0.6300 0.6600 0.7100
v 0.104000 -0.035540 0.192500 0.6300 0.6600 0.7100
v 0.104000 -0.035161 0.193314 0.6300 0.6600 0.7100
v 0.104000 -0.034928 0.194181 0.6300 0.6600 0.7100
v 0.104000 -0.034850 0.195075 0.6300 0.6600 0.7100
v 0.104000 -0.034928 0.195969 0.6300 0.6600 0.7100
v 0.104000 -0.035161 0.196836 0.6300 0.6600 0.7100
v 0.104000 -0.035540 0.197650 0.6300 0.6600 0.7100
v 0.104000 -0.036055 0.198385 0.6300 0.6600 0.7100
v 0.104000 -0.036690 0.199020 0.6300 0.6600 0.7100
v 0.104000 -0.037425 0.199535 0.6300 0.6600 0.7100
v 0.104000 -0.038239 0.199914 0.6300 0.6600 0.7100
v 0.104000 -0.039106 0.200147 0.6300 0.6600 0.7100
v 0.104000 -0.040000 0.200225 0.6300 0.6600 0.7100
v 0.104000 -0.040894 0.200147 0.6300 0.6600 0.7100
v 0.104000 -0.041761 0.199914 0.6300 0.6600 0.7100
v 0.104000 -0.042575 0.199535 0.6300 0.6600 0.7100
v 0.104000 -0.043310 0.199020 0.6300 0.6600 0.7100
v 0.104000 -0.043945 0.198385 0.6300 0.6600 0.7100
v 0.104000 -0.044460 0.197650 0.6300 0.6600 0.7100
v 0.104000 -0.044839 0.196836 0.6300 0.6600 0.7100
v 0.104000 -0.045072 0.195969 0.6300 0.6600 0.7100
v 0.104000 -0.045150 0.195075 0.6300 0.6600 0.7100
v 0.104000 -0.045072 0.194181 0.6300 0.6600 0.7100
v 0.104000 -0.044839 0.193314 0.6300 0.6600 0.7100
v 0.104000 -0.044460 0.192500 0.6300 0.6600 0.7100
v 0.104000 -0.043945 0.191765 0.6300 0.6600 0.7100
v 0.104000 -0.043310 0.191130 0.6300 0.6600 0.7100
v 0.104000 -0.042575 0.190615 0.6300 0.6600 0.7100
v 0.104000 -0.041761 0.190236 0.6300 0.6600 0.7100
v 0.104000 -0.040894 0.190003 0.6300 0.6600 0.7100
v 0.127150 -0.040000 0.189925 0.6300 0.6600 0.7100
v 0.127150 -0.039106 0.190003 0.6300 0.6600 0.7100
v 0.127150 -0.038239 0.190236 0.6300 0.6600 0.7100
v 0.127150 -0.037425 0.190615 0.6300 0.6600 0.7100
v 0.127150 -0.036690 0.191130 0.6300 0.6600 0.7100
v 0.127150 -0.036055 0.191765 0.6300 0.6600 0.7100
v 0.127150 -0.035540 0.192500 0.6300 0.6600 0.7100
v 0.127150 -0.035161 0.193314 0.6300 0.6600 0.7100
v 0.127150 -0.034928 0.194181 0.6300 0.6600 0.7100
v 0.127150 -0.034850 0.195075 0.6300 0.6600 0.7100
v 0.127150 -0.034928 0.195969 0.6300 0.6600 0.7100
v 0.127150 -0.035161 0.196836 0.6300 0.6600 0.7100
v 0.127150 -0.035540 0.197650 0.6300 0.6600 0.7100
v 0.127150 -0.036055 0.198385 0.6300 0.6600 0.7100
v 0.127150 -0.036690 0.199020 0.6300 0.6600 0.7100
v 0.127150 -0.037425 0.199535 0.6300 0.6600 0.7100
v 0.127150 -0.038239 0.199914 0.6300 0.6600 0.7100
v 0.127150 -0.039106 0.200147 0.6300 0.6600 0.7100
v 0.127150 -0.040000 0.200225 0.6300 0.6600 0.7100
v 0.127150 -0.040894 0.200147 0.6300 0.6600 0.7100
v 0.127150 -0.041761 0.199914 0.6300 0.6600 0.7100
v 0.127150 -0.042575 0.199535 0.6300 0.6600 0.7100
v 0.127150 -0.043310 0.199020 0.6300 0.6600 0.7100
v 0.127150 -0.043945 0.198385 0.6300 0.6600 0.7100
v 0.127150 -0.044460 0.197650 0.6300 0.6600 0.7100
v 0.127150 -0.044839 0.196836 0.6300 0.6600 0.7100
v 0.127150 -0.045072 0.195969 0.6300 0.6600 0.7100
v 0.127150 -0.045150 0.195075 0.6300 0.6600 0.7100
v 0.127150 -0.045072 0.194181 0.6300 0.6600 0.7100
v 0.127150 -0.044839 0.193314 0.6300 0.6600 0.7100
v 0.127150 -0.044460 0.192500 0.6300 0.6600 0.7100
v 0.127150 -0.043945 0.191765 0.6300 0.6600 0.7100
v 0.127150 -0.043310 0.191130 0.6300 0.6600 0.7100
v 0.127150 -0.042575 0.190615 0.6300 0.6600 0.7100
v 0.127150 -0.041761 0.190236 0.6300 0.6600 0.7100
v 0.127150 -0.040894 0.190003 0.6300 0.6600 0.7100
v 0.127150 -0.040000 0.189925 0.6300 0.6600 0.7100
v 0.128000 -0.040000 0.189075 0.6300 0.6600 0.7100
v 0.128000 -0.040000 0.189075 0.6300 0.6600 0.7100
v 0.128000 -0.041042 0.189166 0.6300 0.6600 0.7100
v 0.128000 -0.042052 0.189437 0.6300 0.6600 0.7100
v 0.128000 -0.043000 0.189879 0.6300 0.6600 0.7100
v 0.128000 -0.043857 0.190479 0.6300 0.6600 0.7100
v 0.128000 -0.044596 0.191218 0.6300 0.6600 0.7100
v 0.128000 -0.045196 0.192075 0.6300 0.6600 0.7100
v 0.128000 -0.045638 0.193023 0.6300 0.6600 0.7100
v 0.128000 -0.045909 0.194033 0.6300 0.6600 0.7100
v 0.128000 -0.046000 0.195075 0.6300 0.6600 0.7100
v 0.128000 -0.045909 0.196117 0.6300 0.6600 0.7100
v 0.128000 -0.045638 0.197127 0.6300 0.6600 0.7100
v 0.128000 -0.045196 0.198075 0.6300 0.6600 0.7100
v 0.128000 -0.044596 0.198932 0.6300 0.6600 0.7100
v 0.128000 -0.043857 0.199671 0.6300 0.6600 0.7100
v 0.128000 -0.043000 0.200271 0.6300 0.6600 0.7100
v 0.128000 -0.042052 0.200713 0.6300 0.6600 0.7100
v 0.128000 -0.041042 0.200984 0.6300 0.6600 0.7100
v 0.128000 -0.040000 0.201075 0.6300 0.6600 0.7100
v 0.128000 -0.038958 0.200984 0.6300 0.6600 0.7100
v 0.128000 -0.037948 0.200713 0.6300 0.6600 0.7100
v 0.128000 -0.037000 0.200271 0.6300 0.6600 0.7100
v 0.128000 -0.036143 0.199671 0.6300 0.6600 0.7100
v 0.128000 -0.035404 0.198932 0.6300 0.6600 0.7100
v 0.128000 -0.034804 0.198075 0.6300 0.6600 0.7100
v 0.128000 -0.034362 0.197127 0.6300 0.6600 0.7100
v 0.128000 -0.034091 0.196117 0.6300 0.6600 0.7100
v 0.128000 -0.034000 0.195075 0.6300 0.6600 0.7100
v 0.128000 -0.034091 0.194033 0.6300 0.6600 0.7100
v 0.128000 -0.034362 0.193023 0.6300 0.6600 0.7100
v 0.128000 -0.034804 0.192075 0.6300 0.6600 0.7100
v 0.128000 -0.035404 0.191218 0.6300 0.6600 0.7100
v 0.128000 -0.036143 0.190479 0.6300 0.6600 0.7100
v 0.128000 -0.037000 0.189879 0.6300 0.6600 0.7100
v 0.128000 -0.037948 0.189437 0.6300 0.6600 0.7100
v 0.128000 -0.038958 0.189166 0.6300 0.6600 0.7100
v 0.104000 0.040000 0.189925 0.6300 0.6600 0.7100
v 0.104000 0.040894 0.190003 0.6300 0.6600 0.7100
v 0.104000 0.041761 0.190236 0.6300 0.6600 0.7100
v 0.104000 0.042575 0.190615 0.6300 0.6600 0.7100
v 0.104000 0.043310 0.191130 0.6300 0.6600 0.7100
v 0.104000 0.043945 0.191765 0.6300 0.6600 0.7100
v 0.104000 0.044460 0.192500 0.6300 0.6600 0.7100
v 0.104000 0.044839 0.193314 0.6300 0.6600 0.7100
v 0.104000 0.045072 0.194181 0.6300 0.6600 0.7100
v 0.104000 0.045150 0.195075 0.6300 0.6600 0.7100
v 0.104000 0.045072 0.195969 0.6300 0.6600 0.7100
v 0.104000 0.044839 0.196836 0.6300 0.6600 0.7100
v 0.104000 0.044460 0.197650 0.6300 0.6600 0.7100
v 0.104000 0.043945 0.198385 0.6300 0.6600 0.7100
v 0.104000 0.043310 0.199020 0.6300 0.6600 0.7100
v 0.104000 0.042575 0.199535 0.6300 0.6600 0.7100
v 0.104000 0.041761 0.199914 0.6300 0.6600 0.7100
v 0.104000 0.040894 0.200147 0.6300 0.6600 0.7100
v 0.104000 0.040000 0.200225 0.6300 0.6600 0.7100
v 0.100906 0.040000 0.195075 0.6300 0.6600 0.7100
v 0.101937 0.040000 0.193358 0.6300 0.6600 0.7100
v 0.102969 0.040000 0.191642 0.6300 0.6600 0.7100
v 0.100906 0.040000 0.195075 0.6300 0.6600 0.7100
v 0.101937 0.040000 0.193358 0.6300 0.6600 0.7100
v 0.102969 0.040000 0.191642 0.6300 0.6600 0.7100
v 0.104000 0.040000 0.189925 0.6300 0.6600 0.7100
v 0.104000 0.039106 0.200147 0.6300 0.6600 0.7100
v 0.104000 0.038239 0.199914 0.6300 0.6600 0.7100
v 0.104000 0.037425 0.199535 0.6300 0.6600 0.7100
v 0.104000 0.036690 0.199020 0.6300 0.6600 0.7100
v 0.104000 0.036055 0.198385 0.6300 0.6600 0.7100
v 0.104000 0.035540 0.197650 0.6300 0.6600 0.7100
v 0.104000 0.035161 0.196836 0.6300 0.6600 0.7100
v 0.104000 0.034928 0.195969 0.6300 0.6600 0.7100
v 0.104000 0.034850 0.195075 0.6300 0.6600 0.7100
v 0.104000 0.034928 0.194181 0.6300 0.6600 0.7100
v 0.104000 0.035161 0.193314 0.6300 0.6600 0.7100
v 0.104000 0.035540 0.192500 0.6300 0.6600 0.7100
v 0.104000 0.036055 0.191765 0.6300 0.6600 0.7100
v 0.104000 0.036690 0.191130 0.6300 0.6600 0.7100
v 0.104000 0.037425 0.190615 0.6300 0.6600 0.7100
v 0.104000 0.038239 0.190236 0.6300 0.6600 0.7100
v 0.104000 0.039106 0.190003 0.6300 0.6600 0.7100
v 0.101937 0.040587 0.193462 0.6300 0.6600 0.7100
v 0.101937 0.041103 0.193760 0.6300 0.6600 0.7100
v 0.101937 0.041487 0.194217 0.6300 0.6600 0.7100
v 0.102969 0.041174 0.191849 0.6300 0.6600 0.7100
v 0.101937 0.041691 0.194777 0.6300 0.6600 0.7100
v 0.102969 0.042207 0.192445 0.6300 0.6600 0.7100
v 0.101937 0.041691 0.195373 0.6300 0.6600 0.7100
v 0.102969 0.042973 0.193358 0.6300 0.6600 0.7100
v 0.101937 0.041487 0.195933 0.6300 0.6600 0.7100
v 0.102969 0.043381 0.194479 0.6300 0.6600 0.7100
v 0.101937 0.041103 0.196390 0.6300 0.6600 0.7100
v 0.102969 0.043381 0.195671 0.6300 0.6600 0.7100
v 0.101937 0.040587 0.196688 0.6300 0.6600 0.7100
v 0.102969 0.042973 0.196792 0.6300 0.6600 0.7100
v 0.101937 0.040000 0.196792 0.6300 0.6600 0.7100
v 0.102969 0.042207 0.197705 0.6300 0.6600 0.7100
v 0.101937 0.039413 0.196688 0.6300 0.6600 0.7100
v 0.102969 0.041174 0.198301 0.6300 0.6600 0.7100
v 0.101937 0.038897 0.196390 0.6300 0.6600 0.7100
v 0.102969 0.040000 0.198508 0.6300 0.6600 0.7100
v 0.101937 0.038513 0.195933 0.6300 0.6600 0.7100
v 0.102969 0.038826 0.198301 0.6300 0.6600 0.7100
v 0.101937 0.038309 0.195373 0.6300 0.6600 0.7100
v 0.102969 0.037793 0.197705 0.6300 0.6600 0.7100
v 0.101937 0.038309 0.194777 0.6300 0.6600 0.7100
v 0.102969 0.037027 0.196792 0.6300 0.6600 0.7100
v 0.101937 0.038513 0.194217 0.6300 0.6600 0.7100
v 0.102969 0.036619 0.195671 0.6300 0.6600 0.7100
v 0.101937 0.038897 0.193760 0.6300 0.6600 0.7100
v 0.102969 0.036619 0.194479 0.6300 0.6600 0.7100
v 0.101937 0.039413 0.193462 0.6300 0.6600 0.7100
v 0.102969 0.037027 0.193358 0.6300 0.6600 0.7100
v 0.102969 0.037793 0.192445 0.6300 0.6600 0.7100
v 0.102969 0.038826 0.191849 0.6300 0.6600 0.7100
v 0.127150 0.040000 0.189925 0.6300 0.6600 0.7100
v 0.127150 0.040894 0.190003 0.6300 0.6600 0.7100
v 0.127150 0.041761 0.190236 0.6300 0.6600 0.7100
v 0.127150 0.042575 0.190615 0.6300 0.6600 0.7100
v 0.127150 0.043310 0.191130 0.6300 0.6600 0.7100
v 0.127150 0.043945 0.191765 0.6300 0.6600 0.7100
v 0.127150 0.044460 0.192500 0.6300 0.6600 0.7100
v 0.127150 0.044839 0.193314 0.6300 0.6600 0.7100
v 0.127150 0.045072 0.194181 0.6300 0.6600 0.7100
v 0.127150 0.045150 0.195075 0.6300 0.6600 0.7100
v 0.127150 0.045072 0.195969 0.6300 0.6600 0.7100
v 0.127150 0.044839 0.196836 0.6300 0.6600 0.7100
v 0.127150 0.044460 0.197650 0.6300 0.6600 0.7100
v 0.127150 0.043945 0.198385 0.6300 0.6600 0.7100
v 0.127150 0.043310 0.199020 0.6300 0.6600 0.7100
v 0.127150 0.042575 0.199535 0.6300 0.6600 0.7100
v 0.127150 0.041761 0.199914 0.6300 0.6600 0.7100
v 0.127150 0.040894 0.200147 0.6300 0.6600 0.7100
v 0.127150 0.040000 0.200225 0.6300 0.6600 0.7100
v 0.127150 0.039106 0.200147 0.6300 0.6600 0.7100
v 0.127150 0.038239 0.199914 0.6300 0.6600 0.7100
v 0.127150 0.037425 0.199535 0.6300 0.6600 0.7100
v 0.127150 0.036690 0.199020 0.6300 0.6600 0.7100
v 0.127150 0.036055 0.198385 0.6300 0.6600 0.7100
v 0.127150 0.035540 0.197650 0.6300 0.6600 0.7100
v 0.127150 0.035161 0.196836 0.6300 0.6600 0.7100
v 0.127150 0.034928 0.195969 0.6300 0.6600 0.7100
v 0.127150 0.034850 0.195075 0.6300 0.6600 0.7100
v 0.127150 0.034928 0.194181 0.6300 0.6600 0.7100
v 0.127150 0.035161 0.193314 0.6300 0.6600 0.7100
v 0.127150 0.035540 0.192500 0.6300 0.6600 0.7100
v 0.127150 0.036055 0.191765 0.6300 0.6600 0.7100
v 0.127150 0.036690 0.191130 0.6300 0.6600 0.7100
v 0.127150 0.037425 0.190615 0.6300 0.6600 0.7100
v 0.127150 0.038239 0.190236 0.6300 0.6600 0.7100
v 0.127150 0.039106 0.190003 0.6300 0.6600 0.7100
v 0.127150 0.040000 0.189925 0.6300 0.6600 0.7100
v 0.104000 0.040000 0.189925 0.6300 0.6600 0.7100
v 0.104000 0.040000 0.189925 0.6300 0.6600 0.7100
v 0.104000 0.040894 0.190003 0.6300 0.6600 0.7100
v 0.104000 0.041761 0.190236 0.6300 0.6600 0.7100
v 0.104000 0.042575 0.190615 0.6300 0.6600 0.7100
v 0.104000 0.043310 0.191130 0.6300 0.6600 0.7100
v 0.104000 0.043945 0.191765 0.6300 0.6600 0.7100
v 0.104000 0.044460 0.192500 0.6300 0.6600 0.7100
v 0.104000 0.044839 0.193314 0.6300 0.6600 0.7100
v 0.104000 0.045072 0.194181 0.6300 0.6600 0.7100
v 0.104000 0.045150 0.195075 0.6300 0.6600 0.7100
v 0.104000 0.045072 0.195969 0.6300 0.6600 0.7100
v 0.104000 0.044839 0.196836 0.6300 0.6600 0.7100
v 0.104000 0.044460 0.197650 0.6300 0.6600 0.7100
v 0.104000 0.043945 0.198385 0.6300 0.6600 0.7100
v 0.104000 0.043310 0.199020 0.6300 0.6600 0.7100
v 0.104000 0.042575 0.199535 0.6300 0.6600 0.7100
v 0.104000 0.041761 0.199914 0.6300 0.6600 0.7100
v 0.104000 0.040894 0.200147 0.6300 0.6600 0.7100
v 0.104000 0.040000 0.200225 0.6300 0.6600 0.7100
v 0.104000 0.039106 0.200147 0.6300 0.6600 0.7100
v 0.104000 0.038239 0.199914 0.6300 0.6600 0.7100
v 0.104000 0.037425 0.199535 0.6300 0.6600 0.7100
v 0.104000 0.036690 0.199020 0.6300 0.6600 0.7100
v 0.104000 0.036055 0.198385 0.6300 0.6600 0.7100
v 0.104000 0.035540 0.197650 0.6300 0.6600 0.7100
v 0.104000 0.035161 0.196836 0.6300 0.6600 0.7100
v 0.104000 0.034928 0.195969 0.6300 0.6600 0.7100
v 0.104000 0.034850 0.195075 0.6300 0.6600 0.7100
v 0.104000 0.034928 0.194181 0.6300 0.6600 0.7100
v 0.104000 0.035161 0.193314 0.6300 0.6600 0.7100
v 0.104000 0.035540 0.192500 0.6300 0.6600 0.7100
v 0.104000 0.036055 0.191765 0.6300 0.6600 0.7100
v 0.104000 0.036690 0.191130 0.6300 0.6600 0.7100
v 0.104000 0.037425 0.190615 0.6300 0.6600 0.7100
v 0.104000 0.038239 0.190236 0.6300 0.6600 0.7100
v 0.104000 0.039106 0.190003 0.6300 0.6600 0.7100
v 0.127150 0.040000 0.189925 0.6300 0.6600 0.7100
v 0.127150 0.040894 0.190003 0.6300 0.6600 0.7100
v 0.127150 0.041761 0.190236 0.6300 0.6600 0.7100
v 0.127150 0.042575 0.190615 0.6300 0.6600 0.7100
v 0.127150 0.043310 0.191130 0.6300 0.6600 0.7100
v 0.127150 0.043945 0.191765 0.6300 0.6600 0.7100
v 0.127150 0.044460 0.192500 0.6300 0.6600 0.7100
v 0.127150 0.044839 0.193314 0.6300 0.6600 0.7100
v 0.127150 0.045072 0.194181 0.6300 0.6600 0.7100
v 0.127150 0.045150 0.195075 0.6300 0.6600 0.7100
v 0.127150 0.045072 0.195969 0.6300 0.6600 0.7100
v 0.127150 0.044839 0.196836 0.6300 0.6600 0.7100
v 0.127150 0.044460 0.197650 0.6300 0.6600 0.7100
v 0.127150 0.043945 0.198385 0.6300 0.6600 0.7100
v 0.127150 0.043310 0.199020 0.6300 0.6600 0.7100
v 0.127150 0.042575 0.199535 0.6300 0.6600 0.7100
v 0.127150 0.041761 0.199914 0.6300 0.6600 0.7100
v 0.127150 0.040894 0.200147 0.6300 0.6600 0.7100
v 0.127150 0.040000 0.200225 0.6300 0.6600 0.7100
v 0.127150 0.039106 0.200147 0.6300 0.6600 0.7100
v 0.127150 0.038239 0.199914 0.6300 0.6600 0.7100
v 0.127150 0.037425 0.199535 0.6300 0.6600 0.7100
v 0.127150 0.036690 0.199020 0.6300 0.6600 0.7100
v 0.127150 0.036055 0.198385 0.6300 0.6600 0.7100
v 0.127150 0.035540 0.197650 0.6300 0.6600 0.7100
v 0.127150 0.035161 0.196836 0.6300 0.6600 0.7100
v 0.127150 0.034928 0.195969 0.6300 0.6600 0.7100
v 0.127150 0.034850 0.195075 0.6300 0.6600 0.7100
v 0.127150 0.034928 0.194181 0.6300 0.6600 0.7100
v 0.127150 0.035161 0.193314 0.6300 0.6600 0.7100
v 0.127150 0.035540 0.192500 0.6300 0.6600 0.7100
v 0.127150 0.036055 0.191765 0.6300 0.6600 0.7100
v 0.127150 0.036690 0.191130 0.6300 0.6600 0.7100
v 0.127150 0.037425 0.190615 0.6300 0.6600 0.7100
v 0.127150 0.038239 0.190236 0.6300 0.6600 0.7100
v 0.127150 0.039106 0.190003 0.6300 0.6600 0.7100
v 0.127150 0.040000 0.189925 0.6300 0.6600 0.7100
v 0.128000 0.040000 0.189075 0.6300 0.6600 0.7100
v 0.128000 0.040000 0.189075 0.6300 0.6600 0.7100
v 0.128000 0.038958 0.189166 0.6300 0.6600 0.7100
v 0.128000 0.037948 0.189437 0.6300 0.6600 0.7100
v 0.128000 0.037000 0.189879 0.6300 0.6600 0.7100
v 0.128000 0.036143 0.190479 0.6300 0.6600 0.7100
v 0.128000 0.035404 0.191218 0.6300 0.6600 0.7100
v 0.128000 0.034804 0.192075 0.6300 0.6600 0.7100
v 0.128000 0.034362 0.193023 0.6300 0.6600 0.7100
v 0.128000 0.034091 0.194033 0.6300 0.6600 0.7100
v 0.128000 0.034000 0.195075 0.6300 0.6600 0.7100
v 0.128000 0.034091 0.196117 0.6300 0.6600 0.7100
v 0.128000 0.034362 0.197127 0.6300 0.6600 0.7100
v 0.128000 0.034804 0.198075 0.6300 0.6600 0.7100
v 0.128000 0.035404 0.198932 0.6300 0.6600 0.7100
v 0.128000 0.036143 0.199671 0.6300 0.6600 0.7100
v 0.128000 0.037000 0.200271 0.6300 0.6600 0.7100
v 0.128000 0.037948 0.200713 0.6300 0.6600 0.7100
v 0.128000 0.038958 0.200984 0.6300 0.6600 0.7100
v 0.128000 0.040000 0.201075 0.6300 0.6600 0.7100
v 0.128000 0.041042 0.200984 0.6300 0.6600 0.7100
v 0.128000 0.042052 0.200713 0.6300 0.6600 0.7100
v 0.128000 0.043000 0.200271 0.6300 0.6600 0.7100
v 0.128000 0.043857 0.199671 0.6300 0.6600 0.7100
v 0.128000 0.044596 0.198932 0.6300 0.6600 0.7100
v 0.128000 0.045196 0.198075 0.6300 0.6600 0.7100
v 0.128000 0.045638 0.197127 0.6300 0.6600 0.7100
v 0.128000 0.045909 0.196117 0.6300 0.6600 0.7100
v 0.128000 0.046000 0.195075 0.6300 0.6600 0.7100
v 0.128000 0.045909 0.194033 0.6300 0.6600 0.7100
v 0.128000 0.045638 0.193023 0.6300 0.6600 0.7100
v 0.128000 0.045196 0.192075 0.6300 0.6600 0.7100
v 0.128000 0.044596 0.191218 0.6300 0.6600 0.7100
v 0.128000 0.043857 0.190479 0.6300 0.6600 0.7100
v 0.128000 0.043000 0.189879 0.6300 0.6600 0.7100
v 0.128000 0.042052 0.189437 0.6300 0.6600 0.7100
v 0.128000 0.041042 0.189166 0.6300 0.6600 0.7100
v -0.128000 0.046303 0.181464 0.6300 0.6600 0.7100
v -0.128692 0.043997 0.180620 0.6300 0.6600 0.7100
v -0.129406 0.041583 0.180162 0.6300 0.6600 0.7100
v -0.130116 0.039126 0.180101 0.6300 0.6600 0.7100
v -0.130793 0.036688 0.180446 0.6300 0.6600 0.7100
v -0.131422 0.034329 0.181191 0.6300 0.6600 0.7100
v -0.131994 0.032108 0.182321 0.6300 0.6600 0.7100
v -0.132501 0.030088 0.183817 0.6300 0.6600 0.7100
v -0.132937 0.028342 0.185639 0.6300 0.6600 0.7100
v -0.133303 0.026925 0.187727 0.6300 0.6600 0.7100
v -0.133605 0.025874 0.190031 0.6300 0.6600 0.7100
v -0.133849 0.025226 0.192493 0.6300 0.6600 0.7100
v -0.134037 0.025006 0.195037 0.6300 0.6600 0.7100
v -0.134169 0.025215 0.197582 0.6300 0.6600 0.7100
v -0.134247 0.025849 0.200050 0.6300 0.6600 0.7100
v -0.134266 0.026904 0.202376 0.6300 0.6600 0.7100
v -0.134219 0.028339 0.204499 0.6300 0.6600 0.7100
v -0.134098 0.030104 0.206346 0.6300 0.6600 0.7100
v -0.133917 0.031932 0.207719 0.6300 0.6600 0.7100
v -0.133691 0.033736 0.208700 0.6300 0.6600 0.7100
v -0.133404 0.035653 0.209427 0.6300 0.6600 0.7100
v -0.133053 0.037647 0.209888 0.6300 0.6600 0.7100
v -0.132640 0.039678 0.210072 0.6300 0.6600 0.7100
v -0.132170 0.041693 0.209979 0.6300 0.6600 0.7100
v -0.131652 0.043662 0.209621 0.6300 0.6600 0.7100
v -0.131092 0.045560 0.209007 0.6300 0.6600 0.7100
v -0.130497 0.047360 0.208145 0.6300 0.6600 0.7100
v -0.129881 0.049023 0.207058 0.6300 0.6600 0.7100
v -0.129261 0.050519 0.205769 0.6300 0.6600 0.7100
v -0.128651 0.051832 0.204295 0.6300 0.6600 0.7100
v -0.128321 0.052477 0.203401 0.6300 0.6600 0.7100
v -0.128000 0.053057 0.202459 0.6300 0.6600 0.7100
v -0.128000 0.043887 0.180588 0.6300 0.6600 0.7100
v -0.128000 0.041358 0.180137 0.6300 0.6600 0.7100
v -0.128000 0.038788 0.180124 0.6300 0.6600 0.7100
v -0.128000 0.036254 0.180550 0.6300 0.6600 0.7100
v -0.128000 0.033829 0.181403 0.6300 0.6600 0.7100
v -0.128000 0.031586 0.182657 0.6300 0.6600 0.7100
v -0.128000 0.029590 0.184275 0.6300 0.6600 0.7100
v -0.128000 0.027899 0.186211 0.6300 0.6600 0.7100
v -0.128000 0.026564 0.188406 0.6300 0.6600 0.7100
v -0.128000 0.025623 0.190798 0.6300 0.6600 0.7100
v -0.128000 0.025104 0.193315 0.6300 0.6600 0.7100
v -0.128000 0.025022 0.195883 0.6300 0.6600 0.7100
v -0.128000 0.025380 0.198428 0.6300 0.6600 0.7100
v -0.128000 0.026166 0.200874 0.6300 0.6600 0.7100
v -0.128000 0.027359 0.203151 0.6300 0.6600 0.7100
v -0.128000 0.028923 0.205190 0.6300 0.6600 0.7100
v -0.128000 0.030812 0.206932 0.6300 0.6600 0.7100
v -0.128000 0.032971 0.208326 0.6300 0.6600 0.7100
v -0.128000 0.035336 0.209331 0.6300 0.6600 0.7100
v -0.128000 0.037838 0.209918 0.6300 0.6600 0.7100
v -0.128000 0.040403 0.210070 0.6300 0.6600 0.7100
v -0.128000 0.042957 0.209781 0.6300 0.6600 0.7100
v -0.128000 0.045424 0.209060 0.6300 0.6600 0.7100
v -0.128000 0.047731 0.207929 0.6300 0.6600 0.7100
v -0.128000 0.049812 0.206421 0.6300 0.6600 0.7100
v -0.128000 0.051605 0.204579 0.6300 0.6600 0.7100
v -0.128000 0.053057 0.202459 0.6300 0.6600 0.7100
v -0.128000 0.054093 0.200212 0.6300 0.6600 0.7100
v -0.128000 0.054746 0.197824 0.6300 0.6600 0.7100
v -0.128000 0.054997 0.195362 0.6300 0.6600 0.7100
v -0.128000 0.054840 0.192892 0.6300 0.6600 0.7100
v -0.128000 0.054279 0.190482 0.6300 0.6600 0.7100
v -0.128000 0.053330 0.188196 0.6300 0.6600 0.7100
v -0.128000 0.052017 0.186098 0.6300 0.6600 0.7100
v -0.128000 0.050378 0.184244 0.6300 0.6600 0.7100
v -0.128000 0.048456 0.182685 0.6300 0.6600 0.7100
v -0.128000 0.046303 0.181464 0.6300 0.6600 0.7100
v -0.128000 0.043887 0.180588 0.6300 0.6600 0.7100
v -0.128000 0.041358 0.180137 0.6300 0.6600 0.7100
v -0.128000 0.038788 0.180124 0.6300 0.6600 0.7100
v -0.128000 0.036254 0.180550 0.6300 0.6600 0.7100
v -0.128000 0.033829 0.181403 0.6300 0.6600 0.7100
v -0.128000 0.031586 0.182657 0.6300 0.6600 0.7100
v -0.128000 0.029590 0.184275 0.6300 0.6600 0.7100
v -0.128000 0.027899 0.186211 0.6300 0.6600 0.7100
v -0.128000 0.026564 0.188406 0.6300 0.6600 0.7100
v -0.128000 0.025623 0.190798 0.6300 0.6600 0.7100
v -0.128000 0.025104 0.193315 0.6300 0.6600 0.7100
v -0.128000 0.025022 0.195883 0.6300 0.6600 0.7100
v -0.128000 0.025380 0.198428 0.6300 0.6600 0.7100
v -0.128000 0.026166 0.200874 0.6300 0.6600 0.7100
v -0.128000 0.027359 0.203151 0.6300 0.6600 0.7100
v -0.128000 0.028923 0.205190 0.6300 0.6600 0.7100
v -0.128000 0.030812 0.206932 0.6300 0.6600 0.7100
v -0.128000 0.032971 0.208326 0.6300 0.6600 0.7100
v -0.128000 0.035336 0.209331 0.6300 0.6600 0.7100
v -0.128000 0.037838 0.209918 0.6300 0.6600 0.7100
v -0.128000 0.040403 0.210070 0.6300 0.6600 0.7100
v -0.128000 0.042957 0.209781 0.6300 0.6600 0.7100
v -0.128000 0.045424 0.209060 0.6300 0.6600 0.7100
v -0.128000 0.047731 0.207929 0.6300 0.6600 0.7100
v -0.128000 0.049812 0.206421 0.6300 0.6600 0.7100
v -0.128000 0.051605 0.204579 0.6300 0.6600 0.7100
v -0.128000 0.040000 0.189075 0.6300 0.6600 0.7100
v -0.128000 0.038958 0.189166 0.6300 0.6600 0.7100
v -0.128000 0.037948 0.189437 0.6300 0.6600 0.7100
v -0.128000 0.037000 0.189879 0.6300 0.6600 0.7100
v -0.128000 0.036143 0.190479 0.6300 0.6600 0.7100
v -0.128000 0.035404 0.191218 0.6300 0.6600 0.7100
v -0.128000 0.034804 0.192075 0.6300 0.6600 0.7100
v -0.128000 0.034362 0.193023 0.6300 0.6600 0.7100
v -0.128000 0.034091 0.194033 0.6300 0.6600 0.7100
v -0.128000 0.034000 0.195075 0.6300 0.6600 0.7100
v -0.128000 0.034091 0.196117 0.6300 0.6600 0.7100
v -0.128000 0.034362 0.197127 0.6300 0.6600 0.7100
v -0.128000 0.034804 0.198075 0.6300 0.6600 0.7100
v -0.128000 0.035404 0.198932 0.6300 0.6600 0.7100
v -0.128000 0.036143 0.199671 0.6300 0.6600 0.7100
v -0.128000 0.037000 0.200271 0.6300 0.6600 0.7100
v -0.128000 0.037948 0.200713 0.6300 0.6600 0.7100
v -0.128000 0.038958 0.200984 0.6300 0.6600 0.7100
v -0.128000 0.040000 0.201075 0.6300 0.6600 0.7100
v -0.128000 0.041042 0.200984 0.6300 0.6600 0.7100
v -0.128000 0.042052 0.200713 0.6300 0.6600 0.7100
v -0.128000 0.043000 0.200271 0.6300 0.6600 0.7100
v -0.128000 0.043857 0.199671 0.6300 0.6600 0.7100
v -0.128000 0.044596 0.198932 0.6300 0.6600 0.7100
v -0.128000 0.045196 0.198075 0.6300 0.6600 0.7100
v -0.128000 0.045638 0.197127 0.6300 0.6600 0.7100
v -0.128000 0.045909 0.196117 0.6300 0.6600 0.7100
v -0.128000 0.046000 0.195075 0.6300 0.6600 0.7100
v -0.128000 0.045909 0.194033 0.6300 0.6600 0.7100
v -0.128000 0.045638 0.193023 0.6300 0.6600 0.7100
v -0.128000 0.045196 0.192075 0.6300 0.6600 0.7100
v -0.128000 0.044596 0.191218 0.6300 0.6600 0.7100
v -0.128000 0.043857 0.190479 0.6300 0.6600 0.7100
v -0.128000 0.043000 0.189879 0.6300 0.6600 0.7100
v -0.128000 0.042052 0.189437 0.6300 0.6600 0.7100
v -0.128000 0.041042 0.189166 0.6300 0.6600 0.7100
v -0.131514 -0.039722 0.180078 0.6300 0.6600 0.7100
v -0.131886 -0.037293 0.180326 0.6300 0.6600 0.7100
v -0.132237 -0.034944 0.180965 0.6300 0.6600 0.7100
v -0.132564 -0.032729 0.181967 0.6300 0.6600 0.7100
v -0.132860 -0.030704 0.183308 0.6300 0.6600 0.7100
v -0.133123 -0.028924 0.184960 0.6300 0.6600 0.7100
v -0.133351 -0.027440 0.186893 0.6300 0.6600 0.7100
v -0.133545 -0.026284 0.189047 0.6300 0.6600 0.7100
v -0.133705 -0.025482 0.191362 0.6300 0.6600 0.7100
v -0.133828 -0.025060 0.193774 0.6300 0.6600 0.7100
v -0.133915 -0.025045 0.196221 0.6300 0.6600 0.7100
v -0.133964 -0.025439 0.198637 0.6300 0.6600 0.7100
v -0.133970 -0.026219 0.200961 0.6300 0.6600 0.7100
v -0.133931 -0.027361 0.203134 0.6300 0.6600 0.7100
v -0.133844 -0.028841 0.205096 0.6300 0.6600 0.7100
v -0.133707 -0.030629 0.206786 0.6300 0.6600 0.7100
v -0.133517 -0.032662 0.208149 0.6300 0.6600 0.7100
v -0.133279 -0.034880 0.209164 0.6300 0.6600 0.7100
v -0.132996 -0.037228 0.209810 0.6300 0.6600 0.7100
v -0.132671 -0.039649 0.210070 0.6300 0.6600 0.7100
v -0.132309 -0.042080 0.209928 0.6300 0.6600 0.7100
v -0.131922 -0.044443 0.209395 0.6300 0.6600 0.7100
v -0.131522 -0.046688 0.208493 0.6300 0.6600 0.7100
v -0.131120 -0.048761 0.207246 0.6300 0.6600 0.7100
v -0.130728 -0.050612 0.205676 0.6300 0.6600 0.7100
v -0.130360 -0.052184 0.203816 0.6300 0.6600 0.7100
v -0.130033 -0.053431 0.201725 0.6300 0.6600 0.7100
v -0.129756 -0.054331 0.199460 0.6300 0.6600 0.7100
v -0.129543 -0.054860 0.197081 0.6300 0.6600 0.7100
v -0.129402 -0.054994 0.194646 0.6300 0.6600 0.7100
v -0.129346 -0.054716 0.192217 0.6300 0.6600 0.7100
v -0.129372 -0.054045 0.189860 0.6300 0.6600 0.7100
v -0.129476 -0.053008 0.187638 0.6300 0.6600 0.7100
v -0.129653 -0.051632 0.185613 0.6300 0.6600 0.7100
v -0.129899 -0.049948 0.183848 0.6300 0.6600 0.7100
v -0.130200 -0.048001 0.182393 0.6300 0.6600 0.7100
v -0.130542 -0.045850 0.181273 0.6300 0.6600 0.7100
v -0.130910 -0.043548 0.180508 0.6300 0.6600 0.7100
v -0.131211 -0.041653 0.180169 0.6300 0.6600 0.7100
v -0.131514 -0.039722 0.180078 0.6300 0.6600 0.7100
v -0.128000 -0.039722 0.180078 0.6300 0.6600 0.7100
v -0.128000 -0.039722 0.180078 0.6300 0.6600 0.7100
v -0.128000 -0.042248 0.180244 0.6300 0.6600 0.7100
v -0.128000 -0.044710 0.180834 0.6300 0.6600 0.7100
v -0.128000 -0.047038 0.181828 0.6300 0.6600 0.7100
v -0.128000 -0.049165 0.183200 0.6300 0.6600 0.7100
v -0.128000 -0.051031 0.184911 0.6300 0.6600 0.7100
v -0.128000 -0.052583 0.186910 0.6300 0.6600 0.7100
v -0.128000 -0.053777 0.189143 0.6300 0.6600 0.7100
v -0.128000 -0.054578 0.191544 0.6300 0.6600 0.7100
v -0.128000 -0.054965 0.194046 0.6300 0.6600 0.7100
v -0.128000 -0.054925 0.196577 0.6300 0.6600 0.7100
v -0.128000 -0.054460 0.199065 0.6300 0.6600 0.7100
v -0.128000 -0.053583 0.201440 0.6300 0.6600 0.7100
v -0.128000 -0.052319 0.203633 0.6300 0.6600 0.7100
v -0.128000 -0.050704 0.205583 0.6300 0.6600 0.7100
v -0.128000 -0.048785 0.207233 0.6300 0.6600 0.7100
v -0.128000 -0.046615 0.208537 0.6300 0.6600 0.7100
v -0.128000 -0.044257 0.209458 0.6300 0.6600 0.7100
v -0.128000 -0.041778 0.209969 0.6300 0.6600 0.7100
v -0.128000 -0.039248 0.210056 0.6300 0.6600 0.7100
v -0.128000 -0.036740 0.209716 0.6300 0.6600 0.7100
v -0.128000 -0.034324 0.208960 0.6300 0.6600 0.7100
v -0.128000 -0.032070 0.207807 0.6300 0.6600 0.7100
v -0.128000 -0.030042 0.206293 0.6300 0.6600 0.7100
v -0.128000 -0.028297 0.204458 0.6300 0.6600 0.7100
v -0.128000 -0.026886 0.202357 0.6300 0.6600 0.7100
v -0.128000 -0.025848 0.200048 0.6300 0.6600 0.7100
v -0.128000 -0.025214 0.197597 0.6300 0.6600 0.7100
v -0.128000 -0.025000 0.195075 0.6300 0.6600 0.7100
v -0.128000 -0.025223 0.192501 0.6300 0.6600 0.7100
v -0.128000 -0.025884 0.190003 0.6300 0.6600 0.7100
v -0.128000 -0.026964 0.187655 0.6300 0.6600 0.7100
v -0.128000 -0.028430 0.185528 0.6300 0.6600 0.7100
v -0.128000 -0.030240 0.183684 0.6300 0.6600 0.7100
v -0.128000 -0.032340 0.182178 0.6300 0.6600 0.7100
v -0.128000 -0.034667 0.181055 0.6300 0.6600 0.7100
v -0.128000 -0.037152 0.180348 0.6300 0.6600 0.7100
v -0.128000 -0.039722 0.180078 0.6300 0.6600 0.7100
v -0.128000 -0.042248 0.180244 0.6300 0.6600 0.7100
v -0.128000 -0.044710 0.180834 0.6300 0.6600 0.7100
v -0.128000 -0.047038 0.181828 0.6300 0.6600 0.7100
v -0.128000 -0.049165 0.183200 0.6300 0.6600 0.7100
v -0.128000 -0.051031 0.184911 0.6300 0.6600 0.7100
v -0.128000 -0.052583 0.186910 0.6300 0.6600 0.7100
v -0.128000 -0.053777 0.189143 0.6300 0.6600 0.7100
v -0.128000 -0.054578 0.191544 0.6300 0.6600 0.7100
v -0.128000 -0.054965 0.194046 0.6300 0.6600 0.7100
v -0.128000 -0.054925 0.196577 0.6300 0.6600 0.7100
v -0.128000 -0.054460 0.199065 0.6300 0.6600 0.7100
v -0.128000 -0.053583 0.201440 0.6300 0.6600 0.7100
v -0.128000 -0.052319 0.203633 0.6300 0.6600 0.7100
v -0.128000 -0.050704 0.205583 0.6300 0.6600 0.7100
v -0.128000 -0.048785 0.207233 0.6300 0.6600 0.7100
v -0.128000 -0.046615 0.208537 0.6300 0.6600 0.7100
v -0.128000 -0.044257 0.209458 0.6300 0.6600 0.7100
v -0.128000 -0.041778 0.209969 0.6300 0.6600 0.7100
v -0.128000 -0.039248 0.210056 0.6300 0.6600 0.7100
v -0.128000 -0.036740 0.209716 0.6300 0.6600 0.7100
v -0.128000 -0.034324 0.208960 0.6300 0.6600 0.7100
v -0.128000 -0.032070 0.207807 0.6300 0.6600 0.7100
v -0.128000 -0.030042 0.206293 0.6300 0.6600 0.7100
v -0.128000 -0.028297 0.204458 0.6300 0.6600 0.7100
v -0.128000 -0.026886 0.202357 0.6300 0.6600 0.7100
v -0.128000 -0.025848 0.200048 0.6300 0.6600 0.7100
v -0.128000 -0.025214 0.197597 0.6300 0.6600 0.7100
v -0.128000 -0.025000 0.195075 0.6300 0.6600 0.7100
v -0.128000 -0.025223 0.192501 0.6300 0.6600 0.7100
v -0.128000 -0.025884 0.190003 0.6300 0.6600 0.7100
v -0.128000 -0.026964 0.187655 0.6300 0.6600 0.7100
v -0.128000 -0.028430 0.185528 0.6300 0.6600 0.7100
v -0.128000 -0.030240 0.183684 0.6300 0.6600 0.7100
v -0.128000 -0.032340 0.182178 0.6300 0.6600 0.7100
v -0.128000 -0.034667 0.181055 0.6300 0.6600 0.7100
v -0.128000 -0.037152 0.180348 0.6300 0.6600 0.7100
v -0.128000 -0.040000 0.189075 0.6300 0.6600 0.7100
v -0.128000 -0.041042 0.189166 0.6300 0.6600 0.7100
v -0.128000 -0.042052 0.189437 0.6300 0.6600 0.7100
v -0.128000 -0.043000 0.189879 0.6300 0.6600 0.7100
v -0.128000 -0.043857 0.190479 0.6300 0.6600 0.7100
v -0.128000 -0.044596 0.191218 0.6300 0.6600 0.7100
v -0.128000 -0.045196 0.192075 0.6300 0.6600 0.7100
v -0.128000 -0.045638 0.193023 0.6300 0.6600 0.7100
v -0.128000 -0.045909 0.194033 0.6300 0.6600 0.7100
v -0.128000 -0.046000 0.195075 0.6300 0.6600 0.7100
v -0.128000 -0.045909 0.196117 0.6300 0.6600 0.7100
v -0.128000 -0.045638 0.197127 0.6300 0.6600 0.7100
v -0.128000 -0.045196 0.198075 0.6300 0.6600 0.7100
v -0.128000 -0.044596 0.198932 0.6300 0.6600 0.7100
v -0.128000 -0.043857 0.199671 0.6300 0.6600 0.7100
v -0.128000 -0.043000 0.200271 0.6300 0.6600 0.7100
v -0.128000 -0.042052 0.200713 0.6300 0.6600 0.7100
v -0.128000 -0.041042 0.200984 0.6300 0.6600 0.7100
v -0.128000 -0.040000 0.201075 0.6300 0.6600 0.7100
v -0.128000 -0.038958 0.200984 0.6300 0.6600 0.7100
v -0.128000 -0.037948 0.200713 0.6300 0.6600 0.7100
v -0.128000 -0.037000 0.200271 0.6300 0.6600 0.7100
v -0.128000 -0.036143 0.199671 0.6300 0.6600 0.7100
v -0.128000 -0.035404 0.198932 0.6300 0.6600 0.7100
v -0.128000 -0.034804 0.198075 0.6300 0.6600 0.7100
v -0.128000 -0.034362 0.197127 0.6300 0.6600 0.7100
v -0.128000 -0.034091 0.196117 0.6300 0.6600 0.7100
v -0.128000 -0.034000 0.195075 0.6300 0.6600 0.7100
v -0.128000 -0.034091 0.194033 0.6300 0.6600 0.7100
v -0.128000 -0.034362 0.193023 0.6300 0.6600 0.7100
v -0.128000 -0.034804 0.192075 0.6300 0.6600 0.7100
v -0.128000 -0.035404 0.191218 0.6300 0.6600 0.7100
v -0.128000 -0.036143 0.190479 0.6300 0.6600 0.7100
v -0.128000 -0.037000 0.189879 0.6300 0.6600 0.7100
v -0.128000 -0.037948 0.189437 0.6300 0.6600 0.7100
v -0.128000 -0.038958 0.189166 0.6300 0.6600 0.7100
v -0.128000 0.046303 0.181464 0.6300 0.6600 0.7100
v -0.128341 0.046391 0.181470 0.6300 0.6600 0.7100
v -0.128672 0.046502 0.181420 0.6300 0.6600 0.7100
v -0.128982 0.046633 0.181314 0.6300 0.6600 0.7100
v -0.129262 0.046780 0.181157 0.6300 0.6600 0.7100
v -0.129502 0.046938 0.180954 0.6300 0.6600 0.7100
v -0.129695 0.047102 0.180709 0.6300 0.6600 0.7100
v -0.129836 0.047268 0.180432 0.6300 0.6600 0.7100
v -0.129920 0.047430 0.180130 0.6300 0.6600 0.7100
v -0.129944 0.047583 0.179813 0.6300 0.6600 0.7100
v -0.129908 0.047722 0.179492 0.6300 0.6600 0.7100
v -0.129900 0.055385 0.203229 0.6300 0.6600 0.7100
v -0.130672 0.053708 0.205641 0.6300 0.6600 0.7100
v -0.131480 0.051651 0.207728 0.6300 0.6600 0.7100
v -0.132292 0.049261 0.209445 0.6300 0.6600 0.7100
v -0.133075 0.046598 0.210742 0.6300 0.6600 0.7100
v -0.133796 0.043757 0.211568 0.6300 0.6600 0.7100
v -0.134441 0.040803 0.211901 0.6300 0.6600 0.7100
v -0.134996 0.037802 0.211721 0.6300 0.6600 0.7100
v -0.135406 0.035154 0.211111 0.6300 0.6600 0.7100
v -0.135702 0.032875 0.210214 0.6300 0.6600 0.7100
v -0.135930 0.030743 0.209004 0.6300 0.6600 0.7100
v -0.136093 0.028806 0.207495 0.6300 0.6600 0.7100
v -0.136196 0.027102 0.205708 0.6300 0.6600 0.7100
v -0.136244 0.025668 0.203692 0.6300 0.6600 0.7100
v -0.136243 0.024542 0.201494 0.6300 0.6600 0.7100
v -0.136197 0.023757 0.199163 0.6300 0.6600 0.7100
v -0.136110 0.023329 0.196737 0.6300 0.6600 0.7100
v -0.135982 0.023256 0.194270 0.6300 0.6600 0.7100
v -0.135814 0.023539 0.191820 0.6300 0.6600 0.7100
v -0.135605 0.024179 0.189444 0.6300 0.6600 0.7100
v -0.135353 0.025155 0.187198 0.6300 0.6600 0.7100
v -0.135056 0.026439 0.185119 0.6300 0.6600 0.7100
v -0.134709 0.028005 0.183244 0.6300 0.6600 0.7100
v -0.134311 0.029824 0.181608 0.6300 0.6600 0.7100
v -0.133862 0.031845 0.180254 0.6300 0.6600 0.7100
v -0.133367 0.034022 0.179201 0.6300 0.6600 0.7100
v -0.132830 0.036311 0.178459 0.6300 0.6600 0.7100
v -0.132256 0.038672 0.178040 0.6300 0.6600 0.7100
v -0.131653 0.041066 0.177951 0.6300 0.6600 0.7100
v -0.131037 0.043451 0.178190 0.6300 0.6600 0.7100
v -0.130463 0.045630 0.178703 0.6300 0.6600 0.7100
v -0.129939 0.055083 0.203047 0.6300 0.6600 0.7100
v -0.129918 0.054772 0.202877 0.6300 0.6600 0.7100
v -0.129836 0.054463 0.202726 0.6300 0.6600 0.7100
v -0.129697 0.054163 0.202596 0.6300 0.6600 0.7100
v -0.129504 0.053884 0.202494 0.6300 0.6600 0.7100
v -0.129264 0.053633 0.202421 0.6300 0.6600 0.7100
v -0.128985 0.053419 0.202381 0.6300 0.6600 0.7100
v -0.128674 0.053248 0.202373 0.6300 0.6600 0.7100
v -0.128343 0.053126 0.202400 0.6300 0.6600 0.7100
v -0.128000 0.053057 0.202459 0.6300 0.6600 0.7100
v -0.128692 0.043997 0.180620 0.6300 0.6600 0.7100
v -0.129406 0.041583 0.180162 0.6300 0.6600 0.7100
v -0.130116 0.039126 0.180101 0.6300 0.6600 0.7100
v -0.130793 0.036688 0.180446 0.6300 0.6600 0.7100
v -0.131422 0.034329 0.181191 0.6300 0.6600 0.7100
v -0.131994 0.032108 0.182321 0.6300 0.6600 0.7100
v -0.132501 0.030088 0.183817 0.6300 0.6600 0.7100
v -0.132937 0.028342 0.185639 0.6300 0.6600 0.7100
v -0.133303 0.026925 0.187727 0.6300 0.6600 0.7100
v -0.133605 0.025874 0.190031 0.6300 0.6600 0.7100
v -0.133849 0.025226 0.192493 0.6300 0.6600 0.7100
v -0.134037 0.025006 0.195037 0.6300 0.6600 0.7100
v -0.134169 0.025215 0.197582 0.6300 0.6600 0.7100
v -0.134247 0.025849 0.200050 0.6300 0.6600 0.7100
v -0.134266 0.026904 0.202376 0.6300 0.6600 0.7100
v -0.134219 0.028339 0.204499 0.6300 0.6600 0.7100
v -0.134098 0.030104 0.206346 0.6300 0.6600 0.7100
v -0.133917 0.031932 0.207719 0.6300 0.6600 0.7100
v -0.133691 0.033736 0.208700 0.6300 0.6600 0.7100
v -0.133404 0.035653 0.209427 0.6300 0.6600 0.7100
v -0.133053 0.037647 0.209888 0.6300 0.6600 0.7100
v -0.132640 0.039678 0.210072 0.6300 0.6600 0.7100
v -0.132170 0.041693 0.209979 0.6300 0.6600 0.7100
v -0.131652 0.043662 0.209621 0.6300 0.6600 0.7100
v -0.131092 0.045560 0.209007 0.6300 0.6600 0.7100
v -0.130497 0.047360 0.208145 0.6300 0.6600 0.7100
v -0.129881 0.049023 0.207058 0.6300 0.6600 0.7100
v -0.129261 0.050519 0.205769 0.6300 0.6600 0.7100
v -0.128651 0.051832 0.204295 0.6300 0.6600 0.7100
v -0.128321 0.052477 0.203401 0.6300 0.6600 0.7100
v -0.128946 0.053027 0.202855 0.6300 0.6600 0.7100
v -0.129103 0.052731 0.203328 0.6300 0.6600 0.7100
v -0.130256 0.053912 0.204013 0.6300 0.6600 0.7100
v -0.130977 0.048306 0.207746 0.6300 0.6600 0.7100
v -0.131527 0.049061 0.207814 0.6300 0.6600 0.7100
v -0.131994 0.047649 0.208683 0.6300 0.6600 0.7100
v -0.131276 0.047440 0.208269 0.6300 0.6600 0.7100
v -0.131571 0.046537 0.208735 0.6300 0.6600 0.7100
v -0.132301 0.048464 0.209033 0.6300 0.6600 0.7100
v -0.132682 0.047199 0.209685 0.6300 0.6600 0.7100
v -0.132173 0.044521 0.209522 0.6300 0.6600 0.7100
v -0.132441 0.043540 0.209790 0.6300 0.6600 0.7100
v -0.133281 0.045010 0.210516 0.6300 0.6600 0.7100
v -0.132697 0.042542 0.209992 0.6300 0.6600 0.7100
v -0.133173 0.043452 0.210245 0.6300 0.6600 0.7100
v -0.133624 0.043632 0.210868 0.6300 0.6600 0.7100
v -0.133947 0.042228 0.211099 0.6300 0.6600 0.7100
v -0.133429 0.039319 0.210186 0.6300 0.6600 0.7100
v -0.134165 0.038911 0.210557 0.6300 0.6600 0.7100
v -0.133893 0.040284 0.210602 0.6300 0.6600 0.7100
v -0.133634 0.038283 0.210102 0.6300 0.6600 0.7100
v -0.134442 0.039845 0.211215 0.6300 0.6600 0.7100
v -0.134362 0.037834 0.210437 0.6300 0.6600 0.7100
v -0.134709 0.038404 0.211117 0.6300 0.6600 0.7100
v -0.134176 0.035110 0.209383 0.6300 0.6600 0.7100
v -0.134733 0.035565 0.209928 0.6300 0.6600 0.7100
v -0.134897 0.034452 0.209547 0.6300 0.6600 0.7100
v -0.134317 0.034134 0.209010 0.6300 0.6600 0.7100
v -0.135278 0.034807 0.210298 0.6300 0.6600 0.7100
v -0.135020 0.033506 0.209142 0.6300 0.6600 0.7100
v -0.135424 0.033711 0.209872 0.6300 0.6600 0.7100
v -0.134662 0.031273 0.207420 0.6300 0.6600 0.7100
v -0.135246 0.031575 0.208075 0.6300 0.6600 0.7100
v -0.135355 0.030456 0.207277 0.6300 0.6600 0.7100
v -0.134749 0.030351 0.206714 0.6300 0.6600 0.7100
v -0.135767 0.030603 0.208108 0.6300 0.6600 0.7100
v -0.135417 0.029722 0.206663 0.6300 0.6600 0.7100
v -0.135848 0.029674 0.207383 0.6300 0.6600 0.7100
v -0.134944 0.026138 0.201105 0.6300 0.6600 0.7100
v -0.134926 0.025670 0.199899 0.6300 0.6600 0.7100
v -0.136027 0.024907 0.200623 0.6300 0.6600 0.7100
v -0.134893 0.025311 0.198659 0.6300 0.6600 0.7100
v -0.135560 0.025247 0.199823 0.6300 0.6600 0.7100
v -0.136005 0.024537 0.199502 0.6300 0.6600 0.7100
v -0.135516 0.024829 0.198248 0.6300 0.6600 0.7100
v -0.134471 0.025267 0.191664 0.6300 0.6600 0.7100
v -0.135171 0.024759 0.192206 0.6300 0.6600 0.7100
v -0.135042 0.025100 0.190758 0.6300 0.6600 0.7100
v -0.134348 0.025611 0.190419 0.6300 0.6600 0.7100
v -0.135558 0.024349 0.191255 0.6300 0.6600 0.7100
v -0.134948 0.025400 0.189827 0.6300 0.6600 0.7100
v -0.135454 0.024667 0.190117 0.6300 0.6600 0.7100
v -0.133413 0.029204 0.184477 0.6300 0.6600 0.7100
v -0.133187 0.030140 0.183599 0.6300 0.6600 0.7100
v -0.134403 0.029055 0.183182 0.6300 0.6600 0.7100
v -0.132944 0.031145 0.182806 0.6300 0.6600 0.7100
v -0.133823 0.030005 0.183175 0.6300 0.6600 0.7100
v -0.134205 0.029940 0.182411 0.6300 0.6600 0.7100
v -0.133996 0.030874 0.181708 0.6300 0.6600 0.7100
v -0.131346 0.037463 0.180144 0.6300 0.6600 0.7100
v -0.131842 0.038205 0.179566 0.6300 0.6600 0.7100
v -0.132222 0.036702 0.179833 0.6300 0.6600 0.7100
v -0.131014 0.038703 0.179983 0.6300 0.6600 0.7100
v -0.132487 0.037333 0.178996 0.6300 0.6600 0.7100
v -0.132207 0.038468 0.178824 0.6300 0.6600 0.7100
v -0.131921 0.039611 0.178732 0.6300 0.6600 0.7100
v -0.129121 0.045407 0.180903 0.6300 0.6600 0.7100
v -0.130156 0.046387 0.179828 0.6300 0.6600 0.7100
v -0.129833 0.053236 0.203560 0.6300 0.6600 0.7100
v -0.130174 0.052509 0.204568 0.6300 0.6600 0.7100
v -0.129450 0.052033 0.204309 0.6300 0.6600 0.7100
v -0.129597 0.051722 0.204699 0.6300 0.6600 0.7100
v -0.130463 0.051847 0.205359 0.6300 0.6600 0.7100
v -0.129894 0.051061 0.205447 0.6300 0.6600 0.7100
v -0.130845 0.050911 0.206319 0.6300 0.6600 0.7100
v -0.130602 0.053134 0.205058 0.6300 0.6600 0.7100
v -0.130089 0.050606 0.205909 0.6300 0.6600 0.7100
v -0.130749 0.052788 0.205473 0.6300 0.6600 0.7100
v -0.130240 0.050242 0.206251 0.6300 0.6600 0.7100
v -0.131141 0.050135 0.207003 0.6300 0.6600 0.7100
v -0.131134 0.051828 0.206495 0.6300 0.6600 0.7100
v -0.130542 0.049480 0.206900 0.6300 0.6600 0.7100
v -0.131329 0.051315 0.206975 0.6300 0.6600 0.7100
v -0.130738 0.048963 0.207294 0.6300 0.6600 0.7100
v -0.131479 0.050906 0.207330 0.6300 0.6600 0.7100
v -0.131675 0.050359 0.207770 0.6300 0.6600 0.7100
v -0.132065 0.049206 0.208583 0.6300 0.6600 0.7100
v -0.132242 0.046848 0.209090 0.6300 0.6600 0.7100
v -0.132483 0.046028 0.209450 0.6300 0.6600 0.7100
v -0.131816 0.045746 0.209084 0.6300 0.6600 0.7100
v -0.132926 0.046339 0.210054 0.6300 0.6600 0.7100
v -0.132835 0.044760 0.209902 0.6300 0.6600 0.7100
v -0.132945 0.041521 0.210128 0.6300 0.6600 0.7100
v -0.133425 0.042407 0.210435 0.6300 0.6600 0.7100
v -0.133665 0.041346 0.210554 0.6300 0.6600 0.7100
v -0.133178 0.040497 0.210195 0.6300 0.6600 0.7100
v -0.133290 0.039982 0.210202 0.6300 0.6600 0.7100
v -0.134186 0.041116 0.211196 0.6300 0.6600 0.7100
v -0.134300 0.040561 0.211216 0.6300 0.6600 0.7100
v -0.133731 0.037764 0.210033 0.6300 0.6600 0.7100
v -0.133824 0.037251 0.209946 0.6300 0.6600 0.7100
v -0.134543 0.036775 0.210243 0.6300 0.6600 0.7100
v -0.134807 0.037844 0.211044 0.6300 0.6600 0.7100
v -0.133998 0.036234 0.209720 0.6300 0.6600 0.7100
v -0.134900 0.037289 0.210953 0.6300 0.6600 0.7100
v -0.134091 0.035651 0.209557 0.6300 0.6600 0.7100
v -0.135101 0.036017 0.210668 0.6300 0.6600 0.7100
v -0.135194 0.035390 0.210488 0.6300 0.6600 0.7100
v -0.134378 0.033678 0.208809 0.6300 0.6600 0.7100
v -0.134439 0.033208 0.208582 0.6300 0.6600 0.7100
v -0.135138 0.032544 0.208654 0.6300 0.6600 0.7100
v -0.134551 0.032291 0.208080 0.6300 0.6600 0.7100
v -0.135484 0.033222 0.209650 0.6300 0.6600 0.7100
v -0.134604 0.031826 0.207793 0.6300 0.6600 0.7100
v -0.135545 0.032718 0.209402 0.6300 0.6600 0.7100
v -0.135659 0.031690 0.208828 0.6300 0.6600 0.7100
v -0.135710 0.031193 0.208515 0.6300 0.6600 0.7100
v -0.134779 0.029999 0.206412 0.6300 0.6600 0.7100
v -0.134817 0.029524 0.205972 0.6300 0.6600 0.7100
v -0.135486 0.028764 0.205731 0.6300 0.6600 0.7100
v -0.135877 0.029298 0.207056 0.6300 0.6600 0.7100
v -0.134877 0.028630 0.205031 0.6300 0.6600 0.7100
v -0.135530 0.028013 0.204876 0.6300 0.6600 0.7100
v -0.135914 0.028790 0.206580 0.6300 0.6600 0.7100
v -0.134897 0.028275 0.204608 0.6300 0.6600 0.7100
v -0.134913 0.027934 0.204171 0.6300 0.6600 0.7100
v -0.135560 0.027324 0.203966 0.6300 0.6600 0.7100
v -0.135965 0.027974 0.205721 0.6300 0.6600 0.7100
v -0.135985 0.027590 0.205269 0.6300 0.6600 0.7100
v -0.134939 0.027196 0.203100 0.6300 0.6600 0.7100
v -0.135580 0.026600 0.202838 0.6300 0.6600 0.7100
v -0.136003 0.027221 0.204803 0.6300 0.6600 0.7100
v -0.134946 0.026861 0.202542 0.6300 0.6600 0.7100
v -0.134948 0.026595 0.202057 0.6300 0.6600 0.7100
v -0.135584 0.026061 0.201833 0.6300 0.6600 0.7100
v -0.136027 0.026535 0.203833 0.6300 0.6600 0.7100
v -0.136036 0.026165 0.203242 0.6300 0.6600 0.7100
v -0.136040 0.025871 0.202726 0.6300 0.6600 0.7100
v -0.135577 0.025617 0.200841 0.6300 0.6600 0.7100
v -0.136039 0.025339 0.201666 0.6300 0.6600 0.7100
v -0.134866 0.025145 0.197884 0.6300 0.6600 0.7100
v -0.135473 0.024638 0.197128 0.6300 0.6600 0.7100
v -0.134844 0.025053 0.197340 0.6300 0.6600 0.7100
v -0.135983 0.024324 0.198681 0.6300 0.6600 0.7100
v -0.134816 0.024971 0.196698 0.6300 0.6600 0.7100
v -0.135411 0.024519 0.195799 0.6300 0.6600 0.7100
v -0.135942 0.024100 0.197520 0.6300 0.6600 0.7100
v -0.134748 0.024888 0.195405 0.6300 0.6600 0.7100
v -0.135346 0.024505 0.194661 0.6300 0.6600 0.7100
v -0.135918 0.024021 0.196933 0.6300 0.6600 0.7100
v -0.134714 0.024886 0.194852 0.6300 0.6600 0.7100
v -0.135887 0.023954 0.196242 0.6300 0.6600 0.7100
v -0.134672 0.024908 0.194205 0.6300 0.6600 0.7100
v -0.135257 0.024594 0.193330 0.6300 0.6600 0.7100
v -0.135826 0.023909 0.195058 0.6300 0.6600 0.7100
v -0.135791 0.023918 0.194466 0.6300 0.6600 0.7100
v -0.134577 0.025035 0.192916 0.6300 0.6600 0.7100
v -0.134533 0.025122 0.192372 0.6300 0.6600 0.7100
v -0.135748 0.023956 0.193772 0.6300 0.6600 0.7100
v -0.135666 0.024089 0.192596 0.6300 0.6600 0.7100
v -0.135621 0.024188 0.192012 0.6300 0.6600 0.7100
v -0.134300 0.025764 0.189970 0.6300 0.6600 0.7100
v -0.134241 0.025958 0.189458 0.6300 0.6600 0.7100
v -0.134829 0.025819 0.188779 0.6300 0.6600 0.7100
v -0.135405 0.024829 0.189635 0.6300 0.6600 0.7100
v -0.134093 0.026486 0.188286 0.6300 0.6600 0.7100
v -0.134675 0.026406 0.187592 0.6300 0.6600 0.7100
v -0.135347 0.025036 0.189084 0.6300 0.6600 0.7100
v -0.134013 0.026787 0.187719 0.6300 0.6600 0.7100
v -0.133942 0.027060 0.187248 0.6300 0.6600 0.7100
v -0.134532 0.026981 0.186626 0.6300 0.6600 0.7100
v -0.135223 0.025509 0.188008 0.6300 0.6600 0.7100
v -0.135144 0.025823 0.187393 0.6300 0.6600 0.7100
v -0.133763 0.027769 0.186179 0.6300 0.6600 0.7100
v -0.134349 0.027745 0.185545 0.6300 0.6600 0.7100
v -0.135075 0.026109 0.186881 0.6300 0.6600 0.7100
v -0.133668 0.028156 0.185669 0.6300 0.6600 0.7100
v -0.134927 0.026735 0.185891 0.6300 0.6600 0.7100
v -0.133584 0.028501 0.185249 0.6300 0.6600 0.7100
v -0.134181 0.028461 0.184681 0.6300 0.6600 0.7100
v -0.134835 0.027137 0.185330 0.6300 0.6600 0.7100
v -0.134753 0.027495 0.184867 0.6300 0.6600 0.7100
v -0.134008 0.029206 0.183902 0.6300 0.6600 0.7100
v -0.134580 0.028261 0.183980 0.6300 0.6600 0.7100
v -0.133573 0.031086 0.182338 0.6300 0.6600 0.7100
v -0.133305 0.032230 0.181601 0.6300 0.6600 0.7100
v -0.132675 0.032246 0.182082 0.6300 0.6600 0.7100
v -0.132539 0.032798 0.181768 0.6300 0.6600 0.7100
v -0.133030 0.033390 0.180988 0.6300 0.6600 0.7100
v -0.133724 0.032074 0.180945 0.6300 0.6600 0.7100
v -0.132256 0.033935 0.181211 0.6300 0.6600 0.7100
v -0.132786 0.034406 0.180545 0.6300 0.6600 0.7100
v -0.133587 0.032675 0.180615 0.6300 0.6600 0.7100
v -0.132131 0.034429 0.181004 0.6300 0.6600 0.7100
v -0.132004 0.034928 0.180815 0.6300 0.6600 0.7100
v -0.132532 0.035446 0.180175 0.6300 0.6600 0.7100
v -0.133345 0.033720 0.180113 0.6300 0.6600 0.7100
v -0.133221 0.034254 0.179890 0.6300 0.6600 0.7100
v -0.131696 0.036129 0.180439 0.6300 0.6600 0.7100
v -0.133094 0.034794 0.179686 0.6300 0.6600 0.7100
v -0.131537 0.036739 0.180289 0.6300 0.6600 0.7100
v -0.132834 0.035893 0.179335 0.6300 0.6600 0.7100
v -0.132676 0.036551 0.179163 0.6300 0.6600 0.7100
v -0.130755 0.039649 0.179930 0.6300 0.6600 0.7100
v -0.131591 0.039182 0.179473 0.6300 0.6600 0.7100
v -0.131334 0.040162 0.179442 0.6300 0.6600 0.7100
v -0.130409 0.040895 0.179950 0.6300 0.6600 0.7100
v -0.130993 0.041450 0.179494 0.6300 0.6600 0.7100
v -0.130235 0.041516 0.179999 0.6300 0.6600 0.7100
v -0.130701 0.042538 0.179620 0.6300 0.6600 0.7100
v -0.131660 0.040638 0.178717 0.6300 0.6600 0.7100
v -0.130086 0.042042 0.180060 0.6300 0.6600 0.7100
v -0.131487 0.041313 0.178741 0.6300 0.6600 0.7100
v -0.129911 0.042657 0.180155 0.6300 0.6600 0.7100
v -0.130359 0.043803 0.179863 0.6300 0.6600 0.7100
v -0.131191 0.042455 0.178845 0.6300 0.6600 0.7100
v -0.129564 0.043873 0.180418 0.6300 0.6600 0.7100
v -0.130090 0.044790 0.180127 0.6300 0.6600 0.7100
v -0.131043 0.043023 0.178926 0.6300 0.6600 0.7100
v -0.129426 0.044350 0.180550 0.6300 0.6600 0.7100
v -0.130869 0.043686 0.179045 0.6300 0.6600 0.7100
v -0.130595 0.044730 0.179290 0.6300 0.6600 0.7100
v -0.130459 0.045245 0.179437 0.6300 0.6600 0.7100
v -0.129791 0.045880 0.180501 0.6300 0.6600 0.7100
v -0.129900 0.055385 0.203229 0.6300 0.6600 0.7100
v -0.129939 0.055083 0.203047 0.6300 0.6600 0.7100
v -0.129918 0.054772 0.202877 0.6300 0.6600 0.7100
v -0.129836 0.054463 0.202726 0.6300 0.6600 0.7100
v -0.129697 0.054163 0.202596 0.6300 0.6600 0.7100
v -0.129504 0.053884 0.202494 0.6300 0.6600 0.7100
v -0.129264 0.053633 0.202421 0.6300 0.6600 0.7100
v -0.128985 0.053419 0.202381 0.6300 0.6600 0.7100
v -0.128674 0.053248 0.202373 0.6300 0.6600 0.7100
v -0.128343 0.053126 0.202400 0.6300 0.6600 0.7100
v -0.128000 0.053057 0.202459 0.6300 0.6600 0.7100
v -0.129908 0.047722 0.179492 0.6300 0.6600 0.7100
v -0.129445 0.049493 0.180486 0.6300 0.6600 0.7100
v -0.129047 0.051088 0.181755 0.6300 0.6600 0.7100
v -0.128724 0.052495 0.183256 0.6300 0.6600 0.7100
v -0.128482 0.053702 0.184936 0.6300 0.6600 0.7100
v -0.128322 0.054706 0.186736 0.6300 0.6600 0.7100
v -0.128238 0.055528 0.188630 0.6300 0.6600 0.7100
v -0.128233 0.056372 0.191264 0.6300 0.6600 0.7100
v -0.128378 0.056950 0.194312 0.6300 0.6600 0.7100
v -0.128598 0.057072 0.196596 0.6300 0.6600 0.7100
v -0.128923 0.056884 0.198869 0.6300 0.6600 0.7100
v -0.129344 0.056359 0.201043 0.6300 0.6600 0.7100
v -0.129609 0.055927 0.202160 0.6300 0.6600 0.7100
v -0.128000 0.046303 0.181464 0.6300 0.6600 0.7100
v -0.128341 0.046391 0.181470 0.6300 0.6600 0.7100
v -0.128672 0.046502 0.181420 0.6300 0.6600 0.7100
v -0.128982 0.046633 0.181314 0.6300 0.6600 0.7100
v -0.129262 0.046780 0.181157 0.6300 0.6600 0.7100
v -0.129502 0.046938 0.180954 0.6300 0.6600 0.7100
v -0.129695 0.047102 0.180709 0.6300 0.6600 0.7100
v -0.129836 0.047268 0.180432 0.6300 0.6600 0.7100
v -0.129920 0.047430 0.180130 0.6300 0.6600 0.7100
v -0.129944 0.047583 0.179813 0.6300 0.6600 0.7100
v -0.128000 0.054093 0.200212 0.6300 0.6600 0.7100
v -0.128000 0.054746 0.197824 0.6300 0.6600 0.7100
v -0.128000 0.054997 0.195362 0.6300 0.6600 0.7100
v -0.128000 0.054840 0.192892 0.6300 0.6600 0.7100
v -0.128000 0.054279 0.190482 0.6300 0.6600 0.7100
v -0.128000 0.053330 0.188196 0.6300 0.6600 0.7100
v -0.128000 0.052017 0.186098 0.6300 0.6600 0.7100
v -0.128000 0.050378 0.184244 0.6300 0.6600 0.7100
v -0.128000 0.048456 0.182685 0.6300 0.6600 0.7100
v -0.128647 0.051984 0.184517 0.6300 0.6600 0.7100
v -0.128324 0.055109 0.190224 0.6300 0.6600 0.7100
v -0.128399 0.055823 0.193438 0.6300 0.6600 0.7100
v -0.128636 0.055894 0.196688 0.6300 0.6600 0.7100
v -0.129681 0.048246 0.180643 0.6300 0.6600 0.7100
v -0.129645 0.048156 0.180783 0.6300 0.6600 0.7100
v -0.129704 0.048333 0.180502 0.6300 0.6600 0.7100
v -0.128855 0.050686 0.183202 0.6300 0.6600 0.7100
v -0.128527 0.052820 0.185589 0.6300 0.6600 0.7100
v -0.128459 0.053358 0.186403 0.6300 0.6600 0.7100
v -0.128390 0.053990 0.187519 0.6300 0.6600 0.7100
v -0.128354 0.054416 0.188407 0.6300 0.6600 0.7100
v -0.128481 0.055937 0.194832 0.6300 0.6600 0.7100
v -0.128810 0.055666 0.198240 0.6300 0.6600 0.7100
v -0.129763 0.054946 0.202337 0.6300 0.6600 0.7100
v -0.129787 0.055101 0.202408 0.6300 0.6600 0.7100
v -0.129428 0.047365 0.181116 0.6300 0.6600 0.7100
v -0.129159 0.048908 0.181893 0.6300 0.6600 0.7100
v -0.128633 0.048619 0.182399 0.6300 0.6600 0.7100
v -0.128601 0.049002 0.182643 0.6300 0.6600 0.7100
v -0.129024 0.049685 0.182405 0.6300 0.6600 0.7100
v -0.129442 0.049240 0.181215 0.6300 0.6600 0.7100
v -0.128558 0.049511 0.182998 0.6300 0.6600 0.7100
v -0.129347 0.049642 0.181484 0.6300 0.6600 0.7100
v -0.129168 0.050418 0.182072 0.6300 0.6600 0.7100
v -0.128589 0.054610 0.199811 0.6300 0.6600 0.7100
v -0.128978 0.055344 0.199480 0.6300 0.6600 0.7100
v -0.129127 0.054997 0.200439 0.6300 0.6600 0.7100
v -0.128624 0.054429 0.200275 0.6300 0.6600 0.7100
v -0.129079 0.056151 0.199179 0.6300 0.6600 0.7100
v -0.128643 0.054324 0.200520 0.6300 0.6600 0.7100
v -0.129210 0.054779 0.200937 0.6300 0.6600 0.7100
v -0.129273 0.055868 0.200208 0.6300 0.6600 0.7100
v -0.129376 0.055695 0.200709 0.6300 0.6600 0.7100
v -0.128873 0.053865 0.201637 0.6300 0.6600 0.7100
v -0.129434 0.055594 0.200974 0.6300 0.6600 0.7100
v -0.129553 0.055372 0.201496 0.6300 0.6600 0.7100
v -0.129357 0.054566 0.201523 0.6300 0.6600 0.7100
v -0.129434 0.054344 0.201916 0.6300 0.6600 0.7100
v -0.133494 -0.039955 0.178004 0.6300 0.6600 0.7100
v -0.133885 -0.037062 0.178311 0.6300 0.6600 0.7100
v -0.134253 -0.034271 0.179100 0.6300 0.6600 0.7100
v -0.134593 -0.031653 0.180335 0.6300 0.6600 0.7100
v -0.134899 -0.029280 0.181986 0.6300 0.6600 0.7100
v -0.135142 -0.027413 0.183800 0.6300 0.6600 0.7100
v -0.135335 -0.025991 0.185670 0.6300 0.6600 0.7100
v -0.135504 -0.024838 0.187725 0.6300 0.6600 0.7100
v -0.135648 -0.023971 0.189919 0.6300 0.6600 0.7100
v -0.135765 -0.023409 0.192211 0.6300 0.6600 0.7100
v -0.135857 -0.023172 0.194557 0.6300 0.6600 0.7100
v -0.135921 -0.023274 0.196912 0.6300 0.6600 0.7100
v -0.135957 -0.023710 0.199229 0.6300 0.6600 0.7100
v -0.135963 -0.024462 0.201467 0.6300 0.6600 0.7100
v -0.135936 -0.025512 0.203585 0.6300 0.6600 0.7100
v -0.135874 -0.026843 0.205542 0.6300 0.6600 0.7100
v -0.135777 -0.028438 0.207296 0.6300 0.6600 0.7100
v -0.135643 -0.030263 0.208803 0.6300 0.6600 0.7100
v -0.135471 -0.032271 0.210036 0.6300 0.6600 0.7100
v -0.135266 -0.034423 0.210983 0.6300 0.6600 0.7100
v -0.135027 -0.036682 0.211631 0.6300 0.6600 0.7100
v -0.134758 -0.039007 0.211967 0.6300 0.6600 0.7100
v -0.134461 -0.041360 0.211978 0.6300 0.6600 0.7100
v -0.134141 -0.043684 0.211662 0.6300 0.6600 0.7100
v -0.133807 -0.045936 0.211035 0.6300 0.6600 0.7100
v -0.133465 -0.048082 0.210112 0.6300 0.6600 0.7100
v -0.133122 -0.050086 0.208908 0.6300 0.6600 0.7100
v -0.132786 -0.051911 0.207440 0.6300 0.6600 0.7100
v -0.132464 -0.053520 0.205727 0.6300 0.6600 0.7100
v -0.132167 -0.054875 0.203813 0.6300 0.6600 0.7100
v -0.131903 -0.055955 0.201732 0.6300 0.6600 0.7100
v -0.131690 -0.056706 0.199632 0.6300 0.6600 0.7100
v -0.131527 -0.057159 0.197562 0.6300 0.6600 0.7100
v -0.131407 -0.057353 0.195452 0.6300 0.6600 0.7100
v -0.131333 -0.057278 0.193339 0.6300 0.6600 0.7100
v -0.131310 -0.056932 0.191250 0.6300 0.6600 0.7100
v -0.131334 -0.056327 0.189216 0.6300 0.6600 0.7100
v -0.131404 -0.055480 0.187270 0.6300 0.6600 0.7100
v -0.131518 -0.054402 0.185442 0.6300 0.6600 0.7100
v -0.131673 -0.053109 0.183764 0.6300 0.6600 0.7100
v -0.131868 -0.051615 0.182268 0.6300 0.6600 0.7100
v -0.132095 -0.049949 0.180974 0.6300 0.6600 0.7100
v -0.132348 -0.048136 0.179896 0.6300 0.6600 0.7100
v -0.132622 -0.046199 0.179047 0.6300 0.6600 0.7100
v -0.132906 -0.044184 0.178445 0.6300 0.6600 0.7100
v -0.133195 -0.042120 0.178096 0.6300 0.6600 0.7100
v -0.133344 -0.041043 0.178016 0.6300 0.6600 0.7100
v -0.133494 -0.039955 0.178004 0.6300 0.6600 0.7100
v -0.131514 -0.039722 0.180078 0.6300 0.6600 0.7100
v -0.132174 -0.039810 0.179962 0.6300 0.6600 0.7100
v -0.132606 -0.039866 0.179744 0.6300 0.6600 0.7100
v -0.133112 -0.039926 0.179255 0.6300 0.6600 0.7100
v -0.133415 -0.039956 0.178636 0.6300 0.6600 0.7100
v -0.131514 -0.039722 0.180078 0.6300 0.6600 0.7100
v -0.132174 -0.039810 0.179962 0.6300 0.6600 0.7100
v -0.132606 -0.039866 0.179744 0.6300 0.6600 0.7100
v -0.133112 -0.039926 0.179255 0.6300 0.6600 0.7100
v -0.133415 -0.039956 0.178636 0.6300 0.6600 0.7100
v -0.131886 -0.037293 0.180326 0.6300 0.6600 0.7100
v -0.132237 -0.034944 0.180965 0.6300 0.6600 0.7100
v -0.132564 -0.032729 0.181967 0.6300 0.6600 0.7100
v -0.132860 -0.030704 0.183308 0.6300 0.6600 0.7100
v -0.133123 -0.028924 0.184960 0.6300 0.6600 0.7100
v -0.133351 -0.027440 0.186893 0.6300 0.6600 0.7100
v -0.133545 -0.026284 0.189047 0.6300 0.6600 0.7100
v -0.133705 -0.025482 0.191362 0.6300 0.6600 0.7100
v -0.133828 -0.025060 0.193774 0.6300 0.6600 0.7100
v -0.133915 -0.025045 0.196221 0.6300 0.6600 0.7100
v -0.133964 -0.025439 0.198637 0.6300 0.6600 0.7100
v -0.133970 -0.026219 0.200961 0.6300 0.6600 0.7100
v -0.133931 -0.027361 0.203134 0.6300 0.6600 0.7100
v -0.133844 -0.028841 0.205096 0.6300 0.6600 0.7100
v -0.133707 -0.030629 0.206786 0.6300 0.6600 0.7100
v -0.133517 -0.032662 0.208149 0.6300 0.6600 0.7100
v -0.133279 -0.034880 0.209164 0.6300 0.6600 0.7100
v -0.132996 -0.037228 0.209810 0.6300 0.6600 0.7100
v -0.132671 -0.039649 0.210070 0.6300 0.6600 0.7100
v -0.132309 -0.042080 0.209928 0.6300 0.6600 0.7100
v -0.131922 -0.044443 0.209395 0.6300 0.6600 0.7100
v -0.131522 -0.046688 0.208493 0.6300 0.6600 0.7100
v -0.131120 -0.048761 0.207246 0.6300 0.6600 0.7100
v -0.130728 -0.050612 0.205676 0.6300 0.6600 0.7100
v -0.130360 -0.052184 0.203816 0.6300 0.6600 0.7100
v -0.130033 -0.053431 0.201725 0.6300 0.6600 0.7100
v -0.129756 -0.054331 0.199460 0.6300 0.6600 0.7100
v -0.129543 -0.054860 0.197081 0.6300 0.6600 0.7100
v -0.129402 -0.054994 0.194646 0.6300 0.6600 0.7100
v -0.129346 -0.054716 0.192217 0.6300 0.6600 0.7100
v -0.129372 -0.054045 0.189860 0.6300 0.6600 0.7100
v -0.129476 -0.053008 0.187638 0.6300 0.6600 0.7100
v -0.129653 -0.051632 0.185613 0.6300 0.6600 0.7100
v -0.129899 -0.049948 0.183848 0.6300 0.6600 0.7100
v -0.130200 -0.048001 0.182393 0.6300 0.6600 0.7100
v -0.130542 -0.045850 0.181273 0.6300 0.6600 0.7100
v -0.130910 -0.043548 0.180508 0.6300 0.6600 0.7100
v -0.131211 -0.041653 0.180169 0.6300 0.6600 0.7100
v -0.132867 -0.040408 0.179465 0.6300 0.6600 0.7100
v -0.132559 -0.038600 0.179942 0.6300 0.6600 0.7100
v -0.132833 -0.035916 0.180495 0.6300 0.6600 0.7100
v -0.133001 -0.034745 0.180877 0.6300 0.6600 0.7100
v -0.133955 -0.035683 0.179393 0.6300 0.6600 0.7100
v -0.133164 -0.033608 0.181353 0.6300 0.6600 0.7100
v -0.133707 -0.034410 0.180533 0.6300 0.6600 0.7100
v -0.134130 -0.034364 0.179833 0.6300 0.6600 0.7100
v -0.133349 -0.032299 0.182044 0.6300 0.6600 0.7100
v -0.134298 -0.033087 0.180382 0.6300 0.6600 0.7100
v -0.133495 -0.031263 0.182716 0.6300 0.6600 0.7100
v -0.134077 -0.031685 0.181917 0.6300 0.6600 0.7100
v -0.134482 -0.031685 0.181143 0.6300 0.6600 0.7100
v -0.133662 -0.030086 0.183641 0.6300 0.6600 0.7100
v -0.134633 -0.030527 0.181916 0.6300 0.6600 0.7100
v -0.133790 -0.029187 0.184489 0.6300 0.6600 0.7100
v -0.134405 -0.029265 0.183819 0.6300 0.6600 0.7100
v -0.134797 -0.029275 0.182930 0.6300 0.6600 0.7100
v -0.134512 -0.028488 0.184620 0.6300 0.6600 0.7100
v -0.134916 -0.028374 0.183800 0.6300 0.6600 0.7100
v -0.134165 -0.026690 0.187880 0.6300 0.6600 0.7100
v -0.134255 -0.026148 0.188990 0.6300 0.6600 0.7100
v -0.135271 -0.025822 0.187293 0.6300 0.6600 0.7100
v -0.134338 -0.025699 0.190142 0.6300 0.6600 0.7100
v -0.135348 -0.025319 0.188300 0.6300 0.6600 0.7100
v -0.135419 -0.024888 0.189339 0.6300 0.6600 0.7100
v -0.134915 -0.025769 0.188833 0.6300 0.6600 0.7100
v -0.135636 -0.023922 0.193558 0.6300 0.6600 0.7100
v -0.134596 -0.024880 0.195522 0.6300 0.6600 0.7100
v -0.135226 -0.024473 0.194813 0.6300 0.6600 0.7100
v -0.134553 -0.024893 0.194284 0.6300 0.6600 0.7100
v -0.135676 -0.023858 0.194683 0.6300 0.6600 0.7100
v -0.134636 -0.024999 0.197020 0.6300 0.6600 0.7100
v -0.135710 -0.023873 0.195813 0.6300 0.6600 0.7100
v -0.134658 -0.025210 0.198246 0.6300 0.6600 0.7100
v -0.135302 -0.024732 0.197890 0.6300 0.6600 0.7100
v -0.135747 -0.024031 0.197418 0.6300 0.6600 0.7100
v -0.134671 -0.025594 0.199687 0.6300 0.6600 0.7100
v -0.135764 -0.024236 0.198530 0.6300 0.6600 0.7100
v -0.134670 -0.026020 0.200851 0.6300 0.6600 0.7100
v -0.135320 -0.025587 0.200840 0.6300 0.6600 0.7100
v -0.135775 -0.024658 0.200074 0.6300 0.6600 0.7100
v -0.135774 -0.025047 0.201133 0.6300 0.6600 0.7100
v -0.134653 -0.026663 0.202211 0.6300 0.6600 0.7100
v -0.135765 -0.025511 0.202169 0.6300 0.6600 0.7100
v -0.134628 -0.027295 0.203283 0.6300 0.6600 0.7100
v -0.135738 -0.026292 0.203581 0.6300 0.6600 0.7100
v -0.134590 -0.028008 0.204294 0.6300 0.6600 0.7100
v -0.135710 -0.026919 0.204518 0.6300 0.6600 0.7100
v -0.135275 -0.027016 0.203582 0.6300 0.6600 0.7100
v -0.134528 -0.028978 0.205434 0.6300 0.6600 0.7100
v -0.135654 -0.027920 0.205772 0.6300 0.6600 0.7100
v -0.134463 -0.029870 0.206308 0.6300 0.6600 0.7100
v -0.135162 -0.028950 0.205979 0.6300 0.6600 0.7100
v -0.135604 -0.028702 0.206597 0.6300 0.6600 0.7100
v -0.135545 -0.029539 0.207366 0.6300 0.6600 0.7100
v -0.134150 -0.033366 0.208671 0.6300 0.6600 0.7100
v -0.134860 -0.032631 0.208749 0.6300 0.6600 0.7100
v -0.134723 -0.034032 0.209421 0.6300 0.6600 0.7100
v -0.134031 -0.034502 0.209170 0.6300 0.6600 0.7100
v -0.135237 -0.033177 0.209723 0.6300 0.6600 0.7100
v -0.135135 -0.034217 0.210171 0.6300 0.6600 0.7100
v -0.135026 -0.035283 0.210546 0.6300 0.6600 0.7100
v -0.133541 -0.038595 0.210143 0.6300 0.6600 0.7100
v -0.133375 -0.039829 0.210210 0.6300 0.6600 0.7100
v -0.133201 -0.041065 0.210175 0.6300 0.6600 0.7100
v -0.134391 -0.040676 0.211287 0.6300 0.6600 0.7100
v -0.134535 -0.039546 0.211283 0.6300 0.6600 0.7100
v -0.134022 -0.040027 0.210639 0.6300 0.6600 0.7100
v -0.132562 -0.045158 0.209313 0.6300 0.6600 0.7100
v -0.133793 -0.044929 0.210591 0.6300 0.6600 0.7100
v -0.132366 -0.046296 0.208850 0.6300 0.6600 0.7100
v -0.133141 -0.046002 0.209478 0.6300 0.6600 0.7100
v -0.133630 -0.045992 0.210229 0.6300 0.6600 0.7100
v -0.132933 -0.047238 0.208910 0.6300 0.6600 0.7100
v -0.133465 -0.047028 0.209795 0.6300 0.6600 0.7100
v -0.131699 -0.049815 0.206620 0.6300 0.6600 0.7100
v -0.131509 -0.050722 0.205786 0.6300 0.6600 0.7100
v -0.132221 -0.051065 0.206143 0.6300 0.6600 0.7100
v -0.132833 -0.050658 0.207507 0.6300 0.6600 0.7100
v -0.131325 -0.051558 0.204882 0.6300 0.6600 0.7100
v -0.132672 -0.051498 0.206757 0.6300 0.6600 0.7100
v -0.132516 -0.052286 0.205951 0.6300 0.6600 0.7100
v -0.130770 -0.053795 0.201371 0.6300 0.6600 0.7100
v -0.131438 -0.054472 0.201141 0.6300 0.6600 0.7100
v -0.131607 -0.053825 0.202481 0.6300 0.6600 0.7100
v -0.131976 -0.054733 0.202429 0.6300 0.6600 0.7100
v -0.130634 -0.054260 0.200237 0.6300 0.6600 0.7100
v -0.131855 -0.055211 0.201415 0.6300 0.6600 0.7100
v -0.130489 -0.054695 0.198831 0.6300 0.6600 0.7100
v -0.131749 -0.055599 0.200427 0.6300 0.6600 0.7100
v -0.130387 -0.054951 0.197633 0.6300 0.6600 0.7100
v -0.131155 -0.055383 0.198253 0.6300 0.6600 0.7100
v -0.131608 -0.056056 0.198908 0.6300 0.6600 0.7100
v -0.131531 -0.056268 0.197925 0.6300 0.6600 0.7100
v -0.130286 -0.055131 0.196157 0.6300 0.6600 0.7100
v -0.130223 -0.055170 0.194930 0.6300 0.6600 0.7100
v -0.130965 -0.055718 0.195223 0.6300 0.6600 0.7100
v -0.131430 -0.056478 0.196337 0.6300 0.6600 0.7100
v -0.131379 -0.056531 0.195328 0.6300 0.6600 0.7100
v -0.130920 -0.055687 0.194043 0.6300 0.6600 0.7100
v -0.131339 -0.056520 0.194322 0.6300 0.6600 0.7100
v -0.130156 -0.054555 0.190796 0.6300 0.6600 0.7100
v -0.130180 -0.054162 0.189635 0.6300 0.6600 0.7100
v -0.131296 -0.055804 0.190192 0.6300 0.6600 0.7100
v -0.130224 -0.053676 0.188511 0.6300 0.6600 0.7100
v -0.130914 -0.054613 0.189275 0.6300 0.6600 0.7100
v -0.131315 -0.055476 0.189241 0.6300 0.6600 0.7100
v -0.131345 -0.055090 0.188313 0.6300 0.6600 0.7100
v -0.130511 -0.051365 0.185032 0.6300 0.6600 0.7100
v -0.131195 -0.052081 0.185042 0.6300 0.6600 0.7100
v -0.131295 -0.051321 0.184199 0.6300 0.6600 0.7100
v -0.130631 -0.050516 0.184148 0.6300 0.6600 0.7100
v -0.131670 -0.052221 0.183993 0.6300 0.6600 0.7100
v -0.130795 -0.049395 0.183174 0.6300 0.6600 0.7100
v -0.131762 -0.051515 0.183276 0.6300 0.6600 0.7100
v -0.130945 -0.048401 0.182454 0.6300 0.6600 0.7100
v -0.131619 -0.048993 0.182230 0.6300 0.6600 0.7100
v -0.131924 -0.050304 0.182229 0.6300 0.6600 0.7100
v -0.132036 -0.049489 0.181631 0.6300 0.6600 0.7100
v -0.131138 -0.047136 0.181700 0.6300 0.6600 0.7100
v -0.132154 -0.048644 0.181088 0.6300 0.6600 0.7100
v -0.131308 -0.046032 0.181170 0.6300 0.6600 0.7100
v -0.132350 -0.047244 0.180338 0.6300 0.6600 0.7100
v -0.131484 -0.044887 0.180730 0.6300 0.6600 0.7100
v -0.132481 -0.046320 0.179934 0.6300 0.6600 0.7100
v -0.132004 -0.046340 0.180757 0.6300 0.6600 0.7100
v -0.132615 -0.045373 0.179588 0.6300 0.6600 0.7100
v -0.132073 -0.041043 0.179963 0.6300 0.6600 0.7100
v -0.132651 -0.041910 0.179566 0.6300 0.6600 0.7100
v -0.133194 -0.041260 0.178790 0.6300 0.6600 0.7100
v -0.133266 -0.040738 0.178765 0.6300 0.6600 0.7100
v -0.133120 -0.039275 0.179383 0.6300 0.6600 0.7100
v -0.132625 -0.037343 0.180167 0.6300 0.6600 0.7100
v -0.133305 -0.037319 0.179711 0.6300 0.6600 0.7100
v -0.133749 -0.037219 0.179031 0.6300 0.6600 0.7100
v -0.133509 -0.035847 0.180051 0.6300 0.6600 0.7100
v -0.133843 -0.033412 0.180963 0.6300 0.6600 0.7100
v -0.133935 -0.032729 0.181306 0.6300 0.6600 0.7100
v -0.134025 -0.032064 0.181683 0.6300 0.6600 0.7100
v -0.134173 -0.030974 0.182398 0.6300 0.6600 0.7100
v -0.134256 -0.030358 0.182864 0.6300 0.6600 0.7100
v -0.134336 -0.029766 0.183359 0.6300 0.6600 0.7100
v -0.133844 -0.028815 0.184883 0.6300 0.6600 0.7100
v -0.133903 -0.028409 0.185349 0.6300 0.6600 0.7100
v -0.134626 -0.027673 0.185602 0.6300 0.6600 0.7100
v -0.134969 -0.027979 0.184228 0.6300 0.6600 0.7100
v -0.134015 -0.027653 0.186331 0.6300 0.6600 0.7100
v -0.134717 -0.027046 0.186485 0.6300 0.6600 0.7100
v -0.135027 -0.027547 0.184734 0.6300 0.6600 0.7100
v -0.134060 -0.027357 0.186765 0.6300 0.6600 0.7100
v -0.135121 -0.026861 0.185631 0.6300 0.6600 0.7100
v -0.135166 -0.026542 0.186097 0.6300 0.6600 0.7100
v -0.134821 -0.026356 0.187633 0.6300 0.6600 0.7100
v -0.134980 -0.025394 0.189778 0.6300 0.6600 0.7100
v -0.135040 -0.025081 0.190748 0.6300 0.6600 0.7100
v -0.134397 -0.025408 0.191088 0.6300 0.6600 0.7100
v -0.134427 -0.025278 0.191598 0.6300 0.6600 0.7100
v -0.135098 -0.024818 0.191800 0.6300 0.6600 0.7100
v -0.135481 -0.024548 0.190345 0.6300 0.6600 0.7100
v -0.135511 -0.024395 0.190889 0.6300 0.6600 0.7100
v -0.134490 -0.025043 0.192817 0.6300 0.6600 0.7100
v -0.135158 -0.024601 0.193060 0.6300 0.6600 0.7100
v -0.134518 -0.024963 0.193433 0.6300 0.6600 0.7100
v -0.135567 -0.024144 0.191991 0.6300 0.6600 0.7100
v -0.135598 -0.024032 0.192647 0.6300 0.6600 0.7100
v -0.135194 -0.024512 0.193936 0.6300 0.6600 0.7100
v -0.135253 -0.024483 0.195655 0.6300 0.6600 0.7100
v -0.135273 -0.024532 0.196428 0.6300 0.6600 0.7100
v -0.135290 -0.024620 0.197198 0.6300 0.6600 0.7100
v -0.135309 -0.024827 0.198362 0.6300 0.6600 0.7100
v -0.135317 -0.025009 0.199109 0.6300 0.6600 0.7100
v -0.135321 -0.025227 0.199846 0.6300 0.6600 0.7100
v -0.135307 -0.026185 0.202152 0.6300 0.6600 0.7100
v -0.135294 -0.026556 0.202833 0.6300 0.6600 0.7100
v -0.135248 -0.027555 0.204353 0.6300 0.6600 0.7100
v -0.135221 -0.028029 0.204958 0.6300 0.6600 0.7100
v -0.135189 -0.028535 0.205542 0.6300 0.6600 0.7100
v -0.135103 -0.029773 0.206757 0.6300 0.6600 0.7100
v -0.135034 -0.030647 0.207470 0.6300 0.6600 0.7100
v -0.134396 -0.030708 0.207012 0.6300 0.6600 0.7100
v -0.134354 -0.031206 0.207383 0.6300 0.6600 0.7100
v -0.134945 -0.031697 0.208199 0.6300 0.6600 0.7100
v -0.134260 -0.032242 0.208062 0.6300 0.6600 0.7100
v -0.135474 -0.030459 0.208098 0.6300 0.6600 0.7100
v -0.134216 -0.032698 0.208324 0.6300 0.6600 0.7100
v -0.135430 -0.031003 0.208483 0.6300 0.6600 0.7100
v -0.135348 -0.031960 0.209084 0.6300 0.6600 0.7100
v -0.135304 -0.032454 0.209359 0.6300 0.6600 0.7100
v -0.133935 -0.035366 0.209478 0.6300 0.6600 0.7100
v -0.133796 -0.036558 0.209810 0.6300 0.6600 0.7100
v -0.134533 -0.035818 0.210046 0.6300 0.6600 0.7100
v -0.134392 -0.037059 0.210343 0.6300 0.6600 0.7100
v -0.133723 -0.037162 0.209938 0.6300 0.6600 0.7100
v -0.133658 -0.037679 0.210028 0.6300 0.6600 0.7100
v -0.134264 -0.038126 0.210516 0.6300 0.6600 0.7100
v -0.134924 -0.036233 0.210812 0.6300 0.6600 0.7100
v -0.134852 -0.036881 0.210959 0.6300 0.6600 0.7100
v -0.134788 -0.037436 0.211063 0.6300 0.6600 0.7100
v -0.134146 -0.039074 0.210607 0.6300 0.6600 0.7100
v -0.134657 -0.038554 0.211214 0.6300 0.6600 0.7100
v -0.133906 -0.040890 0.210619 0.6300 0.6600 0.7100
v -0.133787 -0.041749 0.210551 0.6300 0.6600 0.7100
v -0.133079 -0.041895 0.210094 0.6300 0.6600 0.7100
v -0.133634 -0.042815 0.210400 0.6300 0.6600 0.7100
v -0.133001 -0.042412 0.210020 0.6300 0.6600 0.7100
v -0.134272 -0.041574 0.211235 0.6300 0.6600 0.7100
v -0.132908 -0.043017 0.209911 0.6300 0.6600 0.7100
v -0.133449 -0.044054 0.210128 0.6300 0.6600 0.7100
v -0.134118 -0.042691 0.211101 0.6300 0.6600 0.7100
v -0.132719 -0.044211 0.209620 0.6300 0.6600 0.7100
v -0.134040 -0.043245 0.211005 0.6300 0.6600 0.7100
v -0.133947 -0.043893 0.210868 0.6300 0.6600 0.7100
v -0.133296 -0.045039 0.209835 0.6300 0.6600 0.7100
v -0.132260 -0.046890 0.208564 0.6300 0.6600 0.7100
v -0.132162 -0.047430 0.208276 0.6300 0.6600 0.7100
v -0.132740 -0.048337 0.208289 0.6300 0.6600 0.7100
v -0.133360 -0.047667 0.209485 0.6300 0.6600 0.7100
v -0.131965 -0.048472 0.207635 0.6300 0.6600 0.7100
v -0.132578 -0.049226 0.207694 0.6300 0.6600 0.7100
v -0.133262 -0.048247 0.209172 0.6300 0.6600 0.7100
v -0.131883 -0.048898 0.207339 0.6300 0.6600 0.7100
v -0.133097 -0.049201 0.208589 0.6300 0.6600 0.7100
v -0.133015 -0.049663 0.208273 0.6300 0.6600 0.7100
v -0.132398 -0.050173 0.206956 0.6300 0.6600 0.7100
v -0.132058 -0.051847 0.205314 0.6300 0.6600 0.7100
v -0.131903 -0.052564 0.204435 0.6300 0.6600 0.7100
v -0.131167 -0.052240 0.204019 0.6300 0.6600 0.7100
v -0.131096 -0.052540 0.203596 0.6300 0.6600 0.7100
v -0.131762 -0.053179 0.203561 0.6300 0.6600 0.7100
v -0.132357 -0.053053 0.205045 0.6300 0.6600 0.7100
v -0.131013 -0.052874 0.203084 0.6300 0.6600 0.7100
v -0.132284 -0.053392 0.204599 0.6300 0.6600 0.7100
v -0.130857 -0.053479 0.202021 0.6300 0.6600 0.7100
v -0.132144 -0.054021 0.203675 0.6300 0.6600 0.7100
v -0.132065 -0.054361 0.203111 0.6300 0.6600 0.7100
v -0.131342 -0.054811 0.200277 0.6300 0.6600 0.7100
v -0.131270 -0.055048 0.199557 0.6300 0.6600 0.7100
v -0.131203 -0.055250 0.198828 0.6300 0.6600 0.7100
v -0.131115 -0.055482 0.197742 0.6300 0.6600 0.7100
v -0.131063 -0.055596 0.196987 0.6300 0.6600 0.7100
v -0.131016 -0.055673 0.196226 0.6300 0.6600 0.7100
v -0.130201 -0.055153 0.194356 0.6300 0.6600 0.7100
v -0.130181 -0.055112 0.193743 0.6300 0.6600 0.7100
v -0.130891 -0.055554 0.192787 0.6300 0.6600 0.7100
v -0.130157 -0.054954 0.192524 0.6300 0.6600 0.7100
v -0.130882 -0.055385 0.191839 0.6300 0.6600 0.7100
v -0.131321 -0.056481 0.193704 0.6300 0.6600 0.7100
v -0.130153 -0.054868 0.192063 0.6300 0.6600 0.7100
v -0.131305 -0.056415 0.193045 0.6300 0.6600 0.7100
v -0.131291 -0.056261 0.192047 0.6300 0.6600 0.7100
v -0.131288 -0.056162 0.191552 0.6300 0.6600 0.7100
v -0.130887 -0.055054 0.190539 0.6300 0.6600 0.7100
v -0.130944 -0.054263 0.188467 0.6300 0.6600 0.7100
v -0.130983 -0.053867 0.187679 0.6300 0.6600 0.7100
v -0.130266 -0.053282 0.187748 0.6300 0.6600 0.7100
v -0.130292 -0.053049 0.187342 0.6300 0.6600 0.7100
v -0.131035 -0.053385 0.186845 0.6300 0.6600 0.7100
v -0.130332 -0.052724 0.186820 0.6300 0.6600 0.7100
v -0.131119 -0.052676 0.185799 0.6300 0.6600 0.7100
v -0.131383 -0.054684 0.187483 0.6300 0.6600 0.7100
v -0.131407 -0.054442 0.187040 0.6300 0.6600 0.7100
v -0.130423 -0.052014 0.185818 0.6300 0.6600 0.7100
v -0.131464 -0.053919 0.186177 0.6300 0.6600 0.7100
v -0.130462 -0.051723 0.185452 0.6300 0.6600 0.7100
v -0.131506 -0.053547 0.185629 0.6300 0.6600 0.7100
v -0.131579 -0.052939 0.184824 0.6300 0.6600 0.7100
v -0.131619 -0.052616 0.184437 0.6300 0.6600 0.7100
v -0.131347 -0.050936 0.183816 0.6300 0.6600 0.7100
v -0.131425 -0.050371 0.183301 0.6300 0.6600 0.7100
v -0.131507 -0.049782 0.182813 0.6300 0.6600 0.7100
v -0.131693 -0.048481 0.181891 0.6300 0.6600 0.7100
v -0.131787 -0.047831 0.181501 0.6300 0.6600 0.7100
v -0.131884 -0.047162 0.181142 0.6300 0.6600 0.7100
v -0.132184 -0.045109 0.180283 0.6300 0.6600 0.7100
v -0.132369 -0.043844 0.179915 0.6300 0.6600 0.7100
v -0.131673 -0.043661 0.180371 0.6300 0.6600 0.7100
v -0.131746 -0.043189 0.180262 0.6300 0.6600 0.7100
v -0.132512 -0.042866 0.179707 0.6300 0.6600 0.7100
v -0.131892 -0.042233 0.180090 0.6300 0.6600 0.7100
v -0.132802 -0.044048 0.179210 0.6300 0.6600 0.7100
v -0.131963 -0.041769 0.180029 0.6300 0.6600 0.7100
v -0.132874 -0.043538 0.179096 0.6300 0.6600 0.7100
v -0.133014 -0.042545 0.178922 0.6300 0.6600 0.7100
v -0.133084 -0.042043 0.178858 0.6300 0.6600 0.7100
v -0.133442 -0.039620 0.178706 0.6300 0.6600 0.7100
v -0.133633 -0.038228 0.178815 0.6300 0.6600 0.7100
v -0.134638 -0.034852 0.209738 0.6300 0.6600 0.7100
v -0.134583 -0.035366 0.209910 0.6300 0.6600 0.7100
v -0.133214 -0.038448 0.179475 0.6300 0.6600 0.7100
v -0.104000 -0.040000 0.189925 0.6300 0.6600 0.7100
v -0.104000 -0.039106 0.190003 0.6300 0.6600 0.7100
v -0.104000 -0.038239 0.190236 0.6300 0.6600 0.7100
v -0.104000 -0.037425 0.190615 0.6300 0.6600 0.7100
v -0.104000 -0.036690 0.191130 0.6300 0.6600 0.7100
v -0.104000 -0.036055 0.191765 0.6300 0.6600 0.7100
v -0.104000 -0.035540 0.192500 0.6300 0.6600 0.7100
v -0.104000 -0.035161 0.193314 0.6300 0.6600 0.7100
v -0.104000 -0.034928 0.194181 0.6300 0.6600 0.7100
v -0.104000 -0.034850 0.195075 0.6300 0.6600 0.7100
v -0.104000 -0.034928 0.195969 0.6300 0.6600 0.7100
v -0.104000 -0.035161 0.196836 0.6300 0.6600 0.7100
v -0.104000 -0.035540 0.197650 0.6300 0.6600 0.7100
v -0.104000 -0.036055 0.198385 0.6300 0.6600 0.7100
v -0.104000 -0.036690 0.199020 0.6300 0.6600 0.7100
v -0.104000 -0.037425 0.199535 0.6300 0.6600 0.7100
v -0.104000 -0.038239 0.199914 0.6300 0.6600 0.7100
v -0.104000 -0.039106 0.200147 0.6300 0.6600 0.7100
v -0.104000 -0.040000 0.200225 0.6300 0.6600 0.7100
v -0.100906 -0.040000 0.195075 0.6300 0.6600 0.7100
v -0.101937 -0.040000 0.196792 0.6300 0.6600 0.7100
v -0.102969 -0.040000 0.198508 0.6300 0.6600 0.7100
v -0.100906 -0.040000 0.195075 0.6300 0.6600 0.7100
v -0.101937 -0.040000 0.196792 0.6300 0.6600 0.7100
v -0.102969 -0.040000 0.198508 0.6300 0.6600 0.7100
v -0.104000 -0.040000 0.200225 0.6300 0.6600 0.7100
v -0.104000 -0.040894 0.200147 0.6300 0.6600 0.7100
v -0.104000 -0.041761 0.199914 0.6300 0.6600 0.7100
v -0.104000 -0.042575 0.199535 0.6300 0.6600 0.7100
v -0.104000 -0.043310 0.199020 0.6300 0.6600 0.7100
v -0.104000 -0.043945 0.198385 0.6300 0.6600 0.7100
v -0.104000 -0.044460 0.197650 0.6300 0.6600 0.7100
v -0.104000 -0.044839 0.196836 0.6300 0.6600 0.7100
v -0.104000 -0.045072 0.195969 0.6300 0.6600 0.7100
v -0.104000 -0.045150 0.195075 0.6300 0.6600 0.7100
v -0.104000 -0.045072 0.194181 0.6300 0.6600 0.7100
v -0.104000 -0.044839 0.193314 0.6300 0.6600 0.7100
v -0.104000 -0.044460 0.192500 0.6300 0.6600 0.7100
v -0.104000 -0.043945 0.191765 0.6300 0.6600 0.7100
v -0.104000 -0.043310 0.191130 0.6300 0.6600 0.7100
v -0.104000 -0.042575 0.190615 0.6300 0.6600 0.7100
v -0.104000 -0.041761 0.190236 0.6300 0.6600 0.7100
v -0.104000 -0.040894 0.190003 0.6300 0.6600 0.7100
v -0.101937 -0.039413 0.196688 0.6300 0.6600 0.7100
v -0.101937 -0.038897 0.196390 0.6300 0.6600 0.7100
v -0.101937 -0.038513 0.195933 0.6300 0.6600 0.7100
v -0.102969 -0.038826 0.198301 0.6300 0.6600 0.7100
v -0.101937 -0.038309 0.195373 0.6300 0.6600 0.7100
v -0.102969 -0.037793 0.197705 0.6300 0.6600 0.7100
v -0.101937 -0.038309 0.194777 0.6300 0.6600 0.7100
v -0.102969 -0.037027 0.196792 0.6300 0.6600 0.7100
v -0.101937 -0.038513 0.194217 0.6300 0.6600 0.7100
v -0.102969 -0.036619 0.195671 0.6300 0.6600 0.7100
v -0.101937 -0.038897 0.193760 0.6300 0.6600 0.7100
v -0.102969 -0.036619 0.194479 0.6300 0.6600 0.7100
v -0.101937 -0.039413 0.193462 0.6300 0.6600 0.7100
v -0.102969 -0.037027 0.193358 0.6300 0.6600 0.7100
v -0.101937 -0.040000 0.193358 0.6300 0.6600 0.7100
v -0.102969 -0.037793 0.192445 0.6300 0.6600 0.7100
v -0.101937 -0.040587 0.193462 0.6300 0.6600 0.7100
v -0.102969 -0.038826 0.191849 0.6300 0.6600 0.7100
v -0.101937 -0.041103 0.193760 0.6300 0.6600 0.7100
v -0.102969 -0.040000 0.191642 0.6300 0.6600 0.7100
v -0.101937 -0.041487 0.194217 0.6300 0.6600 0.7100
v -0.102969 -0.041174 0.191849 0.6300 0.6600 0.7100
v -0.101937 -0.041691 0.194777 0.6300 0.6600 0.7100
v -0.102969 -0.042207 0.192445 0.6300 0.6600 0.7100
v -0.101937 -0.041691 0.195373 0.6300 0.6600 0.7100
v -0.102969 -0.042973 0.193358 0.6300 0.6600 0.7100
v -0.101937 -0.041487 0.195933 0.6300 0.6600 0.7100
v -0.102969 -0.043381 0.194479 0.6300 0.6600 0.7100
v -0.101937 -0.041103 0.196390 0.6300 0.6600 0.7100
v -0.102969 -0.043381 0.195671 0.6300 0.6600 0.7100
v -0.101937 -0.040587 0.196688 0.6300 0.6600 0.7100
v -0.102969 -0.042973 0.196792 0.6300 0.6600 0.7100
v -0.102969 -0.042207 0.197705 0.6300 0.6600 0.7100
v -0.102969 -0.041174 0.198301 0.6300 0.6600 0.7100
v -0.127150 -0.040000 0.189925 0.6300 0.6600 0.7100
v -0.127150 -0.039106 0.190003 0.6300 0.6600 0.7100
v -0.127150 -0.038239 0.190236 0.6300 0.6600 0.7100
v -0.127150 -0.037425 0.190615 0.6300 0.6600 0.7100
v -0.127150 -0.036690 0.191130 0.6300 0.6600 0.7100
v -0.127150 -0.036055 0.191765 0.6300 0.6600 0.7100
v -0.127150 -0.035540 0.192500 0.6300 0.6600 0.7100
v -0.127150 -0.035161 0.193314 0.6300 0.6600 0.7100
v -0.127150 -0.034928 0.194181 0.6300 0.6600 0.7100
v -0.127150 -0.034850 0.195075 0.6300 0.6600 0.7100
v -0.127150 -0.034928 0.195969 0.6300 0.6600 0.7100
v -0.127150 -0.035161 0.196836 0.6300 0.6600 0.7100
v -0.127150 -0.035540 0.197650 0.6300 0.6600 0.7100
v -0.127150 -0.036055 0.198385 0.6300 0.6600 0.7100
v -0.127150 -0.036690 0.199020 0.6300 0.6600 0.7100
v -0.127150 -0.037425 0.199535 0.6300 0.6600 0.7100
v -0.127150 -0.038239 0.199914 0.6300 0.6600 0.7100
v -0.127150 -0.039106 0.200147 0.6300 0.6600 0.7100
v -0.127150 -0.040000 0.200225 0.6300 0.6600 0.7100
v -0.127150 -0.040894 0.200147 0.6300 0.6600 0.7100
v -0.127150 -0.041761 0.199914 0.6300 0.6600 0.7100
v -0.127150 -0.042575 0.199535 0.6300 0.6600 0.7100
v -0.127150 -0.043310 0.199020 0.6300 0.6600 0.7100
v -0.127150 -0.043945 0.198385 0.6300 0.6600 0.7100
v -0.127150 -0.044460 0.197650 0.6300 0.6600 0.7100
v -0.127150 -0.044839 0.196836 0.6300 0.6600 0.7100
v -0.127150 -0.045072 0.195969 0.6300 0.6600 0.7100
v -0.127150 -0.045150 0.195075 0.6300 0.6600 0.7100
v -0.127150 -0.045072 0.194181 0.6300 0.6600 0.7100
v -0.127150 -0.044839 0.193314 0.6300 0.6600 0.7100
v -0.127150 -0.044460 0.192500 0.6300 0.6600 0.7100
v -0.127150 -0.043945 0.191765 0.6300 0.6600 0.7100
v -0.127150 -0.043310 0.191130 0.6300 0.6600 0.7100
v -0.127150 -0.042575 0.190615 0.6300 0.6600 0.7100
v -0.127150 -0.041761 0.190236 0.6300 0.6600 0.7100
v -0.127150 -0.040894 0.190003 0.6300 0.6600 0.7100
v -0.127150 -0.040000 0.189925 0.6300 0.6600 0.7100
v -0.104000 -0.040000 0.189925 0.6300 0.6600 0.7100
v -0.104000 -0.040000 0.189925 0.6300 0.6600 0.7100
v -0.104000 -0.040000 0.200225 0.6300 0.6600 0.7100
v -0.104000 -0.040894 0.200147 0.6300 0.6600 0.7100
v -0.104000 -0.041761 0.199914 0.6300 0.6600 0.7100
v -0.104000 -0.042575 0.199535 0.6300 0.6600 0.7100
v -0.104000 -0.043310 0.199020 0.6300 0.6600 0.7100
v -0.104000 -0.043945 0.198385 0.6300 0.6600 0.7100
v -0.104000 -0.044460 0.197650 0.6300 0.6600 0.7100
v -0.104000 -0.044839 0.196836 0.6300 0.6600 0.7100
v -0.104000 -0.045072 0.195969 0.6300 0.6600 0.7100
v -0.104000 -0.045150 0.195075 0.6300 0.6600 0.7100
v -0.104000 -0.045072 0.194181 0.6300 0.6600 0.7100
v -0.104000 -0.044839 0.193314 0.6300 0.6600 0.7100
v -0.104000 -0.044460 0.192500 0.6300 0.6600 0.7100
v -0.104000 -0.043945 0.191765 0.6300 0.6600 0.7100
v -0.104000 -0.043310 0.191130 0.6300 0.6600 0.7100
v -0.104000 -0.042575 0.190615 0.6300 0.6600 0.7100
v -0.104000 -0.041761 0.190236 0.6300 0.6600 0.7100
v -0.104000 -0.040894 0.190003 0.6300 0.6600 0.7100
v -0.104000 -0.039106 0.190003 0.6300 0.6600 0.7100
v -0.104000 -0.038239 0.190236 0.6300 0.6600 0.7100
v -0.104000 -0.037425 0.190615 0.6300 0.6600 0.7100
v -0.104000 -0.036690 0.191130 0.6300 0.6600 0.7100
v -0.104000 -0.036055 0.191765 0.6300 0.6600 0.7100
v -0.104000 -0.035540 0.192500 0.6300 0.6600 0.7100
v -0.104000 -0.035161 0.193314 0.6300 0.6600 0.7100
v -0.104000 -0.034928 0.194181 0.6300 0.6600 0.7100
v -0.104000 -0.034850 0.195075 0.6300 0.6600 0.7100
v -0.104000 -0.034928 0.195969 0.6300 0.6600 0.7100
v -0.104000 -0.035161 0.196836 0.6300 0.6600 0.7100
v -0.104000 -0.035540 0.197650 0.6300 0.6600 0.7100
v -0.104000 -0.036055 0.198385 0.6300 0.6600 0.7100
v -0.104000 -0.036690 0.199020 0.6300 0.6600 0.7100
v -0.104000 -0.037425 0.199535 0.6300 0.6600 0.7100
v -0.104000 -0.038239 0.199914 0.6300 0.6600 0.7100
v -0.104000 -0.039106 0.200147 0.6300 0.6600 0.7100
v -0.127150 -0.040000 0.189925 0.6300 0.6600 0.7100
v -0.127150 -0.039106 0.190003 0.6300 0.6600 0.7100
v -0.127150 -0.038239 0.190236 0.6300 0.6600 0.7100
v -0.127150 -0.037425 0.190615 0.6300 0.6600 0.7100
v -0.127150 -0.036690 0.191130 0.6300 0.6600 0.7100
v -0.127150 -0.036055 0.191765 0.6300 0.6600 0.7100
v -0.127150 -0.035540 0.192500 0.6300 0.6600 0.7100
v -0.127150 -0.035161 0.193314 0.6300 0.6600 0.7100
v -0.127150 -0.034928 0.194181 0.6300 0.6600 0.7100
v -0.127150 -0.034850 0.195075 0.6300 0.6600 0.7100
v -0.127150 -0.034928 0.195969 0.6300 0.6600 0.7100
v -0.127150 -0.035161 0.196836 0.6300 0.6600 0.7100
v -0.127150 -0.035540 0.197650 0.6300 0.6600 0.7100
v -0.127150 -0.036055 0.198385 0.6300 0.6600 0.7100
v -0.127150 -0.036690 0.199020 0.6300 0.6600 0.7100
v -0.127150 -0.037425 0.199535 0.6300 0.6600 0.7100
v -0.127150 -0.038239 0.199914 0.6300 0.6600 0.7100
v -0.127150 -0.039106 0.200147 0.6300 0.6600 0.7100
v -0.127150 -0.040000 0.200225 0.6300 0.6600 0.7100
v -0.127150 -0.040894 0.200147 0.6300 0.6600 0.7100
v -0.127150 -0.041761 0.199914 0.6300 0.6600 0.7100
v -0.127150 -0.042575 0.199535 0.6300 0.6600 0.7100
v -0.127150 -0.043310 0.199020 0.6300 0.6600 0.7100
v -0.127150 -0.043945 0.198385 0.6300 0.6600 0.7100
v -0.127150 -0.044460 0.197650 0.6300 0.6600 0.7100
v -0.127150 -0.044839 0.196836 0.6300 0.6600 0.7100
v -0.127150 -0.045072 0.195969 0.6300 0.6600 0.7100
v -0.127150 -0.045150 0.195075 0.6300 0.6600 0.7100
v -0.127150 -0.045072 0.194181 0.6300 0.6600 0.7100
v -0.127150 -0.044839 0.193314 0.6300 0.6600 0.7100
v -0.127150 -0.044460 0.192500 0.6300 0.6600 0.7100
v -0.127150 -0.043945 0.191765 0.6300 0.6600 0.7100
v -0.127150 -0.043310 0.191130 0.6300 0.6600 0.7100
v -0.127150 -0.042575 0.190615 0.6300 0.6600 0.7100
v -0.127150 -0.041761 0.190236 0.6300 0.6600 0.7100
v -0.127150 -0.040894 0.190003 0.6300 0.6600 0.7100
v -0.127150 -0.040000 0.189925 0.6300 0.6600 0.7100
v -0.128000 -0.040000 0.189075 0.6300 0.6600 0.7100
v -0.128000 -0.040000 0.189075 0.6300 0.6600 0.7100
v -0.128000 -0.041042 0.189166 0.6300 0.6600 0.7100
v -0.128000 -0.042052 0.189437 0.6300 0.6600 0.7100
v -0.128000 -0.043000 0.189879 0.6300 0.6600 0.7100
v -0.128000 -0.043857 0.190479 0.6300 0.6600 0.7100
v -0.128000 -0.044596 0.191218 0.6300 0.6600 0.7100
v -0.128000 -0.045196 0.192075 0.6300 0.6600 0.7100
v -0.128000 -0.045638 0.193023 0.6300 0.6600 0.7100
v -0.128000 -0.045909 0.194033 0.6300 0.6600 0.7100
v -0.128000 -0.046000 0.195075 0.6300 0.6600 0.7100
v -0.128000 -0.045909 0.196117 0.6300 0.6600 0.7100
v -0.128000 -0.045638 0.197127 0.6300 0.6600 0.7100
v -0.128000 -0.045196 0.198075 0.6300 0.6600 0.7100
v -0.128000 -0.044596 0.198932 0.6300 0.6600 0.7100
v -0.128000 -0.043857 0.199671 0.6300 0.6600 0.7100
v -0.128000 -0.043000 0.200271 0.6300 0.6600 0.7100
v -0.128000 -0.042052 0.200713 0.6300 0.6600 0.7100
v -0.128000 -0.041042 0.200984 0.6300 0.6600 0.7100
v -0.128000 -0.040000 0.201075 0.6300 0.6600 0.7100
v -0.128000 -0.038958 0.200984 0.6300 0.6600 0.7100
v -0.128000 -0.037948 0.200713 0.6300 0.6600 0.7100
v -0.128000 -0.037000 0.200271 0.6300 0.6600 0.7100
v -0.128000 -0.036143 0.199671 0.6300 0.6600 0.7100
v -0.128000 -0.035404 0.198932 0.6300 0.6600 0.7100
v -0.128000 -0.034804 0.198075 0.6300 0.6600 0.7100
v -0.128000 -0.034362 0.197127 0.6300 0.6600 0.7100
v -0.128000 -0.034091 0.196117 0.6300 0.6600 0.7100
v -0.128000 -0.034000 0.195075 0.6300 0.6600 0.7100
v -0.128000 -0.034091 0.194033 0.6300 0.6600 0.7100
v -0.128000 -0.034362 0.193023 0.6300 0.6600 0.7100
v -0.128000 -0.034804 0.192075 0.6300 0.6600 0.7100
v -0.128000 -0.035404 0.191218 0.6300 0.6600 0.7100
v -0.128000 -0.036143 0.190479 0.6300 0.6600 0.7100
v -0.128000 -0.037000 0.189879 0.6300 0.6600 0.7100
v -0.128000 -0.037948 0.189437 0.6300 0.6600 0.7100
v -0.128000 -0.038958 0.189166 0.6300 0.6600 0.7100
v -0.104000 0.040000 0.189925 0.6300 0.6600 0.7100
v -0.104000 0.040894 0.190003 0.6300 0.6600 0.7100
v -0.104000 0.041761 0.190236 0.6300 0.6600 0.7100
v -0.104000 0.042575 0.190615 0.6300 0.6600 0.7100
v -0.104000 0.043310 0.191130 0.6300 0.6600 0.7100
v -0.104000 0.043945 0.191765 0.6300 0.6600 0.7100
v -0.104000 0.044460 0.192500 0.6300 0.6600 0.7100
v -0.104000 0.044839 0.193314 0.6300 0.6600 0.7100
v -0.104000 0.045072 0.194181 0.6300 0.6600 0.7100
v -0.104000 0.045150 0.195075 0.6300 0.6600 0.7100
v -0.104000 0.045072 0.195969 0.6300 0.6600 0.7100
v -0.104000 0.044839 0.196836 0.6300 0.6600 0.7100
v -0.104000 0.044460 0.197650 0.6300 0.6600 0.7100
v -0.104000 0.043945 0.198385 0.6300 0.6600 0.7100
v -0.104000 0.043310 0.199020 0.6300 0.6600 0.7100
v -0.104000 0.042575 0.199535 0.6300 0.6600 0.7100
v -0.104000 0.041761 0.199914 0.6300 0.6600 0.7100
v -0.104000 0.040894 0.200147 0.6300 0.6600 0.7100
v -0.104000 0.040000 0.200225 0.6300 0.6600 0.7100
v -0.100906 0.040000 0.195075 0.6300 0.6600 0.7100
v -0.101937 0.040000 0.196792 0.6300 0.6600 0.7100
v -0.102969 0.040000 0.198508 0.6300 0.6600 0.7100
v -0.100906 0.040000 0.195075 0.6300 0.6600 0.7100
v -0.101937 0.040000 0.196792 0.6300 0.6600 0.7100
v -0.102969 0.040000 0.198508 0.6300 0.6600 0.7100
v -0.104000 0.040000 0.200225 0.6300 0.6600 0.7100
v -0.104000 0.039106 0.200147 0.6300 0.6600 0.7100
v -0.104000 0.038239 0.199914 0.6300 0.6600 0.7100
v -0.104000 0.037425 0.199535 0.6300 0.6600 0.7100
v -0.104000 0.036690 0.199020 0.6300 0.6600 0.7100
v -0.104000 0.036055 0.198385 0.6300 0.6600 0.7100
v -0.104000 0.035540 0.197650 0.6300 0.6600 0.7100
v -0.104000 0.035161 0.196836 0.6300 0.6600 0.7100
v -0.104000 0.034928 0.195969 0.6300 0.6600 0.7100
v -0.104000 0.034850 0.195075 0.6300 0.6600 0.7100
v -0.104000 0.034928 0.194181 0.6300 0.6600 0.7100
v -0.104000 0.035161 0.193314 0.6300 0.6600 0.7100
v -0.104000 0.035540 0.192500 0.6300 0.6600 0.7100
v -0.104000 0.036055 0.191765 0.6300 0.6600 0.7100
v -0.104000 0.036690 0.191130 0.6300 0.6600 0.7100
v -0.104000 0.037425 0.190615 0.6300 0.6600 0.7100
v -0.104000 0.038239 0.190236 0.6300 0.6600 0.7100
v -0.104000 0.039106 0.190003 0.6300 0.6600 0.7100
v -0.101937 0.040587 0.196688 0.6300 0.6600 0.7100
v -0.101937 0.041103 0.196390 0.6300 0.6600 0.7100
v -0.101937 0.041487 0.195933 0.6300 0.6600 0.7100
v -0.102969 0.041174 0.198301 0.6300 0.6600 0.7100
v -0.101937 0.041691 0.195373 0.6300 0.6600 0.7100
v -0.102969 0.042207 0.197705 0.6300 0.6600 0.7100
v -0.101937 0.041691 0.194777 0.6300 0.6600 0.7100
v -0.102969 0.042973 0.196792 0.6300 0.6600 0.7100
v -0.101937 0.041487 0.194217 0.6300 0.6600 0.7100
v -0.102969 0.043381 0.195671 0.6300 0.6600 0.7100
v -0.101937 0.041103 0.193760 0.6300 0.6600 0.7100
v -0.102969 0.043381 0.194479 0.6300 0.6600 0.7100
v -0.101937 0.040587 0.193462 0.6300 0.6600 0.7100
v -0.102969 0.042973 0.193358 0.6300 0.6600 0.7100
v -0.101937 0.040000 0.193358 0.6300 0.6600 0.7100
v -0.102969 0.042207 0.192445 0.6300 0.6600 0.7100
v -0.101937 0.039413 0.193462 0.6300 0.6600 0.7100
v -0.102969 0.041174 0.191849 0.6300 0.6600 0.7100
v -0.101937 0.038897 0.193760 0.6300 0.6600 0.7100
v -0.102969 0.040000 0.191642 0.6300 0.6600 0.7100
v -0.101937 0.038513 0.194217 0.6300 0.6600 0.7100
v -0.102969 0.038826 0.191849 0.6300 0.6600 0.7100
v -0.101937 0.038309 0.194777 0.6300 0.6600 0.7100
v -0.102969 0.037793 0.192445 0.6300 0.6600 0.7100
v -0.101937 0.038309 0.195373 0.6300 0.6600 0.7100
v -0.102969 0.037027 0.193358 0.6300 0.6600 0.7100
v -0.101937 0.038513 0.195933 0.6300 0.6600 0.7100
v -0.102969 0.036619 0.194479 0.6300 0.6600 0.7100
v -0.101937 0.038897 0.196390 0.6300 0.6600 0.7100
v -0.102969 0.036619 0.195671 0.6300 0.6600 0.7100
v -0.101937 0.039413 0.196688 0.6300 0.6600 0.7100
v -0.102969 0.037027 0.196792 0.6300 0.6600 0.7100
v -0.102969 0.037793 0.197705 0.6300 0.6600 0.7100
v -0.102969 0.038826 0.198301 0.6300 0.6600 0.7100
v -0.127150 0.040000 0.189925 0.6300 0.6600 0.7100
v -0.127150 0.040894 0.190003 0.6300 0.6600 0.7100
v -0.127150 0.041761 0.190236 0.6300 0.6600 0.7100
v -0.127150 0.042575 0.190615 0.6300 0.6600 0.7100
v -0.127150 0.043310 0.191130 0.6300 0.6600 0.7100
v -0.127150 0.043945 0.191765 0.6300 0.6600 0.7100
v -0.127150 0.044460 0.192500 0.6300 0.6600 0.7100
v -0.127150 0.044839 0.193314 0.6300 0.6600 0.7100
v -0.127150 0.045072 0.194181 0.6300 0.6600 0.7100
v -0.127150 0.045150 0.195075 0.6300 0.6600 0.7100
v -0.127150 0.045072 0.195969 0.6300 0.6600 0.7100
v -0.127150 0.044839 0.196836 0.6300 0.6600 0.7100
v -0.127150 0.044460 0.197650 0.6300 0.6600 0.7100
v -0.127150 0.043945 0.198385 0.6300 0.6600 0.7100
v -0.127150 0.043310 0.199020 0.6300 0.6600 0.7100
v -0.127150 0.042575 0.199535 0.6300 0.6600 0.7100
v -0.127150 0.041761 0.199914 0.6300 0.6600 0.7100
v -0.127150 0.040894 0.200147 0.6300 0.6600 0.7100
v -0.127150 0.040000 0.200225 0.6300 0.6600 0.7100
v -0.127150 0.039106 0.200147 0.6300 0.6600 0.7100
v -0.127150 0.038239 0.199914 0.6300 0.6600 0.7100
v -0.127150 0.037425 0.199535 0.6300 0.6600 0.7100
v -0.127150 0.036690 0.199020 0.6300 0.6600 0.7100
v -0.127150 0.036055 0.198385 0.6300 0.6600 0.7100
v -0.127150 0.035540 0.197650 0.6300 0.6600 0.7100
v -0.127150 0.035161 0.196836 0.6300 0.6600 0.7100
v -0.127150 0.034928 0.195969 0.6300 0.6600 0.7100
v -0.127150 0.034850 0.195075 0.6300 0.6600 0.7100
v -0.127150 0.034928 0.194181 0.6300 0.6600 0.7100
v -0.127150 0.035161 0.193314 0.6300 0.6600 0.7100
v -0.127150 0.035540 0.192500 0.6300 0.6600 0.7100
v -0.127150 0.036055 0.191765 0.6300 0.6600 0.7100
v -0.127150 0.036690 0.191130 0.6300 0.6600 0.7100
v -0.127150 0.037425 0.190615 0.6300 0.6600 0.7100
v -0.127150 0.038239 0.190236 0.6300 0.6600 0.7100
v -0.127150 0.039106 0.190003 0.6300 0.6600 0.7100
v -0.127150 0.040000 0.189925 0.6300 0.6600 0.7100
v -0.104000 0.040000 0.189925 0.6300 0.6600 0.7100
v -0.104000 0.040000 0.189925 0.6300 0.6600 0.7100
v -0.104000 0.040000 0.200225 0.6300 0.6600 0.7100
v -0.104000 0.039106 0.200147 0.6300 0.6600 0.7100
v -0.104000 0.038239 0.199914 0.6300 0.6600 0.7100
v -0.104000 0.037425 0.199535 0.6300 0.6600 0.7100
v -0.104000 0.036690 0.199020 0.6300 0.6600 0.7100
v -0.104000 0.036055 0.198385 0.6300 0.6600 0.7100
v -0.104000 0.035540 0.197650 0.6300 0.6600 0.7100
v -0.104000 0.035161 0.196836 0.6300 0.6600 0.7100
v -0.104000 0.034928 0.195969 0.6300 0.6600 0.7100
v -0.104000 0.034850 0.195075 0.6300 0.6600 0.7100
v -0.104000 0.034928 0.194181 0.6300 0.6600 0.7100
v -0.104000 0.035161 0.193314 0.6300 0.6600 0.7100
v -0.104000 0.035540 0.192500 0.6300 0.6600 0.7100
v -0.104000 0.036055 0.191765 0.6300 0.6600 0.7100
v -0.104000 0.036690 0.191130 0.6300 0.6600 0.7100
v -0.104000 0.037425 0.190615 0.6300 0.6600 0.7100
v -0.104000 0.038239 0.190236 0.6300 0.6600 0.7100
v -0.104000 0.039106 0.190003 0.6300 0.6600 0.7100
v -0.104000 0.040894 0.190003 0.6300 0.6600 0.7100
v -0.104000 0.041761 0.190236 0.6300 0.6600 0.7100
v -0.104000 0.042575 0.190615 0.6300 0.6600 0.7100
v -0.104000 0.043310 0.191130 0.6300 0.6600 0.7100
v -0.104000 0.043945 0.191765 0.6300 0.6600 0.7100
v -0.104000 0.044460 0.192500 0.6300 0.6600 0.7100
v -0.104000 0.044839 0.193314 0.6300 0.6600 0.7100
v -0.104000 0.045072 0.194181 0.6300 0.6600 0.7100
v -0.104000 0.045150 0.195075 0.6300 0.6600 0.7100
v -0.104000 0.045072 0.195969 0.6300 0.6600 0.7100
v -0.104000 0.044839 0.196836 0.6300 0.6600 0.7100
v -0.104000 0.044460 0.197650 0.6300 0.6600 0.7100
v -0.104000 0.043945 0.198385 0.6300 0.6600 0.7100
v -0.104000 0.043310 0.199020 0.6300 0.6600 0.7100
v -0.104000 0.042575 0.199535 0.6300 0.6600 0.7100
v -0.104000 0.041761 0.199914 0.6300 0.6600 0.7100
v -0.104000 0.040894 0.200147 0.6300 0.6600 0.7100
v -0.127150 0.040000 0.189925 0.6300 0.6600 0.7100
v -0.127150 0.040894 0.190003 0.6300 0.6600 0.7100
v -0.127150 0.041761 0.190236 0.6300 0.6600 0.7100
v -0.127150 0.042575 0.190615 0.6300 0.6600 0.7100
v -0.127150 0.043310 0.191130 0.6300 0.6600 0.7100
v -0.127150 0.043945 0.191765 0.6300 0.6600 0.7100
v -0.127150 0.044460 0.192500 0.6300 0.6600 0.7100
v -0.127150 0.044839 0.193314 0.6300 0.6600 0.7100
v -0.127150 0.045072 0.194181 0.6300 0.6600 0.7100
v -0.127150 0.045150 0.195075 0.6300 0.6600 0.7100
v -0.127150 0.045072 0.195969 0.6300 0.6600 0.7100
v -0.127150 0.044839 0.196836 0.6300 0.6600 0.7100
v -0.127150 0.044460 0.197650 0.6300 0.6600 0.7100
v -0.127150 0.043945 0.198385 0.6300 0.6600 0.7100
v -0.127150 0.043310 0.199020 0.6300 0.6600 0.7100
v -0.127150 0.042575 0.199535 0.6300 0.6600 0.7100
v -0.127150 0.041761 0.199914 0.6300 0.6600 0.7100
v -0.127150 0.040894 0.200147 0.6300 0.6600 0.7100
v -0.127150 0.040000 0.200225 0.6300 0.6600 0.7100
v -0.127150 0.039106 0.200147 0.6300 0.6600 0.7100
v -0.127150 0.038239 0.199914 0.6300 0.6600 0.7100
v -0.127150 0.037425 0.199535 0.6300 0.6600 0.7100
v -0.127150 0.036690 0.199020 0.6300 0.6600 0.7100
v -0.127150 0.036055 0.198385 0.6300 0.6600 0.7100
v -0.127150 0.035540 0.197650 0.6300 0.6600 0.7100
v -0.127150 0.035161 0.196836 0.6300 0.6600 0.7100
v -0.127150 0.034928 0.195969 0.6300 0.6600 0.7100
v -0.127150 0.034850 0.195075 0.6300 0.6600 0.7100
v -0.127150 0.034928 0.194181 0.6300 0.6600 0.7100
v -0.127150 0.035161 0.193314 0.6300 0.6600 0.7100
v -0.127150 0.035540 0.192500 0.6300 0.6600 0.7100
v -0.127150 0.036055 0.191765 0.6300 0.6600 0.7100
v -0.127150 0.036690 0.191130 0.6300 0.6600 0.7100
v -0.127150 0.037425 0.190615 0.6300 0.6600 0.7100
v -0.127150 0.038239 0.190236 0.6300 0.6600 0.7100
v -0.127150 0.039106 0.190003 0.6300 0.6600 0.7100
v -0.127150 0.040000 0.189925 0.6300 0.6600 0.7100
v -0.128000 0.040000 0.189075 0.6300 0.6600 0.7100
v -0.128000 0.040000 0.189075 0.6300 0.6600 0.7100
v -0.128000 0.038958 0.189166 0.6300 0.6600 0.7100
v -0.128000 0.037948 0.189437 0.6300 0.6600 0.7100
v -0.128000 0.037000 0.189879 0.6300 0.6600 0.7100
v -0.128000 0.036143 0.190479 0.6300 0.6600 0.7100
v -0.128000 0.035404 0.191218 0.6300 0.6600 0.7100
v -0.128000 0.034804 0.192075 0.6300 0.6600 0.7100
v -0.128000 0.034362 0.193023 0.6300 0.6600 0.7100
v -0.128000 0.034091 0.194033 0.6300 0.6600 0.7100
v -0.128000 0.034000 0.195075 0.6300 0.6600 0.7100
v -0.128000 0.034091 0.196117 0.6300 0.6600 0.7100
v -0.128000 0.034362 0.197127 0.6300 0.6600 0.7100
v -0.128000 0.034804 0.198075 0.6300 0.6600 0.7100
v -0.128000 0.035404 0.198932 0.6300 0.6600 0.7100
v -0.128000 0.036143 0.199671 0.6300 0.6600 0.7100
v -0.128000 0.037000 0.200271 0.6300 0.6600 0.7100
v -0.128000 0.037948 0.200713 0.6300 0.6600 0.7100
v -0.128000 0.038958 0.200984 0.6300 0.6600 0.7100
v -0.128000 0.040000 0.201075 0.6300 0.6600 0.7100
v -0.128000 0.041042 0.200984 0.6300 0.6600 0.7100
v -0.128000 0.042052 0.200713 0.6300 0.6600 0.7100
v -0.128000 0.043000 0.200271 0.6300 0.6600 0.7100
v -0.128000 0.043857 0.199671 0.6300 0.6600 0.7100
v -0.128000 0.044596 0.198932 0.6300 0.6600 0.7100
v -0.128000 0.045196 0.198075 0.6300 0.6600 0.7100
v -0.128000 0.045638 0.197127 0.6300 0.6600 0.7100
v -0.128000 0.045909 0.196117 0.6300 0.6600 0.7100
v -0.128000 0.046000 0.195075 0.6300 0.6600 0.7100
v -0.128000 0.045909 0.194033 0.6300 0.6600 0.7100
v -0.128000 0.045638 0.193023 0.6300 0.6600 0.7100
v -0.128000 0.045196 0.192075 0.6300 0.6600 0.7100
v -0.128000 0.044596 0.191218 0.6300 0.6600 0.7100
v -0.128000 0.043857 0.190479 0.6300 0.6600 0.7100
v -0.128000 0.043000 0.189879 0.6300 0.6600 0.7100
v -0.128000 0.042052 0.189437 0.6300 0.6600 0.7100
v -0.128000 0.041042 0.189166 0.6300 0.6600 0.7100
vn 0.9293 -0.3694 0.0000
vn 0.8426 -0.5361 -0.0509
vn 0.7562 -0.6461 -0.1032
vn 0.6514 -0.7406 -0.1647
vn 0.5385 -0.8126 -0.2230
vn 0.4299 -0.8615 -0.2703
vn 0.3358 -0.8917 -0.3036
vn 0.2075 -0.9187 -0.3359
vn 0.1050 -0.9305 -0.3510
vn 0.0006 -0.9344 -0.3562
vn 0.0006 -0.8827 -0.4700
vn 0.0167 -0.8822 -0.4706
vn 0.0327 -0.8808 -0.4723
vn 0.0485 -0.8786 -0.4751
vn 0.0635 -0.8756 -0.4788
vn 0.0772 -0.8719 -0.4835
vn 0.0896 -0.8676 -0.4892
vn 0.1007 -0.8626 -0.4957
vn 0.1103 -0.8572 -0.5031
vn 0.1208 -0.8492 -0.5141
vn 0.1296 -0.8393 -0.5280
vn 0.1352 -0.8286 -0.5433
vn 0.1376 -0.8171 -0.5598
vn 0.1372 -0.8049 -0.5773
vn 0.1341 -0.7920 -0.5957
vn 0.1285 -0.7780 -0.6149
vn 0.1207 -0.7635 -0.6345
vn 0.1110 -0.7486 -0.6537
vn 0.0997 -0.7335 -0.6723
vn 0.0868 -0.7184 -0.6902
vn 0.0767 -0.7076 -0.7024
vn 0.0661 -0.6972 -0.7138
vn 0.0558 -0.6888 -0.7228
vn 0.0450 -0.6819 -0.7301
vn 0.0337 -0.6764 -0.7358
vn 0.0224 -0.6725 -0.7398
vn 0.0113 -0.6701 -0.7422
vn 0.0004 -0.6693 -0.7430
vn 0.0003 -0.5820 -0.8132
vn 0.0002 -0.4896 -0.8720
vn -0.0000 -0.4117 -0.9113
vn 0.0017 -0.4115 -0.9114
vn 0.0034 -0.4108 -0.9117
vn 0.0057 -0.4092 -0.9124
vn 0.0077 -0.4073 -0.9133
vn 0.0099 -0.4049 -0.9143
vn 0.0128 -0.4024 -0.9154
vn 0.0146 -0.4026 -0.9153
vn 0.0162 -0.4060 -0.9137
vn 0.0191 -0.4369 -0.8993
vn 0.0226 -0.5013 -0.8650
vn 0.0257 -0.5674 -0.8230
vn 0.0301 -0.6686 -0.7431
vn 0.0376 -0.8410 -0.5398
vn 0.0444 -0.9990 -0.0057
vn 0.0444 -0.9990 0.0000
vn 0.2115 -0.9774 0.0000
vn 0.3054 -0.9522 0.0000
vn 0.3966 -0.9180 0.0000
vn 0.5091 -0.8607 0.0000
vn 0.5904 -0.8071 0.0000
vn 0.6729 -0.7397 0.0000
vn 0.7480 -0.6637 -0.0000
vn 0.8088 -0.5880 0.0000
vn 0.8726 -0.4884 -0.0000
vn 0.9071 -0.4209 0.0000
vn 0.9365 -0.3507 -0.0000
vn 0.9337 -0.3479 -0.0851
vn 0.9307 -0.3432 -0.1261
vn 0.9296 -0.3376 -0.1476
vn 0.9302 -0.3317 -0.1570
vn 0.9317 -0.3254 -0.1613
vn 0.9340 -0.3190 -0.1613
vn 0.9367 -0.3125 -0.1579
vn 0.9395 -0.3061 -0.1536
vn 0.9423 -0.2998 -0.1490
vn 0.9450 -0.2937 -0.1442
vn 0.9475 -0.2878 -0.1394
vn 0.9498 -0.2823 -0.1348
vn 0.9519 -0.2772 -0.1305
vn 0.9538 -0.2726 -0.1266
vn 0.9554 -0.2686 -0.1231
vn 0.9567 -0.2652 -0.1201
vn 0.9578 -0.2624 -0.1175
vn 0.9586 -0.2602 -0.1154
vn 0.9592 -0.2588 -0.1136
vn 0.9596 -0.2581 -0.1118
vn 0.9600 -0.2581 -0.1085
vn 0.9604 -0.2589 -0.1032
vn 0.9608 -0.2603 -0.0956
vn 0.9616 -0.2622 -0.0808
vn 0.9628 -0.2645 -0.0545
vn 0.9640 -0.2661 -0.0015
vn 0.9640 -0.2661 -0.0001
vn 0.9888 -0.1496 -0.0002
vn 0.9972 -0.0753 -0.0001
vn 1.0000 0.0000 0.0000
vn 0.9994 0.0334 0.0006
vn 0.9996 0.0105 0.0269
vn 0.9995 0.0031 0.0322
vn 0.9995 -0.0075 0.0308
vn 0.9995 -0.0138 0.0280
vn 0.9995 -0.0207 0.0237
vn 0.9995 -0.0272 0.0186
vn 0.9993 -0.0346 0.0112
vn 0.9992 -0.0394 0.0052
vn 0.9991 -0.0430 -0.0008
vn 0.9989 -0.0457 -0.0070
vn 0.9988 -0.0475 -0.0148
vn 0.9986 -0.0473 -0.0238
vn 0.9983 -0.0459 -0.0351
vn 0.9992 -0.0206 -0.0352
vn 0.9994 0.0334 0.0048
vn 0.9994 0.0334 0.0082
vn 0.9994 0.0335 0.0105
vn 0.9994 0.0337 0.0113
vn 0.9993 0.0345 0.0110
vn 0.0004 0.0354 0.9994
vn 0.1658 0.0353 0.9855
vn 0.3268 0.0352 0.9444
vn 0.4780 0.0350 0.8776
vn 0.6167 0.0347 0.7864
vn 0.7378 0.0344 0.6741
vn 0.8393 0.0341 0.5426
vn 0.9171 0.0337 0.3972
vn 0.9703 0.0337 0.2395
vn 0.9914 0.0339 0.1268
vn 0.0004 0.0790 0.9969
vn 0.0004 0.0795 0.9968
vn 0.0004 0.0508 0.9987
vn 0.0758 0.0499 0.9959
vn 0.1489 0.0473 0.9877
vn 0.2203 0.0431 0.9745
vn 0.2925 0.0370 0.9556
vn 0.3621 0.0293 0.9317
vn 0.4297 0.0199 0.9028
vn 0.4959 0.0087 0.8684
vn 0.5592 -0.0043 0.8290
vn 0.6196 -0.0193 0.7847
vn 0.6769 -0.0358 0.7352
vn 0.7291 -0.0527 0.6824
vn 0.7754 -0.0692 0.6277
vn 0.8158 -0.0847 0.5721
vn 0.8502 -0.0983 0.5171
vn 0.8789 -0.1103 0.4641
vn 0.9021 -0.1220 0.4138
vn 0.9210 -0.1357 0.3652
vn 0.9360 -0.1537 0.3166
vn 0.9474 -0.1775 0.2664
vn 0.9547 -0.2064 0.2145
vn 0.9574 -0.2384 0.1628
vn 0.9559 -0.2704 0.1146
vn 0.9425 -0.3325 0.0340
vn 0.9234 -0.3837 -0.0096
vn 0.9025 -0.4300 -0.0260
vn 0.8807 -0.4729 -0.0265
vn 0.9917 -0.1252 -0.0305
vn 0.9926 -0.1177 -0.0304
vn 0.9934 -0.1106 -0.0303
vn 0.9941 -0.1039 -0.0303
vn 0.9947 -0.0979 -0.0304
vn 0.9952 -0.0926 -0.0305
vn 0.9956 -0.0883 -0.0306
vn 0.9959 -0.0856 -0.0306
vn 0.9960 -0.0838 -0.0307
vn 0.9961 -0.0826 -0.0308
vn 0.9961 -0.0821 -0.0309
vn 0.9961 -0.0825 -0.0310
vn 0.9960 -0.0837 -0.0311
vn 0.9958 -0.0858 -0.0313
vn 0.9956 -0.0886 -0.0315
vn 0.9952 -0.0922 -0.0317
vn 0.9948 -0.0966 -0.0321
vn 0.9943 -0.1017 -0.0326
vn 0.9937 -0.1074 -0.0332
vn 0.9929 -0.1136 -0.0340
vn 0.9921 -0.1202 -0.0349
vn 0.9913 -0.1270 -0.0359
vn 0.9903 -0.1339 -0.0370
vn 0.9893 -0.1407 -0.0382
vn 0.9883 -0.1474 -0.0393
vn 0.9873 -0.1537 -0.0404
vn 0.9863 -0.1595 -0.0413
vn 0.9854 -0.1648 -0.0421
vn 0.9846 -0.1695 -0.0426
vn 0.9839 -0.1734 -0.0430
vn 0.9834 -0.1765 -0.0430
vn 0.9830 -0.1787 -0.0429
vn 0.9827 -0.1802 -0.0425
vn 0.9826 -0.1807 -0.0418
vn 0.9827 -0.1804 -0.0410
vn 0.9830 -0.1793 -0.0401
vn 0.9834 -0.1774 -0.0390
vn 0.9839 -0.1747 -0.0379
vn 0.9845 -0.1714 -0.0368
vn 0.9852 -0.1675 -0.0357
vn 0.9860 -0.1632 -0.0346
vn 0.9868 -0.1584 -0.0337
vn 0.9876 -0.1532 -0.0329
vn 0.9885 -0.1478 -0.0322
vn 0.9893 -0.1422 -0.0316
vn 0.9902 -0.1365 -0.0311
vn 0.9909 -0.1308 -0.0308
vn 0.7089 0.0357 0.7044
vn 0.5548 0.0410 0.8310
vn 0.5587 0.0430 0.8282
vn 0.7138 0.0304 0.6997
vn 0.3783 0.0456 0.9246
vn 0.7297 0.0369 0.6827
vn 0.3806 0.0530 0.9232
vn 0.1873 0.0490 0.9811
vn 0.5741 0.0537 0.8170
vn 0.0891 0.0502 0.9948
vn 0.1881 0.0599 0.9803
vn 0.0895 0.0620 0.9941
vn 0.3924 0.0675 0.9173
vn 0.7790 -0.0171 0.6267
vn 0.1945 0.0765 0.9779
vn 0.6274 0.0002 0.7787
vn 0.0928 0.0787 0.9926
vn 0.0416 0.0791 0.9960
vn 0.8816 -0.4709 -0.0318
vn 0.8791 -0.4748 -0.0419
vn 0.8497 -0.5078 -0.1418
vn 0.7303 -0.6579 -0.1840
vn 0.5511 -0.8052 -0.2192
vn 0.6724 -0.6563 -0.3422
vn 0.8081 -0.5294 -0.2582
vn 0.5802 -0.5108 -0.6344
vn 0.6863 -0.5269 -0.5013
vn 0.4903 -0.7695 -0.4092
vn 0.6051 -0.6026 -0.5203
vn 0.5090 -0.5736 -0.6418
vn 0.6638 -0.6678 -0.3367
vn 0.2593 -0.8566 -0.4460
vn 0.3329 -0.5976 -0.7294
vn 0.4946 -0.7474 -0.4435
vn 0.1265 -0.8846 -0.4489
vn 0.0570 -0.8933 -0.4459
vn 0.1640 -0.6194 -0.7678
vn 0.0787 -0.6333 -0.7699
vn 0.1006 -0.4365 -0.8941
vn 0.2213 -0.4566 -0.8617
vn 0.0354 -0.6412 -0.7665
vn 0.0472 -0.4362 -0.8986
vn 0.0210 -0.4386 -0.8984
vn 0.0503 -0.5528 -0.8318
vn 0.0705 -0.7852 -0.6152
vn 0.1509 -0.7907 -0.5932
vn 0.1100 -0.5686 -0.8153
vn 0.9485 0.0066 0.3166
vn 0.8784 0.0117 0.4778
vn 0.9380 0.0012 0.3467
vn 0.9764 -0.0233 0.2147
vn 0.9793 -0.0382 0.1989
vn 0.9468 -0.0211 0.3211
vn 0.8948 -0.0015 0.4464
vn 0.9813 -0.0489 0.1862
vn 0.9519 -0.0355 0.3044
vn 0.9560 -0.0478 0.2893
vn 0.9582 -0.0541 0.2809
vn 0.9876 -0.0720 0.1393
vn 0.9899 -0.0771 0.1193
vn 0.9918 -0.0802 0.0998
vn 0.9734 -0.0837 0.2132
vn 0.9933 -0.0809 0.0823
vn 0.9785 -0.0887 0.1863
vn 0.9752 -0.0874 0.2035
vn 0.9366 -0.0726 0.3428
vn 0.9800 -0.0910 0.1770
vn 0.9825 -0.0914 0.1623
vn 0.9842 -0.0927 0.1509
vn 0.9860 -0.0925 0.1384
vn 0.9872 -0.0937 0.1288
vn 0.9582 -0.0961 0.2696
vn 0.9886 -0.0941 0.1177
vn 0.9662 -0.1000 0.2374
vn 0.9896 -0.0972 0.1062
vn 0.9905 -0.0995 0.0954
vn 0.9730 -0.1034 0.2062
vn 0.9911 -0.1061 0.0802
vn 0.9914 -0.1106 0.0694
vn 0.9781 -0.1089 0.1771
vn 0.9913 -0.1228 0.0473
vn 0.9820 -0.1198 0.1458
vn 0.9910 -0.1287 0.0375
vn 0.9843 -0.1373 0.1105
vn 0.9932 -0.1160 -0.0114
vn 0.9897 -0.1425 0.0148
vn 0.9844 -0.1619 0.0692
vn 0.9879 -0.1554 0.0020
vn 0.9806 -0.1950 0.0220
vn 0.9863 -0.1644 -0.0111
vn 0.9722 -0.2325 -0.0271
vn 0.9706 -0.2393 -0.0257
vn 0.9698 -0.2424 -0.0254
vn 0.9642 -0.2633 -0.0313
vn 0.9623 -0.2702 -0.0319
vn 0.9633 -0.2667 -0.0316
vn 0.9429 -0.3314 -0.0327
vn 0.9569 -0.2882 -0.0367
vn 0.9550 -0.2938 -0.0403
vn 0.9558 -0.2917 -0.0373
vn 0.9539 -0.2973 -0.0411
vn 0.9528 -0.3005 -0.0420
vn 0.9365 -0.3485 -0.0396
vn 0.9519 -0.3035 -0.0429
vn 0.9509 -0.3063 -0.0439
vn 0.9501 -0.3087 -0.0449
vn 0.9494 -0.3107 -0.0460
vn 0.9488 -0.3123 -0.0470
vn 0.9411 -0.3295 -0.0754
vn 0.9405 -0.3310 -0.0770
vn 0.9400 -0.3320 -0.0786
vn 0.9585 -0.2745 -0.0772
vn 0.9566 -0.2809 -0.0780
vn 0.9574 -0.2780 -0.0777
vn 0.9405 -0.3293 -0.0836
vn 0.9397 -0.3325 -0.0800
vn 0.9396 -0.3324 -0.0813
vn 0.9397 -0.3319 -0.0823
vn 0.9400 -0.3308 -0.0831
vn 0.9363 -0.3348 -0.1062
vn 0.9336 -0.3421 -0.1066
vn 0.9343 -0.3401 -0.1069
vn 0.9352 -0.3377 -0.1067
vn 0.9107 -0.3951 -0.1208
vn 0.9409 -0.3140 -0.1272
vn 0.4798 -0.5340 -0.6961
vn 0.3798 -0.4919 -0.7834
vn 0.3808 -0.5181 -0.7659
vn 0.5160 -0.7401 -0.4313
vn 0.4161 -0.6219 -0.6635
vn 0.3359 -0.5073 -0.7936
vn 0.4729 -0.7542 -0.4556
vn 0.2544 -0.4829 -0.8379
vn 0.2087 -0.4672 -0.8592
vn 0.3293 -0.7839 -0.5264
vn 0.2479 -0.6016 -0.7594
vn 0.3196 -0.7850 -0.5306
vn 0.1766 -0.4558 -0.8724
vn 0.2867 -0.7882 -0.5445
vn 0.1188 -0.4355 -0.8923
vn 0.0933 -0.4272 -0.8993
vn 0.1613 -0.7911 -0.5900
vn 0.5484 -0.6142 -0.5674
vn 0.4969 -0.6201 -0.6070
vn 0.4499 -0.6222 -0.6407
vn 0.3826 -0.6202 -0.6849
vn 0.3391 -0.6161 -0.7110
vn 0.2861 -0.6086 -0.7401
vn 0.2055 -0.5925 -0.7789
vn 0.1705 -0.5842 -0.7935
vn 0.1377 -0.5758 -0.8059
vn 0.4566 -0.7589 -0.4644
vn 0.4346 -0.7646 -0.4759
vn 0.3785 -0.7764 -0.5038
vn 0.3506 -0.7810 -0.5169
vn 0.2623 -0.7899 -0.5544
vn 0.2411 -0.7909 -0.5625
vn 0.1998 -0.7917 -0.5774
vn 0.1793 -0.7915 -0.5843
vn 0.9994 0.0344 -0.0106
vn 0.9994 0.0337 -0.0103
vn 0.9994 0.0336 -0.0094
vn 0.9994 0.0334 -0.0071
vn 0.9994 0.0333 -0.0036
vn 0.9994 0.0332 0.0006
vn 0.9996 0.0105 0.0269
vn 0.9995 0.0031 0.0322
vn 0.9995 -0.0075 0.0308
vn 0.9995 -0.0139 0.0280
vn 0.9995 -0.0206 0.0238
vn 0.9995 -0.0273 0.0185
vn 0.9993 -0.0345 0.0113
vn 0.9992 -0.0394 0.0052
vn 0.9991 -0.0430 -0.0008
vn 0.9989 -0.0457 -0.0070
vn 0.9988 -0.0475 -0.0147
vn 0.9986 -0.0474 -0.0238
vn 0.9983 -0.0459 -0.0351
vn 0.9992 -0.0207 -0.0354
vn 1.0000 0.0000 0.0000
vn 0.9888 0.1491 -0.0000
vn 0.9555 0.2949 -0.0000
vn 0.9009 0.4341 -0.0000
vn 0.8261 0.5636 0.0000
vn 0.7329 0.6804 -0.0000
vn 0.6232 0.7821 0.0000
vn 0.6231 0.7820 -0.0140
vn 0.6227 0.7823 -0.0191
vn 0.6217 0.7830 -0.0207
vn 0.6201 0.7842 -0.0214
vn 0.6180 0.7859 -0.0221
vn 0.6154 0.7878 -0.0228
vn 0.6124 0.7902 -0.0237
vn 0.6089 0.7928 -0.0246
vn 0.6051 0.7958 -0.0254
vn 0.6009 0.7989 -0.0261
vn 0.5965 0.8022 -0.0267
vn 0.5919 0.8055 -0.0271
vn 0.5872 0.8090 -0.0273
vn 0.5825 0.8124 -0.0272
vn 0.5778 0.8157 -0.0268
vn 0.5733 0.8189 -0.0262
vn 0.5690 0.8219 -0.0254
vn 0.5651 0.8247 -0.0245
vn 0.5615 0.8272 -0.0234
vn 0.5584 0.8293 -0.0222
vn 0.5557 0.8311 -0.0211
vn 0.5537 0.8325 -0.0201
vn 0.5522 0.8335 -0.0190
vn 0.5513 0.8341 -0.0175
vn 0.5511 0.8343 -0.0130
vn 0.5512 0.8343 0.0000
vn 0.3975 0.9176 0.0000
vn 0.3064 0.9519 0.0001
vn 0.2125 0.9772 0.0000
vn 0.1153 0.9933 0.0001
vn 0.0578 0.9983 0.0001
vn 0.0000 1.0000 0.0000
vn 0.0000 0.9950 -0.0999
vn -0.0000 0.9728 -0.2316
vn -0.0000 0.9398 -0.3416
vn -0.0000 0.9022 -0.4312
vn 0.0000 0.8668 -0.4986
vn 0.0000 0.8113 -0.5846
vn 0.9836 0.0402 -0.1759
vn 0.9405 0.0561 -0.3352
vn 0.8713 0.0866 -0.4831
vn 0.7764 0.1377 -0.6150
vn 0.6590 0.2131 -0.7213
vn 0.5201 0.3191 -0.7923
vn 0.3651 0.4790 -0.7983
vn 0.2040 0.6730 -0.7109
vn 0.0972 0.7770 -0.6220
vn 0.9540 0.2893 -0.0786
vn 0.9592 0.2730 -0.0739
vn 0.9644 0.2551 -0.0696
vn 0.9695 0.2362 -0.0659
vn 0.9742 0.2170 -0.0625
vn 0.9784 0.1980 -0.0597
vn 0.9820 0.1797 -0.0574
vn 0.9851 0.1629 -0.0555
vn 0.9875 0.1481 -0.0542
vn 0.9893 0.1356 -0.0535
vn 0.9905 0.1265 -0.0534
vn 0.9913 0.1205 -0.0537
vn 0.9917 0.1164 -0.0545
vn 0.9919 0.1145 -0.0557
vn 0.9918 0.1144 -0.0575
vn 0.9914 0.1162 -0.0599
vn 0.9908 0.1201 -0.0625
vn 0.9899 0.1258 -0.0651
vn 0.9888 0.1332 -0.0679
vn 0.9873 0.1422 -0.0708
vn 0.9855 0.1526 -0.0738
vn 0.9834 0.1641 -0.0769
vn 0.9810 0.1769 -0.0798
vn 0.9782 0.1903 -0.0830
vn 0.9751 0.2040 -0.0864
vn 0.9718 0.2180 -0.0900
vn 0.9682 0.2320 -0.0936
vn 0.9644 0.2460 -0.0971
vn 0.9605 0.2596 -0.1003
vn 0.9566 0.2725 -0.1032
vn 0.9531 0.2836 -0.1054
vn 0.9498 0.2938 -0.1072
vn 0.9470 0.3023 -0.1084
vn 0.9447 0.3092 -0.1090
vn 0.9430 0.3146 -0.1088
vn 0.9417 0.3186 -0.1077
vn 0.9411 0.3212 -0.1059
vn 0.9409 0.3226 -0.1036
vn 0.9413 0.3225 -0.0998
vn 0.9427 0.3198 -0.0947
vn 0.9446 0.3156 -0.0905
vn 0.9471 0.3092 -0.0865
vn 0.9501 0.3007 -0.0826
vn 0.9520 0.2953 -0.0806
vn 0.3664 0.5102 -0.7781
vn 0.3830 0.5640 -0.7315
vn 0.4274 0.6788 -0.5971
vn 0.4327 0.8056 -0.4048
vn 0.7230 0.1628 -0.6714
vn 0.7388 0.1671 -0.6529
vn 0.4185 0.8712 -0.2565
vn 0.7771 0.2727 -0.5672
vn 0.4053 0.8973 -0.1748
vn 0.9258 0.0693 -0.3717
vn 0.7931 0.4655 -0.3928
vn 0.9312 0.0389 -0.3625
vn 0.9363 0.0426 -0.3486
vn 0.3961 0.9110 -0.1148
vn 0.7777 0.5797 -0.2432
vn 0.9949 0.0361 -0.0942
vn 0.9957 0.0101 -0.0918
vn 0.9992 0.0329 -0.0228
vn 0.7561 0.6312 -0.1728
vn 0.3861 0.9220 -0.0289
vn 0.9964 0.0106 -0.0842
vn 0.9997 0.0068 -0.0224
vn 0.3836 0.9234 -0.0129
vn 0.9998 0.0060 -0.0167
vn 0.7369 0.6648 -0.1225
vn 0.9983 0.0278 -0.0511
vn 0.9636 0.2352 -0.1274
vn 0.9999 0.0139 0.0086
vn 0.9993 0.0225 -0.0300
vn 0.7134 0.6999 -0.0340
vn 0.9999 -0.0103 0.0103
vn 0.7086 0.7052 -0.0228
vn 0.9991 0.0172 -0.0375
vn 0.9425 0.3252 -0.0767
vn 0.9994 -0.0313 -0.0178
vn 0.9981 0.0331 -0.0526
vn 0.9271 0.3743 -0.0217
vn 0.9971 0.0637 -0.0423
vn 0.9993 -0.0003 -0.0369
vn 0.9954 0.0950 -0.0114
vn 0.9994 0.0242 -0.0234
vn 0.8947 0.2375 -0.3782
vn 0.9523 0.0995 -0.2884
vn 0.9644 0.1785 -0.1952
vn 0.9003 0.3637 -0.2392
vn 0.9870 0.0788 -0.1403
vn 0.9797 0.1463 -0.1373
vn 0.9961 0.0587 -0.0654
vn 0.9807 0.1697 -0.0967
vn 0.9907 0.1136 -0.0749
vn 1.0000 0.0000 0.0000
vn 0.9888 0.1491 0.0000
vn 0.9555 0.2949 0.0000
vn 0.9009 0.4341 0.0000
vn 0.8261 0.5636 0.0000
vn 0.7328 0.6804 0.0000
vn 0.6232 0.7821 0.0000
vn 0.9639 -0.2664 0.0000
vn 0.9888 -0.1493 0.0000
vn 0.9972 -0.0748 0.0000
vn 0.9639 -0.2664 0.0000
vn 0.9640 -0.2661 0.0000
vn 0.9999 -0.0111 0.0000
vn 0.9921 -0.1255 0.0000
vn 0.9805 -0.1963 0.0000
vn 0.9999 -0.0111 0.0000
vn 0.9999 -0.0102 0.0000
vn 1.0000 -0.0076 0.0000
vn 1.0000 -0.0040 0.0000
vn 1.0000 -0.0005 0.0000
vn 1.0000 0.0025 0.0000
vn 1.0000 0.0069 0.0000
vn 0.9999 0.0100 0.0000
vn 0.9999 0.0111 0.0000
vn 0.9999 0.0111 0.0000
vn 0.6232 0.7821 0.0000
vn 0.7316 0.6818 0.0000
vn 0.8240 0.5666 0.0000
vn 0.8985 0.4391 0.0000
vn 0.9533 0.3020 0.0000
vn 0.9874 0.1583 0.0000
vn 0.9964 0.0849 0.0000
vn 0.0000 1.0000 0.0000
vn 0.0000 1.0000 0.0000
vn 0.0000 1.0000 0.0000
vn 0.0000 1.0000 0.0000
vn 0.0000 1.0000 0.0000
vn 0.0000 1.0000 0.0000
vn 0.0000 1.0000 0.0000
vn 0.0000 1.0000 0.0000
vn 0.0000 1.0000 0.0000
vn 0.0000 1.0000 0.0000
vn 0.0000 1.0000 0.0000
vn 0.0000 1.0000 0.0000
vn 0.0000 1.0000 0.0000
vn 0.0000 1.0000 0.0000
vn 0.0000 1.0000 0.0000
vn 0.0000 1.0000 0.0000
vn 0.0000 1.0000 0.0000
vn 0.0000 1.0000 0.0000
vn 0.0000 1.0000 0.0000
vn 0.0000 1.0000 0.0000
vn 0.0000 1.0000 0.0000
vn 0.0000 1.0000 0.0000
vn 0.0000 1.0000 0.0000
vn 0.0000 1.0000 0.0000
vn 0.0000 1.0000 0.0000
vn 0.0000 1.0000 0.0000
vn 0.0000 1.0000 0.0000
vn 0.0000 1.0000 0.0000
vn 0.0000 1.0000 0.0000
vn 0.0000 1.0000 0.0000
vn 0.0000 1.0000 0.0000
vn 0.0000 1.0000 0.0000
vn 0.0000 1.0000 0.0000
vn 0.0000 1.0000 0.0000
vn 0.0000 1.0000 0.0000
vn 0.0000 1.0000 0.0000
vn 0.0000 1.0000 0.0000
vn 0.0000 1.0000 0.0000
vn 0.0000 1.0000 0.0000
vn 0.0000 1.0000 0.0000
vn 0.0000 1.0000 0.0000
vn 0.0000 1.0000 0.0000
vn 0.0000 1.0000 0.0000
vn 0.0000 1.0000 0.0000
vn 0.0000 1.0000 0.0000
vn 0.0000 1.0000 0.0000
vn 0.0000 1.0000 0.0000
vn 0.0000 1.0000 0.0000
vn 0.0000 1.0000 0.0000
vn 0.0000 1.0000 0.0000
vn 0.0000 1.0000 0.0000
vn 0.0000 1.0000 0.0000
vn 0.0000 1.0000 0.0000
vn 0.0000 1.0000 0.0000
vn 0.0000 1.0000 0.0000
vn 0.0000 1.0000 0.0000
vn 0.0000 1.0000 0.0000
vn 0.0000 1.0000 0.0000
vn 0.0000 1.0000 0.0000
vn 0.0000 1.0000 0.0000
vn 0.0000 1.0000 0.0000
vn 0.0000 1.0000 0.0000
vn 0.0000 1.0000 0.0000
vn 0.0000 1.0000 0.0000
vn 0.0000 1.0000 0.0000
vn 0.0000 1.0000 0.0000
vn 0.0000 1.0000 0.0000
vn 0.0000 1.0000 0.0000
vn 0.0000 1.0000 0.0000
vn 0.0000 1.0000 0.0000
vn 0.0000 1.0000 0.0000
vn 0.0000 1.0000 0.0000
vn 0.0000 1.0000 0.0000
vn 0.0000 1.0000 0.0000
vn 0.0000 1.0000 0.0000
vn 0.0000 1.0000 0.0000
vn 0.0000 1.0000 0.0000
vn 0.0000 1.0000 0.0000
vn 0.0000 1.0000 0.0000
vn 0.0000 1.0000 0.0000
vn 0.0000 1.0000 0.0000
vn -0.9999 0.0000 -0.0111
vn -0.9829 0.0000 -0.1840
vn -0.9363 0.0000 -0.3513
vn -0.8614 0.0000 -0.5080
vn -0.7605 0.0000 -0.6494
vn -0.6366 0.0000 -0.7712
vn -0.4936 0.0000 -0.8697
vn -0.3356 0.0000 -0.9420
vn -0.1676 0.0000 -0.9859
vn 0.0056 0.0000 -1.0000
vn 0.1785 0.0000 -0.9839
vn 0.3461 0.0000 -0.9382
vn 0.5032 0.0000 -0.8642
vn 0.6451 0.0000 -0.7641
vn 0.7676 0.0000 -0.6409
vn 0.8669 0.0000 -0.4984
vn 0.9401 0.0000 -0.3409
vn 0.9849 0.0000 -0.1730
vn 1.0000 0.0000 0.0000
vn 0.9849 0.0000 0.1730
vn 0.9401 0.0000 0.3409
vn 0.8669 0.0000 0.4984
vn 0.7676 0.0000 0.6409
vn 0.6451 0.0000 0.7641
vn 0.5032 0.0000 0.8642
vn 0.3461 0.0000 0.9382
vn 0.1785 0.0000 0.9839
vn 0.0056 0.0000 1.0000
vn -0.1676 0.0000 0.9859
vn -0.3356 0.0000 0.9420
vn -0.4936 0.0000 0.8697
vn -0.6366 0.0000 0.7712
vn -0.7605 0.0000 0.6494
vn -0.8614 0.0000 0.5080
vn -0.9363 0.0000 0.3513
vn -0.9829 0.0000 0.1840
vn -0.9999 0.0000 0.0111
vn -0.9999 0.0000 -0.0111
vn -0.9999 0.0000 0.0111
vn -0.9829 0.0000 0.1840
vn -0.9363 0.0000 0.3513
vn -0.8614 0.0000 0.5080
vn -0.7605 0.0000 0.6494
vn -0.6366 0.0000 0.7712
vn -0.4936 0.0000 0.8697
vn -0.3356 0.0000 0.9420
vn -0.1676 0.0000 0.9859
vn 0.0056 0.0000 1.0000
vn 0.1785 0.0000 0.9839
vn 0.3461 0.0000 0.9382
vn 0.5032 0.0000 0.8642
vn 0.6451 0.0000 0.7641
vn 0.7676 0.0000 0.6409
vn 0.8669 0.0000 0.4984
vn 0.9401 0.0000 0.3409
vn 0.9849 0.0000 0.1730
vn 1.0000 0.0000 -0.0000
vn 0.9849 0.0000 -0.1730
vn 0.9401 0.0000 -0.3409
vn 0.8669 0.0000 -0.4984
vn 0.7676 0.0000 -0.6409
vn 0.6451 0.0000 -0.7641
vn 0.5032 0.0000 -0.8642
vn 0.3461 0.0000 -0.9382
vn 0.1785 0.0000 -0.9839
vn 0.0056 0.0000 -1.0000
vn -0.1676 0.0000 -0.9859
vn -0.3356 0.0000 -0.9420
vn -0.4936 0.0000 -0.8697
vn -0.6366 0.0000 -0.7712
vn -0.7605 0.0000 -0.6494
vn -0.8614 0.0000 -0.5080
vn -0.9363 0.0000 -0.3513
vn -0.9829 0.0000 -0.1840
vn 0.0000 1.0000 0.0000
vn 0.0000 1.0000 0.0000
vn 0.0000 1.0000 0.0000
vn 0.0000 1.0000 0.0000
vn 0.0000 1.0000 0.0000
vn 0.0000 1.0000 0.0000
vn 0.0000 1.0000 0.0000
vn 0.0000 1.0000 0.0000
vn 0.0000 1.0000 0.0000
vn 0.0000 1.0000 0.0000
vn 0.0000 1.0000 0.0000
vn 0.0000 1.0000 0.0000
vn 0.0000 1.0000 0.0000
vn 0.0000 1.0000 0.0000
vn 0.0000 1.0000 0.0000
vn 0.0000 1.0000 0.0000
vn 0.0000 1.0000 0.0000
vn 0.0000 1.0000 0.0000
vn 0.0000 1.0000 0.0000
vn 0.0000 1.0000 0.0000
vn 0.0000 1.0000 0.0000
vn 0.0000 1.0000 0.0000
vn 0.0000 1.0000 0.0000
vn 0.0000 1.0000 0.0000
vn 0.0000 1.0000 0.0000
vn 0.0000 1.0000 0.0000
vn 0.0000 1.0000 0.0000
vn 0.0000 1.0000 0.0000
vn 0.0000 1.0000 0.0000
vn 0.0000 1.0000 0.0000
vn 0.0000 1.0000 0.0000
vn 0.0000 1.0000 0.0000
vn 0.0000 1.0000 0.0000
vn 0.0000 1.0000 0.0000
vn 0.0000 1.0000 0.0000
vn 0.0000 1.0000 0.0000
vn 0.0000 1.0000 0.0000
vn 0.0000 1.0000 0.0000
vn 0.0000 1.0000 0.0000
vn -0.0011 -0.6693 -0.7430
vn -0.0008 -0.5820 -0.8132
vn -0.0006 -0.4896 -0.8720
vn -0.0003 -0.4117 -0.9113
vn -0.0166 -0.6710 -0.7413
vn -0.0330 -0.6760 -0.7361
vn -0.0441 -0.6814 -0.7306
vn -0.0554 -0.6885 -0.7231
vn -0.0661 -0.6972 -0.7138
vn -0.0852 -0.7165 -0.6924
vn -0.1021 -0.7365 -0.6687
vn -0.1164 -0.7565 -0.6435
vn -0.1275 -0.7760 -0.6177
vn -0.1348 -0.7944 -0.5922
vn -0.1377 -0.8113 -0.5682
vn -0.1358 -0.8267 -0.5459
vn -0.1285 -0.8409 -0.5258
vn -0.1171 -0.8523 -0.5097
vn -0.1028 -0.8615 -0.4972
vn -0.0847 -0.8694 -0.4867
vn -0.0654 -0.8752 -0.4794
vn -0.0462 -0.8790 -0.4745
vn -0.0256 -0.8816 -0.4713
vn -0.0129 -0.8824 -0.4703
vn -0.0015 -0.8827 -0.4700
vn -0.0016 -0.9344 -0.3562
vn -0.1284 -0.9285 -0.3484
vn -0.2512 -0.9112 -0.3266
vn -0.3341 -0.8921 -0.3041
vn -0.4130 -0.8676 -0.2769
vn -0.4842 -0.8391 -0.2478
vn -0.5673 -0.7965 -0.2091
vn -0.6438 -0.7463 -0.1690
vn -0.7055 -0.6960 -0.1335
vn -0.7694 -0.6316 -0.0954
vn -0.8361 -0.5459 -0.0548
vn -0.8918 -0.4517 -0.0248
vn -0.9294 -0.3692 0.0002
vn -0.8807 -0.4729 -0.0265
vn -0.8893 -0.4567 -0.0231
vn -0.8901 -0.4552 -0.0237
vn -0.9294 -0.3691 0.0004
vn -0.9439 -0.3279 0.0391
vn -0.9548 -0.2794 0.1017
vn -0.9574 -0.2351 0.1679
vn -0.9517 -0.1921 0.2394
vn -0.9395 -0.1597 0.3030
vn -0.9212 -0.1359 0.3647
vn -0.8655 -0.1042 0.4900
vn -0.8256 -0.0886 0.5572
vn -0.7757 -0.0693 0.6273
vn -0.6758 -0.0354 0.7362
vn -0.5651 -0.0057 0.8250
vn -0.4439 0.0176 0.8959
vn -0.3158 0.0347 0.9482
vn -0.1815 0.0456 0.9823
vn -0.0926 0.0495 0.9945
vn -0.0011 0.0508 0.9987
vn -0.0011 0.0795 0.9968
vn -0.0011 0.0790 0.9969
vn -0.0010 0.0354 0.9994
vn -0.1651 0.0353 0.9857
vn -0.3255 0.0352 0.9449
vn -0.4772 0.0350 0.8781
vn -0.6156 0.0347 0.7873
vn -0.7373 0.0344 0.6747
vn -0.8385 0.0341 0.5439
vn -0.9169 0.0337 0.3978
vn -0.9700 0.0337 0.2408
vn -0.9920 0.0339 0.1219
vn -0.9994 0.0346 0.0002
vn -0.9996 0.0112 0.0250
vn -0.9995 0.0052 0.0317
vn -0.9995 -0.0045 0.0317
vn -0.9995 -0.0107 0.0295
vn -0.9995 -0.0174 0.0259
vn -0.9995 -0.0243 0.0210
vn -0.9994 -0.0322 0.0138
vn -0.9993 -0.0375 0.0077
vn -0.9991 -0.0417 0.0016
vn -0.9990 -0.0449 -0.0048
vn -0.9988 -0.0469 -0.0109
vn -0.9987 -0.0477 -0.0184
vn -0.9983 -0.0455 -0.0377
vn -0.9992 -0.0196 -0.0349
vn -1.0000 -0.0000 0.0000
vn -0.9640 -0.2661 -0.0001
vn -0.9888 -0.1496 -0.0002
vn -0.9972 -0.0753 -0.0001
vn -0.9628 -0.2645 -0.0545
vn -0.9616 -0.2622 -0.0808
vn -0.9608 -0.2603 -0.0956
vn -0.9604 -0.2589 -0.1032
vn -0.9600 -0.2581 -0.1085
vn -0.9596 -0.2581 -0.1118
vn -0.9592 -0.2588 -0.1136
vn -0.9586 -0.2602 -0.1154
vn -0.9578 -0.2624 -0.1175
vn -0.9567 -0.2652 -0.1201
vn -0.9554 -0.2686 -0.1231
vn -0.9538 -0.2726 -0.1266
vn -0.9519 -0.2772 -0.1305
vn -0.9498 -0.2823 -0.1348
vn -0.9475 -0.2878 -0.1394
vn -0.9450 -0.2937 -0.1441
vn -0.9423 -0.2998 -0.1489
vn -0.9395 -0.3061 -0.1536
vn -0.9367 -0.3125 -0.1579
vn -0.9340 -0.3189 -0.1613
vn -0.9317 -0.3253 -0.1613
vn -0.9302 -0.3317 -0.1570
vn -0.9296 -0.3376 -0.1476
vn -0.9307 -0.3432 -0.1261
vn -0.9337 -0.3479 -0.0851
vn -0.9365 -0.3507 -0.0021
vn -0.9365 -0.3507 -0.0000
vn -0.0444 -0.9990 0.0000
vn -0.2115 -0.9774 0.0000
vn -0.3054 -0.9522 0.0000
vn -0.3966 -0.9180 0.0000
vn -0.5091 -0.8607 0.0000
vn -0.5904 -0.8071 0.0000
vn -0.6729 -0.7397 0.0000
vn -0.7480 -0.6637 -0.0000
vn -0.8088 -0.5880 0.0000
vn -0.8726 -0.4884 -0.0000
vn -0.9071 -0.4209 0.0000
vn -0.0301 -0.6686 -0.7431
vn -0.0381 -0.8528 -0.5209
vn -0.0245 -0.5408 -0.8408
vn -0.0214 -0.4781 -0.8780
vn -0.0169 -0.4090 -0.9124
vn -0.0136 -0.4022 -0.9154
vn -0.0117 -0.4033 -0.9150
vn -0.0092 -0.4058 -0.9139
vn -0.0073 -0.4078 -0.9131
vn -0.0052 -0.4096 -0.9123
vn -0.0040 -0.4104 -0.9119
vn -0.0027 -0.4111 -0.9116
vn -0.0012 -0.4116 -0.9114
vn -0.9901 -0.1351 -0.0372
vn -0.9914 -0.1259 -0.0357
vn -0.9925 -0.1169 -0.0344
vn -0.9935 -0.1085 -0.0333
vn -0.9944 -0.1009 -0.0325
vn -0.9950 -0.0951 -0.0319
vn -0.9954 -0.0906 -0.0316
vn -0.9957 -0.0871 -0.0314
vn -0.9959 -0.0845 -0.0312
vn -0.9961 -0.0829 -0.0311
vn -0.9961 -0.0822 -0.0309
vn -0.9961 -0.0824 -0.0308
vn -0.9960 -0.0836 -0.0307
vn -0.9959 -0.0856 -0.0306
vn -0.9956 -0.0883 -0.0306
vn -0.9953 -0.0917 -0.0305
vn -0.9949 -0.0958 -0.0304
vn -0.9945 -0.1004 -0.0304
vn -0.9940 -0.1054 -0.0303
vn -0.9934 -0.1109 -0.0303
vn -0.9927 -0.1166 -0.0303
vn -0.9920 -0.1226 -0.0305
vn -0.9912 -0.1287 -0.0307
vn -0.9904 -0.1349 -0.0310
vn -0.9895 -0.1411 -0.0315
vn -0.9886 -0.1471 -0.0321
vn -0.9877 -0.1530 -0.0328
vn -0.9868 -0.1586 -0.0337
vn -0.9859 -0.1637 -0.0348
vn -0.9851 -0.1684 -0.0359
vn -0.9843 -0.1724 -0.0371
vn -0.9837 -0.1756 -0.0382
vn -0.9833 -0.1780 -0.0393
vn -0.9829 -0.1796 -0.0403
vn -0.9827 -0.1806 -0.0412
vn -0.9826 -0.1807 -0.0419
vn -0.9827 -0.1800 -0.0425
vn -0.9830 -0.1786 -0.0429
vn -0.9834 -0.1763 -0.0430
vn -0.9839 -0.1733 -0.0430
vn -0.9846 -0.1695 -0.0427
vn -0.9854 -0.1651 -0.0421
vn -0.9863 -0.1600 -0.0414
vn -0.9872 -0.1543 -0.0405
vn -0.9882 -0.1483 -0.0394
vn -0.9891 -0.1419 -0.0384
vn -0.9896 -0.1385 -0.0378
vn -0.2861 -0.6086 -0.7401
vn -0.2087 -0.4672 -0.8592
vn -0.2544 -0.4829 -0.8379
vn -0.3391 -0.6161 -0.7110
vn -0.3359 -0.5073 -0.7936
vn -0.3826 -0.6202 -0.6849
vn -0.4161 -0.6219 -0.6635
vn -0.4729 -0.7542 -0.4556
vn -0.4499 -0.6222 -0.6407
vn -0.5160 -0.7401 -0.4313
vn -0.3808 -0.5181 -0.7659
vn -0.4969 -0.6201 -0.6070
vn -0.4798 -0.5340 -0.6961
vn -0.5484 -0.6142 -0.5674
vn -0.6051 -0.6026 -0.5203
vn -0.1793 -0.7915 -0.5843
vn -0.1613 -0.7911 -0.5900
vn -0.1377 -0.5758 -0.8059
vn -0.1998 -0.7917 -0.5774
vn -0.1188 -0.4355 -0.8923
vn -0.1705 -0.5842 -0.7935
vn -0.2411 -0.7909 -0.5625
vn -0.2055 -0.5925 -0.7789
vn -0.2623 -0.7899 -0.5544
vn -0.2867 -0.7882 -0.5445
vn -0.3506 -0.7810 -0.5169
vn -0.3293 -0.7839 -0.5264
vn -0.3785 -0.7764 -0.5038
vn -0.4346 -0.7646 -0.4759
vn -0.4566 -0.7589 -0.4644
vn -0.0891 0.0502 0.9948
vn -0.0400 0.0627 0.9972
vn -0.1873 0.0490 0.9811
vn -0.0895 0.0620 0.9941
vn -0.1881 0.0599 0.9803
vn -0.3783 0.0456 0.9246
vn -0.0159 0.0791 0.9967
vn -0.0416 0.0791 0.9960
vn -0.3806 0.0530 0.9232
vn -0.0928 0.0787 0.9926
vn -0.5548 0.0410 0.8310
vn -0.1945 0.0765 0.9779
vn -0.5587 0.0430 0.8282
vn -0.7089 0.0357 0.7044
vn -0.3924 0.0675 0.9173
vn -0.7138 0.0304 0.6997
vn -0.5741 0.0537 0.8170
vn -0.7297 0.0369 0.6827
vn -0.6274 0.0002 0.7787
vn -0.7790 -0.0171 0.6267
vn -0.0218 -0.8962 -0.4431
vn -0.0570 -0.8933 -0.4459
vn -0.8816 -0.4709 -0.0318
vn -0.1265 -0.8846 -0.4489
vn -0.8791 -0.4748 -0.0419
vn -0.2593 -0.8566 -0.4460
vn -0.0136 -0.6454 -0.7637
vn -0.0354 -0.6412 -0.7665
vn -0.0787 -0.6333 -0.7699
vn -0.0015 -0.4416 -0.8972
vn -0.0080 -0.4405 -0.8977
vn -0.0210 -0.4386 -0.8984
vn -0.7303 -0.6579 -0.1840
vn -0.4903 -0.7695 -0.4092
vn -0.1640 -0.6194 -0.7678
vn -0.0472 -0.4362 -0.8986
vn -0.0503 -0.5528 -0.8318
vn -0.0705 -0.7852 -0.6152
vn -0.1006 -0.4365 -0.8941
vn -0.8497 -0.5078 -0.1418
vn -0.6724 -0.6563 -0.3422
vn -0.3329 -0.5976 -0.7294
vn -0.1509 -0.7907 -0.5932
vn -0.1100 -0.5686 -0.8153
vn -0.2213 -0.4566 -0.8617
vn -0.8081 -0.5294 -0.2582
vn -0.5090 -0.5736 -0.6418
vn -0.6863 -0.5269 -0.5013
vn -0.4946 -0.7474 -0.4435
vn -0.5802 -0.5108 -0.6344
vn -0.6638 -0.6678 -0.3367
vn -0.9301 0.0093 0.3673
vn -0.9813 -0.0003 0.1923
vn -0.8939 -0.0000 0.4482
vn -0.9374 0.0026 0.3483
vn -0.9458 -0.0184 0.3242
vn -0.9508 -0.0325 0.3081
vn -0.9758 -0.0201 0.2177
vn -0.9329 -0.0686 0.3536
vn -0.9550 -0.0446 0.2933
vn -0.9571 -0.0510 0.2851
vn -0.9786 -0.0346 0.2028
vn -0.9806 -0.0453 0.1906
vn -0.9705 -0.0802 0.2275
vn -0.9586 -0.0958 0.2681
vn -0.9724 -0.0847 0.2174
vn -0.9863 -0.0688 0.1497
vn -0.9805 -0.0885 0.1755
vn -0.9729 -0.1027 0.2070
vn -0.9819 -0.0906 0.1663
vn -0.9836 -0.0924 0.1546
vn -0.9904 -0.0756 0.1155
vn -0.9801 -0.1135 0.1630
vn -0.9860 -0.0920 0.1394
vn -0.9914 -0.0792 0.1041
vn -0.9872 -0.0931 0.1298
vn -0.9838 -0.1312 0.1223
vn -0.9883 -0.0950 0.1193
vn -0.9897 -0.0965 0.1055
vn -0.9906 -0.1018 0.0913
vn -0.9939 -0.0811 0.0751
vn -0.9839 -0.1694 0.0575
vn -0.9913 -0.1071 0.0764
vn -0.9816 -0.1882 0.0325
vn -0.9915 -0.1160 0.0595
vn -0.9910 -0.1284 0.0377
vn -0.9903 -0.1363 0.0254
vn -0.9889 -0.1478 0.0128
vn -0.9746 -0.2238 -0.0102
vn -0.9862 -0.1651 -0.0129
vn -0.9844 -0.1752 -0.0179
vn -0.9934 -0.1144 -0.0095
vn -0.9390 -0.3420 -0.0371
vn -0.9701 -0.2412 -0.0256
vn -0.9710 -0.2378 -0.0258
vn -0.9608 -0.2754 -0.0335
vn -0.9596 -0.2792 -0.0339
vn -0.9585 -0.2829 -0.0344
vn -0.9619 -0.2715 -0.0331
vn -0.9551 -0.2934 -0.0402
vn -0.9540 -0.2971 -0.0411
vn -0.9528 -0.3006 -0.0421
vn -0.9517 -0.3039 -0.0431
vn -0.9508 -0.3068 -0.0441
vn -0.9499 -0.3093 -0.0452
vn -0.9492 -0.3112 -0.0463
vn -0.0933 -0.4272 -0.8993
vn -0.1766 -0.4558 -0.8724
vn -0.9417 -0.3282 -0.0741
vn -0.9409 -0.3300 -0.0758
vn -0.9404 -0.3313 -0.0774
vn -0.9399 -0.3321 -0.0789
vn -0.3196 -0.7850 -0.5306
vn -0.2479 -0.6016 -0.7594
vn -0.9107 -0.3950 -0.1208
vn -0.9396 -0.3324 -0.0814
vn -0.9397 -0.3318 -0.0824
vn -0.9401 -0.3307 -0.0831
vn -0.9397 -0.3325 -0.0802
vn -0.9405 -0.3292 -0.0836
vn -0.3798 -0.4919 -0.7834
vn -0.9336 -0.3420 -0.1066
vn -0.9343 -0.3402 -0.1069
vn -0.9351 -0.3378 -0.1067
vn -0.9362 -0.3351 -0.1062
vn -0.9566 -0.2809 -0.0780
vn -0.9574 -0.2781 -0.0778
vn -0.9584 -0.2748 -0.0772
vn -0.9408 -0.3142 -0.1273
vn -1.0000 0.0000 0.0000
vn -1.0000 0.0000 0.0000
vn -1.0000 0.0000 0.0000
vn -1.0000 0.0000 0.0000
vn -0.3090 0.9511 0.0000
vn -0.3090 0.9511 0.0000
vn -0.3090 0.9511 0.0000
vn 0.8090 0.5878 0.0000
vn 0.8090 0.5878 0.0000
vn 0.8090 0.5878 0.0000
vn 0.8090 -0.5878 0.0000
vn 0.8090 -0.5878 0.0000
vn 0.8090 -0.5878 0.0000
vn -0.3090 -0.9511 0.0000
vn -0.3090 -0.9511 0.0000
vn -0.3090 -0.9511 0.0000
vn -0.0013 -0.0041 -1.0000
vn -0.0014 -0.0042 -1.0000
vn 0.0472 0.1452 -0.9883
vn 0.0945 0.2908 -0.9521
vn 0.1395 0.4292 -0.8924
vn 0.1810 0.5570 -0.8105
vn 0.2180 0.6711 -0.7086
vn 0.2497 0.7685 -0.5892
vn 0.2752 0.8468 -0.4551
vn 0.2938 0.9043 -0.3098
vn 0.3052 0.9393 -0.1569
vn 0.3090 0.9511 -0.0000
vn 0.3090 0.9511 -0.0000
vn 0.3063 0.9428 -0.1313
vn 0.2984 0.9185 -0.2593
vn 0.2855 0.8788 -0.3823
vn 0.2679 0.8244 -0.4986
vn 0.2457 0.7562 -0.6065
vn 0.2194 0.6751 -0.7043
vn 0.1892 0.5824 -0.7906
vn 0.1558 0.4794 -0.8637
vn 0.1195 0.3677 -0.9222
vn 0.0810 0.2494 -0.9650
vn 0.0411 0.1265 -0.9911
vn 0.0003 0.0010 -1.0000
vn -0.0404 -0.1244 -0.9914
vn -0.0803 -0.2470 -0.9657
vn -0.1186 -0.3650 -0.9234
vn -0.1548 -0.4764 -0.8655
vn -0.1883 -0.5794 -0.7930
vn -0.2185 -0.6725 -0.7071
vn -0.2450 -0.7541 -0.6094
vn -0.2674 -0.8230 -0.5012
vn -0.2853 -0.8780 -0.3842
vn -0.2984 -0.9182 -0.2604
vn -0.3063 -0.9428 -0.1317
vn -0.3090 -0.9511 0.0000
vn -0.3090 -0.9511 0.0000
vn -0.3064 -0.9429 -0.1310
vn -0.2984 -0.9185 -0.2593
vn -0.2855 -0.8786 -0.3829
vn -0.2677 -0.8238 -0.4997
vn -0.2454 -0.7551 -0.6079
vn -0.2189 -0.6738 -0.7058
vn -0.1887 -0.5809 -0.7918
vn -0.1553 -0.4780 -0.8645
vn -0.1191 -0.3667 -0.9227
vn -0.0810 -0.2492 -0.9651
vn -0.0415 -0.1277 -0.9909
vn 0.0000 0.0000 -1.0000
vn -0.0842 0.0000 -0.9964
vn -0.1685 0.0000 -0.9857
vn -0.2803 0.0000 -0.9599
vn -0.3786 0.0000 -0.9256
vn -0.4897 0.0000 -0.8719
vn -0.6355 0.0000 -0.7721
vn -0.7316 0.0000 -0.6817
vn -0.8197 0.0000 -0.5728
vn -0.9347 0.0000 -0.3554
vn -0.9799 0.0000 -0.1995
vn -0.9947 0.0000 -0.1026
vn -1.0000 0.0000 0.0000
vn -1.0000 0.0000 0.0000
vn -0.9915 0.0000 -0.1302
vn -0.9661 0.0000 -0.2581
vn -0.9243 0.0000 -0.3817
vn -0.8668 0.0000 -0.4987
vn -0.7945 0.0000 -0.6073
vn -0.7087 0.0000 -0.7055
vn -0.6108 0.0000 -0.7918
vn -0.5026 0.0000 -0.8645
vn -0.3858 0.0000 -0.9226
vn -0.2624 0.0000 -0.9650
vn -0.1346 0.0000 -0.9909
vn -0.0045 0.0000 -1.0000
vn -0.0043 0.0000 -1.0000
vn 0.1526 0.0000 -0.9883
vn 0.3058 0.0000 -0.9521
vn 0.4513 0.0000 -0.8924
vn 0.5857 0.0000 -0.8105
vn 0.7056 0.0000 -0.7086
vn 0.8080 0.0000 -0.5892
vn 0.8904 0.0000 -0.4551
vn 0.9508 0.0000 -0.3098
vn 0.9876 0.0000 -0.1569
vn 1.0000 0.0000 -0.0000
vn 1.0000 0.0000 -0.0000
vn 0.9909 0.0000 -0.1343
vn 0.9696 0.0000 -0.2448
vn 0.8546 0.0000 -0.5192
vn 0.6722 0.0000 -0.7404
vn 0.5735 0.0000 -0.8192
vn 0.4499 0.0000 -0.8931
vn 0.3551 0.0000 -0.9348
vn 0.2557 0.0000 -0.9667
vn 0.1944 0.0000 -0.9809
vn 0.1337 0.0000 -0.9910
vn 0.0653 0.0000 -0.9979
vn -0.0013 0.0041 -1.0000
vn -0.0014 0.0042 -1.0000
vn 0.0472 -0.1452 -0.9883
vn 0.0945 -0.2908 -0.9521
vn 0.1395 -0.4292 -0.8924
vn 0.1810 -0.5570 -0.8105
vn 0.2180 -0.6711 -0.7086
vn 0.2497 -0.7685 -0.5892
vn 0.2752 -0.8468 -0.4551
vn 0.2938 -0.9043 -0.3098
vn 0.3052 -0.9393 -0.1569
vn 0.3090 -0.9511 -0.0000
vn 0.3090 -0.9511 -0.0000
vn 0.3063 -0.9428 -0.1317
vn 0.2984 -0.9183 -0.2603
vn 0.2853 -0.8782 -0.3839
vn 0.2675 -0.8232 -0.5008
vn 0.2451 -0.7544 -0.6089
vn 0.2187 -0.6729 -0.7066
vn 0.1884 -0.5799 -0.7926
vn 0.1550 -0.4769 -0.8652
vn 0.1187 -0.3654 -0.9233
vn 0.0803 -0.2473 -0.9656
vn 0.0405 -0.1246 -0.9914
vn -0.0003 0.0008 -1.0000
vn -0.0410 0.1263 -0.9911
vn -0.0809 0.2491 -0.9651
vn -0.1194 0.3673 -0.9224
vn -0.1556 0.4789 -0.8640
vn -0.1891 0.5819 -0.7910
vn -0.2192 0.6747 -0.7048
vn -0.2456 0.7558 -0.6070
vn -0.2678 0.8242 -0.4991
vn -0.2855 0.8787 -0.3826
vn -0.2984 0.9185 -0.2594
vn -0.3063 0.9428 -0.1313
vn -0.3090 0.9511 0.0000
vn -0.3090 0.9511 0.0000
vn -0.3064 0.9430 -0.1302
vn -0.2985 0.9188 -0.2581
vn -0.2856 0.8791 -0.3817
vn -0.2678 0.8243 -0.4987
vn -0.2455 0.7556 -0.6073
vn -0.2190 0.6740 -0.7055
vn -0.1888 0.5809 -0.7918
vn -0.1553 0.4780 -0.8645
vn -0.1192 0.3669 -0.9226
vn -0.0811 0.2496 -0.9650
vn -0.0416 0.1280 -0.9909
vn 0.0035 0.0025 -1.0000
vn 0.0036 0.0026 -1.0000
vn -0.1235 -0.0897 -0.9883
vn -0.2474 -0.1797 -0.9521
vn -0.3651 -0.2653 -0.8924
vn -0.4738 -0.3443 -0.8105
vn -0.5708 -0.4147 -0.7086
vn -0.6537 -0.4749 -0.5892
vn -0.7204 -0.5234 -0.4551
vn -0.7692 -0.5589 -0.3098
vn -0.7990 -0.5805 -0.1569
vn -0.8090 -0.5878 -0.0000
vn -0.8090 -0.5878 -0.0000
vn -0.8020 -0.5827 -0.1313
vn -0.7812 -0.5676 -0.2598
vn -0.7471 -0.5428 -0.3836
vn -0.7003 -0.5088 -0.5006
vn -0.6418 -0.4663 -0.6089
vn -0.5723 -0.4158 -0.7068
vn -0.4931 -0.3583 -0.7928
vn -0.4054 -0.2946 -0.8654
vn -0.3107 -0.2257 -0.9233
vn -0.2104 -0.1529 -0.9656
vn -0.1063 -0.0772 -0.9913
vn -0.0000 -0.0000 -1.0000
vn 0.1062 0.0772 -0.9913
vn 0.2103 0.1528 -0.9656
vn 0.3104 0.2255 -0.9235
vn 0.4051 0.2943 -0.8656
vn 0.4927 0.3580 -0.7932
vn 0.5719 0.4155 -0.7073
vn 0.6414 0.4660 -0.6094
vn 0.7001 0.5087 -0.5010
vn 0.7470 0.5427 -0.3839
vn 0.7812 0.5676 -0.2600
vn 0.8020 0.5827 -0.1314
vn 0.8090 0.5878 0.0000
vn 0.8090 0.5878 0.0000
vn 0.8020 0.5827 -0.1310
vn 0.7813 0.5677 -0.2593
vn 0.7474 0.5430 -0.3829
vn 0.7008 0.5091 -0.4997
vn 0.6424 0.4667 -0.6079
vn 0.5731 0.4164 -0.7058
vn 0.4941 0.3590 -0.7918
vn 0.4066 0.2954 -0.8645
vn 0.3119 0.2266 -0.9227
vn 0.2120 0.1540 -0.9651
vn 0.1086 0.0789 -0.9909
vn 0.0035 -0.0025 -1.0000
vn 0.0036 -0.0026 -1.0000
vn -0.1235 0.0897 -0.9883
vn -0.2474 0.1797 -0.9521
vn -0.3651 0.2653 -0.8924
vn -0.4738 0.3443 -0.8105
vn -0.5708 0.4147 -0.7086
vn -0.6537 0.4749 -0.5892
vn -0.7204 0.5234 -0.4551
vn -0.7692 0.5589 -0.3098
vn -0.7990 0.5805 -0.1569
vn -0.8090 0.5878 -0.0000
vn -0.8090 0.5878 -0.0000
vn -0.8020 0.5827 -0.1313
vn -0.7812 0.5676 -0.2598
vn -0.7471 0.5428 -0.3836
vn -0.7004 0.5088 -0.5006
vn -0.6418 0.4663 -0.6089
vn -0.5723 0.4158 -0.7068
vn -0.4931 0.3583 -0.7928
vn -0.4054 0.2946 -0.8654
vn -0.3107 0.2257 -0.9233
vn -0.2104 0.1529 -0.9656
vn -0.1063 0.0772 -0.9913
vn -0.0000 0.0000 -1.0000
vn 0.1062 -0.0772 -0.9913
vn 0.2103 -0.1528 -0.9656
vn 0.3104 -0.2255 -0.9235
vn 0.4051 -0.2943 -0.8656
vn 0.4927 -0.3580 -0.7932
vn 0.5719 -0.4155 -0.7073
vn 0.6414 -0.4660 -0.6094
vn 0.7001 -0.5087 -0.5011
vn 0.7470 -0.5427 -0.3839
vn 0.7812 -0.5676 -0.2600
vn 0.8020 -0.5827 -0.1314
vn 0.8090 -0.5878 0.0000
vn 0.8090 -0.5878 0.0000
vn 0.8020 -0.5827 -0.1310
vn 0.7813 -0.5677 -0.2593
vn 0.7474 -0.5430 -0.3829
vn 0.7008 -0.5091 -0.4997
vn 0.6424 -0.4667 -0.6079
vn 0.5731 -0.4164 -0.7058
vn 0.4941 -0.3590 -0.7918
vn 0.4066 -0.2954 -0.8645
vn 0.3119 -0.2266 -0.9227
vn 0.2120 -0.1540 -0.9651
vn 0.1086 -0.0789 -0.9909
vn 0.5512 0.8343 0.0000
vn 0.5512 0.8343 0.0000
vn 0.5509 0.8346 0.0000
vn -0.5512 0.8343 0.0000
vn -0.4034 0.9150 0.0000
vn -0.3126 0.9499 0.0000
vn -0.2189 0.9758 0.0000
vn -0.0941 0.9956 0.0000
vn 0.0031 1.0000 0.0000
vn 0.1096 0.9940 0.0000
vn 0.2148 0.9767 0.0000
vn 0.3087 0.9512 0.0000
vn 0.4187 0.9081 0.0000
vn 0.4862 0.8738 0.0000
vn -0.5512 0.8343 0.0000
vn 0.0000 1.0000 0.0000
vn -0.1743 0.9847 0.0000
vn -0.2691 0.9631 0.0000
vn -0.3614 0.9324 0.0000
vn -0.4514 0.8923 0.0000
vn -0.5021 0.8648 0.0000
vn 0.3974 0.9176 0.0000
vn 0.3064 0.9519 0.0000
vn 0.2125 0.9772 0.0000
vn 0.1153 0.9933 0.0000
vn 0.0577 0.9983 0.0000
vn -0.6232 0.7821 0.0000
vn -0.6232 0.7821 0.0000
vn -0.6235 0.7818 0.0000
vn -0.7458 0.6661 0.0000
vn -0.8070 0.5905 0.0000
vn -0.8606 0.5094 0.0000
vn -0.9179 0.3967 0.0000
vn -0.9521 0.3057 0.0000
vn -0.9793 0.2026 0.0000
vn -0.9953 0.0971 0.0000
vn -1.0000 -0.0000 0.0000
vn -0.9930 -0.1180 0.0000
vn -0.9812 -0.1928 0.0000
vn -0.9639 -0.2664 0.0000
vn -0.9639 -0.2664 0.0000
vn -0.9888 -0.1493 0.0000
vn -0.9972 -0.0748 0.0000
vn -1.0000 0.0000 0.0000
vn -0.7328 0.6804 0.0000
vn -0.8261 0.5636 0.0000
vn -0.9009 0.4341 0.0000
vn -0.9555 0.2949 0.0000
vn -0.9888 0.1491 0.0000
vn -0.0444 -0.9990 0.0000
vn -0.2115 -0.9774 0.0000
vn -0.3054 -0.9522 0.0000
vn -0.3965 -0.9180 0.0000
vn -0.5091 -0.8607 0.0000
vn -0.5904 -0.8071 0.0000
vn -0.6730 -0.7397 0.0000
vn -0.7479 -0.6638 0.0000
vn -0.8089 -0.5880 0.0000
vn -0.8726 -0.4884 0.0000
vn -0.9071 -0.4209 0.0000
vn -0.9364 -0.3510 0.0000
vn -0.9364 -0.3510 0.0000
vn -0.9362 -0.3514 0.0000
vn -0.8640 -0.5035 0.0000
vn -0.8110 -0.5850 0.0000
vn -0.7504 -0.6610 0.0000
vn -0.6610 -0.7504 0.0000
vn -0.5850 -0.8111 0.0000
vn -0.4953 -0.8688 0.0000
vn -0.3999 -0.9166 0.0000
vn -0.3090 -0.9511 0.0000
vn -0.1946 -0.9809 0.0000
vn -0.1199 -0.9928 0.0000
vn -0.0444 -0.9990 0.0000
vn -0.6232 0.7821 0.0000
vn -0.6231 0.7820 -0.0140
vn -0.7329 0.6804 -0.0000
vn -0.8261 0.5636 0.0000
vn -0.9009 0.4341 -0.0000
vn -0.9555 0.2949 -0.0000
vn -0.9888 0.1491 -0.0000
vn -1.0000 0.0000 -0.0000
vn -0.9994 0.0343 0.0001
vn -0.9996 0.0112 0.0250
vn -0.9995 0.0052 0.0317
vn -0.9995 -0.0045 0.0317
vn -0.9995 -0.0107 0.0295
vn -0.9995 -0.0174 0.0259
vn -0.9995 -0.0244 0.0210
vn -0.9994 -0.0322 0.0139
vn -0.9993 -0.0374 0.0078
vn -0.9991 -0.0417 0.0016
vn -0.9990 -0.0449 -0.0048
vn -0.9988 -0.0469 -0.0109
vn -0.9987 -0.0477 -0.0183
vn -0.9983 -0.0454 -0.0375
vn -0.9992 -0.0197 -0.0352
vn -0.0000 0.8113 -0.5846
vn -0.1030 0.7729 -0.6262
vn -0.2172 0.6575 -0.7214
vn -0.3384 0.5099 -0.7909
vn -0.4586 0.3774 -0.8045
vn -0.5710 0.2766 -0.7730
vn -0.6717 0.2045 -0.7121
vn -0.7612 0.1468 -0.6316
vn -0.8376 0.1035 -0.5363
vn -0.8995 0.0734 -0.4307
vn -0.9473 0.0535 -0.3160
vn -0.9797 0.0415 -0.1960
vn -0.9944 0.0364 -0.0989
vn -0.0000 1.0000 0.0000
vn -0.0000 0.9950 -0.0999
vn 0.0000 0.9728 -0.2316
vn 0.0000 0.9398 -0.3416
vn 0.0000 0.9022 -0.4312
vn -0.0000 0.8668 -0.4986
vn -0.1742 0.9847 0.0000
vn -0.2691 0.9631 0.0001
vn -0.3614 0.9324 0.0000
vn -0.4514 0.8923 0.0000
vn -0.5021 0.8648 0.0000
vn -0.5512 0.8343 0.0000
vn -0.5511 0.8343 -0.0130
vn -0.5513 0.8341 -0.0175
vn -0.5522 0.8335 -0.0190
vn -0.5537 0.8325 -0.0201
vn -0.5557 0.8311 -0.0211
vn -0.5583 0.8293 -0.0222
vn -0.5615 0.8272 -0.0233
vn -0.5651 0.8247 -0.0244
vn -0.5690 0.8219 -0.0254
vn -0.5733 0.8189 -0.0262
vn -0.5778 0.8157 -0.0268
vn -0.5825 0.8124 -0.0272
vn -0.5872 0.8090 -0.0273
vn -0.5919 0.8055 -0.0271
vn -0.5965 0.8022 -0.0267
vn -0.6009 0.7989 -0.0261
vn -0.6051 0.7958 -0.0254
vn -0.6089 0.7929 -0.0246
vn -0.6124 0.7902 -0.0237
vn -0.6154 0.7879 -0.0228
vn -0.6180 0.7859 -0.0221
vn -0.6201 0.7842 -0.0214
vn -0.6217 0.7830 -0.0207
vn -0.6227 0.7823 -0.0191
vn -0.9540 0.2893 -0.0786
vn -0.9507 0.2991 -0.0820
vn -0.9478 0.3072 -0.0855
vn -0.9454 0.3136 -0.0891
vn -0.9435 0.3182 -0.0928
vn -0.9421 0.3210 -0.0965
vn -0.9413 0.3225 -0.0998
vn -0.9409 0.3226 -0.1036
vn -0.9413 0.3201 -0.1069
vn -0.9424 0.3164 -0.1084
vn -0.9442 0.3108 -0.1091
vn -0.9466 0.3037 -0.1086
vn -0.9481 0.2990 -0.1080
vn -0.9498 0.2938 -0.1072
vn -0.9545 0.2794 -0.1046
vn -0.9593 0.2636 -0.1012
vn -0.9642 0.2467 -0.0972
vn -0.9689 0.2293 -0.0929
vn -0.9733 0.2118 -0.0884
vn -0.9773 0.1945 -0.0840
vn -0.9808 0.1776 -0.0800
vn -0.9836 0.1633 -0.0767
vn -0.9857 0.1518 -0.0736
vn -0.9874 0.1414 -0.0705
vn -0.9889 0.1324 -0.0676
vn -0.9900 0.1251 -0.0648
vn -0.9909 0.1195 -0.0622
vn -0.9915 0.1159 -0.0596
vn -0.9918 0.1143 -0.0572
vn -0.9918 0.1147 -0.0555
vn -0.9916 0.1171 -0.0543
vn -0.9911 0.1215 -0.0536
vn -0.9903 0.1280 -0.0534
vn -0.9892 0.1365 -0.0536
vn -0.9877 0.1467 -0.0541
vn -0.9858 0.1586 -0.0551
vn -0.9835 0.1720 -0.0565
vn -0.9808 0.1864 -0.0582
vn -0.9776 0.2016 -0.0602
vn -0.9741 0.2172 -0.0626
vn -0.9703 0.2330 -0.0653
vn -0.9662 0.2486 -0.0683
vn -0.9619 0.2637 -0.0716
vn -0.9579 0.2770 -0.0750
vn -0.9811 0.0432 -0.1887
vn -0.9829 0.0167 -0.1836
vn -0.9846 0.0185 -0.1737
vn -0.9902 0.0485 -0.1307
vn -0.8337 0.1160 -0.5399
vn -0.9940 0.0697 -0.0844
vn -0.8447 0.0823 -0.5288
vn -0.8545 0.0858 -0.5123
vn -0.9942 0.0851 -0.0657
vn -0.9914 0.1127 -0.0667
vn -0.5630 0.3057 -0.7678
vn -0.5843 0.3218 -0.7450
vn -0.9873 0.1500 -0.0519
vn -0.8948 0.4036 -0.1909
vn -0.9009 0.3102 -0.3036
vn -0.6303 0.4392 -0.6402
vn -0.8824 0.1692 -0.4391
vn -0.8779 0.4575 -0.1414
vn -0.9817 0.1898 -0.0142
vn -0.1709 0.7763 -0.6068
vn -0.8598 0.5001 -0.1033
vn -0.1964 0.8743 -0.4439
vn -0.6351 0.6380 -0.4354
vn -0.8369 0.5466 -0.0293
vn -0.2126 0.9241 -0.3176
vn -0.8326 0.5533 -0.0248
vn -0.5786 0.8057 -0.1266
vn -0.5936 0.7831 -0.1852
vn -0.2124 0.9524 -0.2188
vn -0.6136 0.7427 -0.2681
vn -0.2065 0.9667 -0.1509
vn -0.5611 0.8271 -0.0337
vn -0.2014 0.9747 -0.0965
vn -0.1963 0.9803 -0.0234
vn -0.1954 0.9807 -0.0076
vn -0.9442 0.0684 -0.3223
vn -0.7874 0.5343 -0.3073
vn -0.9775 0.0846 -0.1931
vn 0.0444 -0.9990 0.0000
vn 0.0444 -0.9990 0.0000
vn 0.0448 -0.9990 0.0000
vn 0.2119 -0.9773 0.0000
vn 0.3058 -0.9521 0.0000
vn 0.3968 -0.9179 0.0000
vn 0.5094 -0.8605 0.0000
vn 0.5906 -0.8070 0.0000
vn 0.6732 -0.7395 0.0000
vn 0.7481 -0.6636 0.0000
vn 0.8090 -0.5878 0.0000
vn 0.8727 -0.4882 0.0000
vn 0.9071 -0.4208 0.0000
vn 0.9364 -0.3510 0.0000
vn 0.9364 -0.3510 0.0000
vn 0.2115 -0.9774 0.0000
vn 0.3054 -0.9522 0.0000
vn 0.3965 -0.9180 0.0000
vn 0.5091 -0.8607 0.0000
vn 0.5904 -0.8071 0.0000
vn 0.6730 -0.7397 0.0000
vn 0.7479 -0.6638 0.0000
vn 0.8089 -0.5880 0.0000
vn 0.8726 -0.4884 0.0000
vn 0.9071 -0.4209 0.0000
vn 0.0000 0.8660 -0.5000
vn 0.0000 0.8660 -0.5000
vn 0.0000 0.8660 -0.5000
vn 0.0000 0.8660 -0.5000
vn 0.0000 0.8660 -0.5000
vn 0.0000 0.8660 -0.5000
vn 0.0000 0.8660 -0.5000
vn 0.0000 0.8660 -0.5000
vn 0.0000 0.8660 -0.5000
vn 0.0000 0.8660 -0.5000
vn 0.0000 0.8660 -0.5000
vn 0.0000 0.8660 -0.5000
vn 0.0000 0.8660 -0.5000
vn 0.0000 0.8660 -0.5000
vn 0.0000 0.8660 -0.5000
vn 0.0000 0.8660 -0.5000
vn 0.0000 0.8660 -0.5000
vn 0.0000 0.8660 -0.5000
vn 0.0000 0.8660 -0.5000
vn 0.0000 0.8660 -0.5000
vn 0.0000 0.8660 -0.5000
vn 0.0000 0.8660 -0.5000
vn 0.0000 0.8660 -0.5000
vn 0.0000 0.8660 -0.5000
vn 0.0000 0.8660 -0.5000
vn 0.0000 0.8660 -0.5000
vn 0.0000 0.8660 -0.5000
vn 0.0000 0.8660 -0.5000
vn 0.0000 0.8660 -0.5000
vn 0.0000 0.8660 -0.5000
vn 0.0000 0.8660 -0.5000
vn 0.0000 0.8660 -0.5000
vn 0.0000 0.8660 -0.5000
vn 0.0000 0.8660 -0.5000
vn 0.0000 0.8660 -0.5000
vn 0.0000 0.8660 -0.5000
vn 0.0000 0.8660 -0.5000
vn 0.0000 0.8660 -0.5000
vn 0.0000 0.8660 -0.5000
vn 0.0000 0.8660 -0.5000
vn 0.0000 0.8660 -0.5000
vn 0.0000 0.8660 -0.5000
vn 0.0000 0.8660 -0.5000
vn 0.0000 0.8660 -0.5000
vn 0.0000 0.8660 -0.5000
vn 0.0000 0.8660 -0.5000
vn 0.0000 0.8660 -0.5000
vn 0.0000 0.8660 -0.5000
vn 0.0000 0.8660 -0.5000
vn 0.0000 0.8660 -0.5000
vn 0.0000 0.8660 -0.5000
vn 0.0000 0.8660 -0.5000
vn 0.0000 0.8660 -0.5000
vn 0.0000 0.8660 -0.5000
vn 0.0000 0.8660 -0.5000
vn 0.0000 0.8660 -0.5000
vn 0.0000 0.8660 -0.5000
vn 0.0000 0.8660 -0.5000
vn 0.0000 0.8660 -0.5000
vn 0.0000 0.8660 -0.5000
vn 0.0000 0.8660 -0.5000
vn 0.0000 0.8660 -0.5000
vn 0.0000 0.8660 -0.5000
vn 0.0000 0.8660 -0.5000
vn 0.0000 0.8660 -0.5000
vn 0.0000 0.8660 -0.5000
vn 0.0000 0.8660 -0.5000
vn 0.0000 0.8660 -0.5000
vn 0.0000 0.8660 -0.5000
vn 0.0000 0.8660 -0.5000
vn 0.0000 0.8660 -0.5000
vn 0.0000 0.8660 -0.5000
vn 0.0000 0.8660 -0.5000
vn 0.0000 0.8660 -0.5000
vn 0.0000 0.8660 -0.5000
vn 0.0000 0.8660 -0.5000
vn 0.0000 0.8660 -0.5000
vn 0.0000 0.8660 -0.5000
vn 0.0000 0.8660 -0.5000
vn 0.0000 0.8660 -0.5000
vn 0.0000 0.8660 -0.5000
vn 0.0000 0.8660 -0.5000
vn 0.0000 0.8660 -0.5000
vn 0.0000 0.8660 -0.5000
vn 0.0000 0.8660 -0.5000
vn 0.0000 0.8660 -0.5000
vn 0.0000 0.8660 -0.5000
vn 0.0000 0.8660 -0.5000
vn 0.0000 0.8660 -0.5000
vn 0.0000 0.8660 -0.5000
vn 0.0000 0.8660 -0.5000
vn 0.0000 0.8660 -0.5000
vn 0.0000 0.8660 -0.5000
vn 0.0000 0.8660 -0.5000
vn 0.0000 0.8660 -0.5000
vn 0.0000 0.8660 -0.5000
vn 0.0000 0.8660 -0.5000
vn 0.0000 0.8660 -0.5000
vn 0.0000 0.8660 -0.5000
vn 0.0000 0.8660 -0.5000
vn 0.0000 0.8660 -0.5000
vn 0.0000 0.8660 -0.5000
vn 0.5857 0.0000 0.8105
vn 0.7168 0.0000 0.6972
vn 0.8264 0.0000 0.5630
vn 0.9112 0.0000 0.4119
vn 0.9687 0.0000 0.2484
vn 0.9970 0.0000 0.0774
vn 0.9954 0.0000 -0.0958
vn 0.9639 0.0000 -0.2662
vn 0.9035 0.0000 -0.4287
vn 0.8159 0.0000 -0.5782
vn 0.7038 0.0000 -0.7104
vn 0.5706 0.0000 -0.8212
vn 0.4203 0.0000 -0.9074
vn 0.2573 0.0000 -0.9663
vn 0.0866 0.0000 -0.9962
vn -0.0866 0.0000 -0.9962
vn -0.2573 0.0000 -0.9663
vn -0.4203 0.0000 -0.9074
vn -0.5706 0.0000 -0.8212
vn -0.7038 0.0000 -0.7104
vn -0.8159 0.0000 -0.5782
vn -0.9035 0.0000 -0.4287
vn -0.9639 0.0000 -0.2662
vn -0.9954 0.0000 -0.0958
vn -0.9970 0.0000 0.0774
vn -0.9687 0.0000 0.2484
vn -0.9112 0.0000 0.4119
vn -0.8264 0.0000 0.5630
vn -0.7168 0.0000 0.6972
vn -0.5857 0.0000 0.8105
vn 0.0000 0.0000 -1.0000
vn 0.1131 0.0000 -0.9936
vn 0.2228 0.0000 -0.9749
vn 0.3274 0.0000 -0.9449
vn 0.4251 0.0000 -0.9051
vn 0.5144 0.0000 -0.8576
vn 0.5951 0.0000 -0.8036
vn 0.6902 0.0000 -0.7237
vn 0.7803 0.0000 -0.6255
vn 0.8534 0.0000 -0.5212
vn 0.9110 0.0000 -0.4125
vn 0.9647 0.0000 -0.2632
vn 0.9957 0.0000 -0.0926
vn 0.9970 0.0000 0.0778
vn 0.9694 0.0000 0.2453
vn 0.9135 0.0000 0.4067
vn 0.8291 0.0000 0.5591
vn 0.7221 0.0000 0.6918
vn -0.7265 0.0000 0.6872
vn -0.8359 0.0000 0.5489
vn -0.9169 0.0000 0.3991
vn -0.9705 0.0000 0.2409
vn -0.9970 0.0000 0.0772
vn -0.9960 0.0000 -0.0890
vn -0.9670 0.0000 -0.2550
vn -0.9081 0.0000 -0.4188
vn -0.8171 0.0000 -0.5765
vn -0.6910 0.0000 -0.7229
vn -0.5606 0.0000 -0.8281
vn -0.4316 0.0000 -0.9021
vn -0.3116 0.0000 -0.9502
vn -0.1933 0.0000 -0.9811
vn -0.0979 0.0000 -0.9952
vn 0.0000 -1.0000 0.0000
vn 0.0000 -1.0000 0.0000
vn 0.0000 -1.0000 0.0000
vn 0.0000 -1.0000 0.0000
vn 0.0000 -1.0000 0.0000
vn 0.0000 -1.0000 0.0000
vn 0.0000 -1.0000 0.0000
vn 0.0000 -1.0000 0.0000
vn 0.0000 -1.0000 0.0000
vn 0.0000 -1.0000 0.0000
vn 0.0000 -1.0000 0.0000
vn 0.0000 -1.0000 0.0000
vn 0.0000 -1.0000 0.0000
vn 0.0000 -1.0000 0.0000
vn 0.0000 -1.0000 0.0000
vn 0.0000 -1.0000 0.0000
vn 0.0000 -1.0000 0.0000
vn 0.0000 -1.0000 0.0000
vn 0.0000 -1.0000 0.0000
vn 0.0000 -1.0000 0.0000
vn 0.0000 -1.0000 0.0000
vn 0.0000 -1.0000 0.0000
vn 0.0000 -1.0000 0.0000
vn 0.0000 -1.0000 0.0000
vn 0.0000 -1.0000 0.0000
vn 0.0000 -1.0000 0.0000
vn 0.0000 -1.0000 0.0000
vn 0.0000 -1.0000 0.0000
vn 0.0000 -1.0000 0.0000
vn 0.0000 -1.0000 0.0000
vn 0.0000 -1.0000 0.0000
vn 0.0000 -1.0000 0.0000
vn 0.0000 -1.0000 0.0000
vn 0.0000 -1.0000 0.0000
vn 0.0000 -1.0000 0.0000
vn 0.0000 -1.0000 0.0000
vn 0.0000 -1.0000 0.0000
vn 1.0000 0.0000 0.0000
vn 1.0000 0.0000 0.0000
vn 1.0000 0.0000 0.0000
vn 1.0000 0.0000 0.0000
vn 1.0000 0.0000 0.0000
vn 1.0000 0.0000 0.0000
vn -0.0000 -1.0000 0.0000
vn -0.0000 -1.0000 0.0000
vn -0.0000 -1.0000 0.0000
vn -0.0000 -1.0000 0.0000
vn -0.0000 -1.0000 0.0000
vn -0.0000 -1.0000 0.0000
vn -0.0000 -1.0000 0.0000
vn -0.0000 -1.0000 0.0000
vn -0.0000 -1.0000 0.0000
vn -0.0000 -1.0000 0.0000
vn -0.0000 -1.0000 0.0000
vn -0.0000 -1.0000 0.0000
vn -0.0000 -1.0000 0.0000
vn 0.3090 -0.9511 0.0000
vn 0.3090 -0.9511 0.0000
vn 0.3090 -0.9511 0.0000
vn 0.3090 -0.9511 0.0000
vn 0.3090 -0.9511 0.0000
vn -0.9511 -0.3090 0.0000
vn -0.9511 -0.3090 0.0000
vn -0.9511 -0.3090 0.0000
vn -0.9511 -0.3090 0.0000
vn -0.9511 -0.3090 0.0000
vn -0.9511 -0.3090 0.0000
vn -0.9511 -0.3090 0.0000
vn -0.9511 -0.3090 0.0000
vn -0.9511 -0.3090 0.0000
vn -0.9511 -0.3090 0.0000
vn -0.9511 -0.3090 0.0000
vn -0.9511 -0.3090 0.0000
vn -0.9511 -0.3090 0.0000
vn -0.8090 -0.5878 0.0000
vn -0.8090 -0.5878 0.0000
vn -0.8090 -0.5878 0.0000
vn -0.8090 -0.5878 0.0000
vn -0.8090 -0.5878 0.0000
vn -0.5878 0.8090 0.0000
vn -0.5878 0.8090 0.0000
vn -0.5878 0.8090 0.0000
vn -0.5878 0.8090 0.0000
vn -0.5878 0.8090 0.0000
vn -0.5878 0.8090 0.0000
vn -0.5878 0.8090 0.0000
vn -0.5878 0.8090 0.0000
vn -0.5878 0.8090 0.0000
vn -0.5878 0.8090 0.0000
vn -0.5878 0.8090 0.0000
vn -0.5878 0.8090 0.0000
vn -0.5878 0.8090 0.0000
vn -0.8090 0.5878 0.0000
vn -0.8090 0.5878 0.0000
vn -0.8090 0.5878 0.0000
vn -0.8090 0.5878 0.0000
vn -0.8090 0.5878 0.0000
vn 0.5878 0.8090 0.0000
vn 0.5878 0.8090 0.0000
vn 0.5878 0.8090 0.0000
vn 0.5878 0.8090 0.0000
vn 0.5878 0.8090 0.0000
vn 0.5878 0.8090 0.0000
vn 0.5878 0.8090 0.0000
vn 0.5878 0.8090 0.0000
vn 0.5878 0.8090 0.0000
vn 0.5878 0.8090 0.0000
vn 0.5878 0.8090 0.0000
vn 0.5878 0.8090 0.0000
vn 0.5878 0.8090 0.0000
vn 0.3090 0.9511 0.0000
vn 0.3090 0.9511 0.0000
vn 0.3090 0.9511 0.0000
vn 0.3090 0.9511 0.0000
vn 0.3090 0.9511 0.0000
vn 0.9511 -0.3090 0.0000
vn 0.9511 -0.3090 0.0000
vn 0.9511 -0.3090 0.0000
vn 0.9511 -0.3090 0.0000
vn 0.9511 -0.3090 0.0000
vn 0.9511 -0.3090 0.0000
vn 0.9511 -0.3090 0.0000
vn 0.9511 -0.3090 0.0000
vn 0.9511 -0.3090 0.0000
vn 0.9511 -0.3090 0.0000
vn 0.9511 -0.3090 0.0000
vn 0.9511 -0.3090 0.0000
vn 0.9511 -0.3090 0.0000
vn 0.0000 0.0000 -1.0000
vn 0.0000 0.0000 -1.0000
vn 0.0000 0.0000 -1.0000
vn 0.0000 0.0000 -1.0000
vn 0.0000 0.0000 -1.0000
vn 0.0000 0.0000 -1.0000
vn 0.0000 0.0000 -1.0000
vn 0.0000 0.0000 -1.0000
vn 0.0000 0.0000 -1.0000
vn 0.0000 0.0000 -1.0000
vn 0.0000 0.0000 -1.0000
vn 0.0000 0.0000 -1.0000
vn 0.0000 0.0000 -1.0000
vn 0.0000 0.0000 -1.0000
vn 0.0000 0.0000 -1.0000
vn 0.0000 0.0000 -1.0000
vn 0.0000 0.0000 -1.0000
vn 0.0000 0.0000 -1.0000
vn 0.0000 0.0000 -1.0000
vn 0.0000 0.0000 -1.0000
vn 0.0000 0.0000 -1.0000
vn 0.0000 0.0000 -1.0000
vn 0.0000 0.0000 -1.0000
vn 0.0000 0.0000 -1.0000
vn 0.0000 0.0000 -1.0000
vn 0.0000 0.0000 -1.0000
vn 0.0000 0.0000 -1.0000
vn 0.0000 0.0000 -1.0000
vn 0.0000 0.0000 -1.0000
vn 0.0000 0.0000 -1.0000
vn 0.0000 0.0000 -1.0000
vn 0.0000 0.0000 -1.0000
vn 0.0000 0.0000 -1.0000
vn 0.0000 0.0000 -1.0000
vn 0.0000 0.0000 -1.0000
vn 0.0000 0.0000 -1.0000
vn 0.0000 0.0000 -1.0000
vn 0.0000 0.0000 -1.0000
vn 0.0000 0.0000 -1.0000
vn 0.0000 0.0000 -1.0000
vn 0.0000 0.0000 -1.0000
vn 0.0000 0.0000 -1.0000
vn 0.0000 0.0000 -1.0000
vn 0.0000 0.0000 -1.0000
vn 0.0000 0.0000 -1.0000
vn 0.0000 0.0000 -1.0000
vn 0.0000 0.0000 -1.0000
vn 0.0000 0.0000 -1.0000
vn 0.0000 0.0000 -1.0000
vn 0.0000 0.0000 -1.0000
vn 0.0000 0.0000 -1.0000
vn 0.0000 0.0000 -1.0000
vn 0.0000 0.0000 -1.0000
vn 0.0000 0.0000 -1.0000
vn 0.0000 0.0000 -1.0000
vn 0.0000 0.0000 -1.0000
vn 0.0000 0.0000 -1.0000
vn 0.0000 0.0000 -1.0000
vn 0.0000 0.0000 -1.0000
vn 0.0000 0.0000 -1.0000
vn 0.0000 0.0000 -1.0000
vn 0.0000 0.0000 -1.0000
vn 0.0000 0.0000 -1.0000
vn 0.0000 0.0000 -1.0000
vn 0.0000 0.0000 -1.0000
vn 0.0000 0.0000 -1.0000
vn 0.0000 0.0000 -1.0000
vn 0.0000 0.0000 -1.0000
vn 0.0000 0.0000 -1.0000
vn 0.0000 0.0000 -1.0000
vn 0.0000 0.0000 -1.0000
vn 0.0000 0.0000 -1.0000
vn 0.0000 0.0000 -1.0000
vn 0.8092 -0.5875 0.0000
vn 0.8092 -0.5875 0.0000
vn 0.8092 -0.5875 0.0000
vn 0.8092 -0.5875 0.0000
vn -0.3086 -0.9512 0.0000
vn -0.3086 -0.9512 0.0000
vn -0.3086 -0.9512 0.0000
vn -0.3086 -0.9512 0.0000
vn -1.0000 -0.0004 0.0000
vn -1.0000 -0.0004 0.0000
vn -1.0000 -0.0004 0.0000
vn -1.0000 -0.0004 0.0000
vn -0.3094 0.9509 0.0000
vn -0.3094 0.9509 0.0000
vn -0.3094 0.9509 0.0000
vn -0.3094 0.9509 0.0000
vn 0.8088 0.5881 0.0000
vn 0.8088 0.5881 0.0000
vn 0.8088 0.5881 0.0000
vn 0.8088 0.5881 0.0000
vn -0.5875 -0.8092 -0.0000
vn -0.5875 -0.8092 -0.0000
vn -0.5875 -0.8092 -0.0000
vn -0.5875 -0.8092 -0.0000
vn -0.5875 -0.8092 -0.0000
vn -0.5875 -0.8092 -0.0000
vn -0.5875 -0.8092 -0.0000
vn -0.5875 -0.8092 -0.0000
vn -0.5875 -0.8092 -0.0000
vn -0.5875 -0.8092 -0.0000
vn -0.5875 -0.8092 -0.0000
vn -0.5875 -0.8092 -0.0000
vn 0.0035 -0.0025 1.0000
vn 0.0036 -0.0026 1.0000
vn 0.8092 -0.5875 -0.0000
vn 0.7970 -0.5786 0.1732
vn 0.7607 -0.5522 0.3411
vn 0.7014 -0.5092 0.4988
vn 0.6209 -0.4507 0.6413
vn 0.5217 -0.3787 0.7645
vn 0.4066 -0.2952 0.8646
vn 0.2793 -0.2028 0.9385
vn 0.1436 -0.1042 0.9841
vn 0.8092 -0.5875 -0.0000
vn 0.8024 -0.5825 0.1302
vn 0.7818 -0.5676 0.2581
vn 0.7480 -0.5430 0.3817
vn 0.7014 -0.5092 0.4987
vn 0.6429 -0.4667 0.6073
vn 0.5735 -0.4163 0.7055
vn 0.4943 -0.3588 0.7918
vn 0.4067 -0.2952 0.8645
vn 0.3122 -0.2266 0.9226
vn 0.2123 -0.1542 0.9650
vn 0.1089 -0.0791 0.9909
vn 0.0444 -0.9990 0.0000
vn 0.0444 -0.9990 0.0000
vn 0.0444 -0.9990 0.0000
vn 0.0441 -0.9990 0.0000
vn 0.0429 -0.9991 0.0000
vn 0.0410 -0.9992 0.0000
vn 0.0385 -0.9993 0.0000
vn 0.0353 -0.9994 0.0000
vn 0.0315 -0.9995 0.0000
vn 0.0271 -0.9996 0.0000
vn 0.0223 -0.9998 0.0000
vn 0.0171 -0.9999 0.0000
vn 0.0116 -0.9999 0.0000
vn 0.0060 -1.0000 0.0000
vn 0.0002 -1.0000 0.0000
vn -0.0440 -0.9990 0.0000
vn -0.0437 -0.9990 0.0000
vn -0.0425 -0.9991 0.0000
vn -0.0406 -0.9992 0.0000
vn -0.0381 -0.9993 0.0000
vn -0.0349 -0.9994 0.0000
vn -0.0311 -0.9995 0.0000
vn -0.0267 -0.9996 0.0000
vn -0.0219 -0.9998 0.0000
vn -0.0167 -0.9999 0.0000
vn -0.0112 -0.9999 0.0000
vn -0.0056 -1.0000 0.0000
vn -0.0440 -0.9990 0.0000
vn -0.0444 -0.9990 0.0000
vn -0.9362 -0.3514 0.0000
vn -0.8640 -0.5035 0.0000
vn -0.8110 -0.5850 0.0000
vn -0.7504 -0.6610 0.0000
vn -0.6610 -0.7504 0.0000
vn -0.5850 -0.8111 0.0000
vn -0.4953 -0.8688 0.0000
vn -0.3999 -0.9166 0.0000
vn -0.3090 -0.9511 0.0000
vn -0.1946 -0.9809 0.0000
vn -0.1199 -0.9928 0.0000
vn -0.9362 -0.3514 0.0000
vn -0.9362 -0.3514 0.0000
vn -0.9362 -0.3514 0.0000
vn -0.5881 0.8088 0.0000
vn -0.4412 0.8974 0.0000
vn -0.2813 0.9596 0.0000
vn -0.1131 0.9936 0.0000
vn 0.0584 0.9983 0.0000
vn 0.2282 0.9736 0.0000
vn 0.3913 0.9203 0.0000
vn 0.5429 0.8398 0.0000
vn 0.6785 0.7346 0.0000
vn 0.7941 0.6078 0.0000
vn 0.8863 0.4632 0.0000
vn 0.9524 0.3048 0.0000
vn 0.9905 0.1375 0.0000
vn 0.9994 -0.0338 0.0000
vn 0.9789 -0.2042 0.0000
vn 0.9296 -0.3685 0.0000
vn 0.8529 -0.5220 0.0000
vn 0.7511 -0.6602 0.0000
vn 0.6272 -0.7788 0.0000
vn 0.4848 -0.8746 0.0000
vn 0.3282 -0.9446 0.0000
vn 0.1619 -0.9868 0.0000
vn -0.0092 -1.0000 0.0000
vn -0.1800 -0.9837 0.0000
vn -0.3455 -0.9384 0.0000
vn -0.5009 -0.8655 0.0000
vn -0.6415 -0.7672 0.0000
vn -0.7632 -0.6462 0.0000
vn -0.8624 -0.5062 0.0000
vn -0.9808 -0.1951 0.0000
vn -0.9994 -0.0337 0.0000
vn -0.9917 0.1285 0.0000
vn -0.9578 0.2874 0.0000
vn -0.8986 0.4387 0.0000
vn -0.8157 0.5784 0.0000
vn -0.7113 0.7029 0.0000
vn -0.9364 -0.3510 0.0000
vn -0.9364 -0.3510 0.0000
vn -0.9364 -0.3510 0.0000
vn -0.9364 -0.3510 0.0000
vn -0.9365 -0.3506 0.0000
vn -0.9369 -0.3495 0.0000
vn -0.9376 -0.3478 0.0000
vn -0.9385 -0.3454 0.0000
vn -0.9396 -0.3424 0.0000
vn -0.9409 -0.3388 0.0000
vn -0.9423 -0.3347 0.0000
vn -0.9439 -0.3302 0.0000
vn -0.9456 -0.3253 0.0000
vn -0.9474 -0.3201 0.0000
vn -0.9492 -0.3147 0.0000
vn -0.9510 -0.3092 0.0000
vn -0.9637 -0.2668 0.0000
vn -0.9636 -0.2672 0.0000
vn -0.9633 -0.2683 0.0000
vn -0.9628 -0.2701 0.0000
vn -0.9621 -0.2726 0.0000
vn -0.9613 -0.2757 0.0000
vn -0.9602 -0.2793 0.0000
vn -0.9590 -0.2835 0.0000
vn -0.9576 -0.2881 0.0000
vn -0.9561 -0.2931 0.0000
vn -0.9545 -0.2983 0.0000
vn -0.9528 -0.3037 0.0000
vn -0.9637 -0.2668 0.0000
vn -0.9639 -0.2664 0.0000
vn -0.6235 0.7818 0.0000
vn -0.7458 0.6661 0.0000
vn -0.8070 0.5905 0.0000
vn -0.8606 0.5094 0.0000
vn -0.9179 0.3967 0.0000
vn -0.9521 0.3057 0.0000
vn -0.9793 0.2026 0.0000
vn -0.9953 0.0971 0.0000
vn -1.0000 -0.0000 0.0000
vn -0.9930 -0.1180 0.0000
vn -0.9812 -0.1928 0.0000
vn -0.6232 0.7821 0.0000
vn -0.6232 0.7821 0.0000
vn -0.6232 0.7821 0.0000
vn -0.6229 0.7823 0.0000
vn -0.6220 0.7831 0.0000
vn -0.6205 0.7842 0.0000
vn -0.6185 0.7858 0.0000
vn -0.6160 0.7878 0.0000
vn -0.6130 0.7901 0.0000
vn -0.6095 0.7928 0.0000
vn -0.6057 0.7957 0.0000
vn -0.6015 0.7988 0.0000
vn -0.5972 0.8021 0.0000
vn -0.5926 0.8055 0.0000
vn -0.5879 0.8089 0.0000
vn -0.5516 0.8341 0.0000
vn -0.5519 0.8339 0.0000
vn -0.5529 0.8333 0.0000
vn -0.5544 0.8322 0.0000
vn -0.5566 0.8308 0.0000
vn -0.5592 0.8290 0.0000
vn -0.5623 0.8269 0.0000
vn -0.5659 0.8244 0.0000
vn -0.5699 0.8217 0.0000
vn -0.5742 0.8187 0.0000
vn -0.5787 0.8156 0.0000
vn -0.5833 0.8123 0.0000
vn -0.5516 0.8341 0.0000
vn -0.5512 0.8343 0.0000
vn -0.4034 0.9150 0.0000
vn -0.3126 0.9499 0.0000
vn -0.2189 0.9758 0.0000
vn -0.0941 0.9956 0.0000
vn 0.0031 1.0000 0.0000
vn 0.1096 0.9940 0.0000
vn 0.2148 0.9767 0.0000
vn 0.3087 0.9512 0.0000
vn 0.4187 0.9081 0.0000
vn 0.4862 0.8738 0.0000
vn 0.5509 0.8346 0.0000
vn 0.5512 0.8343 0.0000
vn 0.5512 0.8343 0.0000
vn 0.5512 0.8343 0.0000
vn 0.5516 0.8341 0.0000
vn 0.5525 0.8335 0.0000
vn 0.5541 0.8325 0.0000
vn 0.5562 0.8310 0.0000
vn 0.5589 0.8293 0.0000
vn 0.5620 0.8271 0.0000
vn 0.5656 0.8247 0.0000
vn 0.5696 0.8219 0.0000
vn 0.5739 0.8190 0.0000
vn 0.5783 0.8158 0.0000
vn 0.5829 0.8125 0.0000
vn 0.5876 0.8091 0.0000
vn 0.6229 0.7823 0.0000
vn 0.6225 0.7826 0.0000
vn 0.6216 0.7833 0.0000
vn 0.6202 0.7845 0.0000
vn 0.6182 0.7860 0.0000
vn 0.6156 0.7880 0.0000
vn 0.6127 0.7904 0.0000
vn 0.6092 0.7930 0.0000
vn 0.6054 0.7959 0.0000
vn 0.6012 0.7991 0.0000
vn 0.5968 0.8024 0.0000
vn 0.5923 0.8057 0.0000
vn 0.6229 0.7823 0.0000
vn 0.6232 0.7821 0.0000
vn 0.7316 0.6818 0.0000
vn 0.8240 0.5666 0.0000
vn 0.8985 0.4391 0.0000
vn 0.9533 0.3020 0.0000
vn 0.9874 0.1583 0.0000
vn 0.9964 0.0849 0.0000
vn 0.9999 0.0111 0.0000
vn 0.9999 -0.0111 0.0000
vn 0.9921 -0.1255 0.0000
vn 0.9805 -0.1963 0.0000
vn 0.9640 -0.2661 0.0000
vn 0.9639 -0.2664 0.0000
vn 0.9639 -0.2664 0.0000
vn 0.9639 -0.2664 0.0000
vn 0.9639 -0.2664 0.0000
vn 0.9637 -0.2668 0.0000
vn 0.9634 -0.2679 0.0000
vn 0.9629 -0.2697 0.0000
vn 0.9622 -0.2722 0.0000
vn 0.9614 -0.2753 0.0000
vn 0.9603 -0.2789 0.0000
vn 0.9591 -0.2831 0.0000
vn 0.9577 -0.2877 0.0000
vn 0.9562 -0.2927 0.0000
vn 0.9546 -0.2979 0.0000
vn 0.9529 -0.3033 0.0000
vn 0.9511 -0.3088 0.0000
vn 0.9365 -0.3506 0.0000
vn 0.9367 -0.3502 0.0000
vn 0.9371 -0.3492 0.0000
vn 0.9377 -0.3474 0.0000
vn 0.9386 -0.3450 0.0000
vn 0.9397 -0.3420 0.0000
vn 0.9410 -0.3384 0.0000
vn 0.9425 -0.3343 0.0000
vn 0.9441 -0.3298 0.0000
vn 0.9458 -0.3249 0.0000
vn 0.9475 -0.3197 0.0000
vn 0.9493 -0.3143 0.0000
vn 0.9365 -0.3506 0.0000
vn 0.9364 -0.3510 0.0000
vn 0.0448 -0.9990 0.0000
vn 0.2119 -0.9773 0.0000
vn 0.3058 -0.9521 0.0000
vn 0.3968 -0.9179 0.0000
vn 0.5094 -0.8605 0.0000
vn 0.5906 -0.8070 0.0000
vn 0.6732 -0.7395 0.0000
vn 0.7481 -0.6636 0.0000
vn 0.8090 -0.5878 0.0000
vn 0.8727 -0.4882 0.0000
vn 0.9071 -0.4208 0.0000
vn 0.0444 -0.9990 0.0000
vn 0.5881 -0.8088 0.0000
vn 0.5881 -0.8088 0.0000
vn 0.5881 -0.8088 0.0000
vn 0.5881 -0.8088 0.0000
vn 0.5881 -0.8088 0.0000
vn 0.5881 -0.8088 0.0000
vn 0.5881 -0.8088 0.0000
vn 0.5881 -0.8088 0.0000
vn 0.5881 -0.8088 0.0000
vn 0.5881 -0.8088 0.0000
vn 0.5881 -0.8088 0.0000
vn 0.5881 -0.8088 0.0000
vn 0.0035 0.0025 1.0000
vn 0.0036 0.0026 1.0000
vn 0.8088 0.5881 -0.0000
vn 0.7966 0.5792 0.1732
vn 0.7603 0.5528 0.3411
vn 0.7010 0.5097 0.4988
vn 0.6206 0.4512 0.6413
vn 0.5214 0.3791 0.7645
vn 0.4064 0.2955 0.8646
vn 0.2792 0.2030 0.9385
vn 0.1435 0.1043 0.9841
vn 0.8088 0.5881 -0.0000
vn 0.8019 0.5831 0.1302
vn 0.7814 0.5682 0.2581
vn 0.7476 0.5436 0.3817
vn 0.7010 0.5098 0.4987
vn 0.6426 0.4672 0.6073
vn 0.5732 0.4168 0.7055
vn 0.4940 0.3592 0.7918
vn 0.4065 0.2956 0.8645
vn 0.3120 0.2269 0.9226
vn 0.2122 0.1543 0.9650
vn 0.1088 0.0791 0.9909
vn 0.9509 0.3094 -0.0000
vn 0.9509 0.3094 -0.0000
vn 0.9509 0.3094 -0.0000
vn 0.9509 0.3094 -0.0000
vn 0.9509 0.3094 -0.0000
vn 0.9509 0.3094 -0.0000
vn 0.9509 0.3094 -0.0000
vn 0.9509 0.3094 -0.0000
vn 0.9509 0.3094 -0.0000
vn 0.9509 0.3094 -0.0000
vn 0.9509 0.3094 -0.0000
vn 0.9509 0.3094 -0.0000
vn -0.0013 0.0041 1.0000
vn -0.0014 0.0042 1.0000
vn -0.3094 0.9509 -0.0000
vn -0.3047 0.9366 0.1732
vn -0.2908 0.8939 0.3411
vn -0.2682 0.8242 0.4988
vn -0.2374 0.7296 0.6413
vn -0.1994 0.6130 0.7645
vn -0.1555 0.4778 0.8646
vn -0.1068 0.3282 0.9385
vn -0.0549 0.1687 0.9841
vn -0.3094 0.9509 -0.0000
vn -0.3068 0.9428 0.1302
vn -0.2989 0.9187 0.2581
vn -0.2860 0.8790 0.3817
vn -0.2682 0.8242 0.4987
vn -0.2458 0.7555 0.6073
vn -0.2193 0.6739 0.7055
vn -0.1890 0.5808 0.7918
vn -0.1555 0.4779 0.8645
vn -0.1194 0.3668 0.9226
vn -0.0812 0.2495 0.9650
vn -0.0416 0.1280 0.9909
vn -0.0004 1.0000 0.0000
vn -0.0004 1.0000 0.0000
vn -0.0004 1.0000 0.0000
vn -0.0004 1.0000 0.0000
vn -0.0004 1.0000 0.0000
vn -0.0004 1.0000 0.0000
vn -0.0004 1.0000 0.0000
vn -0.0004 1.0000 0.0000
vn -0.0004 1.0000 0.0000
vn -0.0004 1.0000 0.0000
vn -0.0004 1.0000 0.0000
vn -0.0004 1.0000 0.0000
vn -0.0043 -0.0000 1.0000
vn -0.0045 -0.0000 1.0000
vn -1.0000 -0.0004 -0.0000
vn -0.9849 -0.0004 0.1732
vn -0.9400 -0.0004 0.3411
vn -0.8667 -0.0003 0.4988
vn -0.7673 -0.0003 0.6413
vn -0.6446 -0.0003 0.7645
vn -0.5025 -0.0002 0.8646
vn -0.3452 -0.0001 0.9385
vn -0.1774 -0.0001 0.9841
vn -1.0000 -0.0004 -0.0000
vn -0.9915 -0.0004 0.1302
vn -0.9661 -0.0004 0.2581
vn -0.9243 -0.0004 0.3817
vn -0.8668 -0.0003 0.4987
vn -0.7945 -0.0003 0.6073
vn -0.7087 -0.0003 0.7055
vn -0.6108 -0.0002 0.7918
vn -0.5026 -0.0002 0.8645
vn -0.3858 -0.0002 0.9226
vn -0.2624 -0.0001 0.9650
vn -0.1346 -0.0001 0.9909
vn -0.9512 0.3086 -0.0000
vn -0.9512 0.3086 -0.0000
vn -0.9512 0.3086 -0.0000
vn -0.9512 0.3086 -0.0000
vn -0.9512 0.3086 -0.0000
vn -0.9512 0.3086 -0.0000
vn -0.9512 0.3086 -0.0000
vn -0.9512 0.3086 -0.0000
vn -0.9512 0.3086 -0.0000
vn -0.9512 0.3086 -0.0000
vn -0.9512 0.3086 -0.0000
vn -0.9512 0.3086 -0.0000
vn -0.0013 -0.0041 1.0000
vn -0.0014 -0.0042 1.0000
vn -0.3086 -0.9512 -0.0000
vn -0.3040 -0.9368 0.1732
vn -0.2901 -0.8941 0.3411
vn -0.2675 -0.8244 0.4988
vn -0.2368 -0.7298 0.6413
vn -0.1990 -0.6131 0.7645
vn -0.1551 -0.4779 0.8646
vn -0.1065 -0.3283 0.9385
vn -0.0548 -0.1687 0.9841
vn -0.3086 -0.9512 -0.0000
vn -0.3060 -0.9431 0.1302
vn -0.2982 -0.9190 0.2581
vn -0.2853 -0.8792 0.3817
vn -0.2675 -0.8244 0.4987
vn -0.2452 -0.7557 0.6073
vn -0.2187 -0.6741 0.7055
vn -0.1885 -0.5810 0.7918
vn -0.1551 -0.4780 0.8645
vn -0.1191 -0.3669 0.9226
vn -0.0810 -0.2496 0.9650
vn -0.0415 -0.1280 0.9909
vn 0.0000 0.0000 1.0000
vn 0.0000 0.0000 1.0000
vn 0.0000 0.0000 1.0000
vn 0.0000 0.0000 1.0000
vn 0.0000 0.0000 1.0000
vn 0.0000 0.0000 1.0000
vn 0.0000 0.0000 1.0000
vn 0.0000 0.0000 1.0000
vn 0.0000 0.0000 1.0000
vn 0.0000 0.0000 1.0000
vn 0.0000 0.0000 1.0000
vn 0.0000 0.0000 1.0000
vn 0.0000 0.0000 1.0000
vn 0.0000 0.0000 1.0000
vn 0.0000 0.0000 1.0000
vn 0.0000 0.0000 1.0000
vn 0.0000 0.0000 1.0000
vn 0.0000 0.0000 1.0000
vn 0.0000 0.0000 1.0000
vn 0.0000 0.0000 1.0000
vn 0.0000 0.0000 1.0000
vn 0.0000 0.0000 1.0000
vn 0.0000 0.0000 1.0000
vn 0.0000 0.0000 1.0000
vn 0.0000 0.0000 1.0000
vn -0.8658 -0.5003 0.0095
vn -0.8660 -0.4999 0.0098
vn -0.8611 -0.5084 0.0003
vn -0.8736 -0.4804 0.0773
vn -0.8349 -0.5490 -0.0396
vn -0.7606 -0.6400 -0.1085
vn -0.6610 -0.7295 -0.1757
vn -0.5468 -0.8038 -0.2343
vn -0.4354 -0.8565 -0.2772
vn -0.3375 -0.8906 -0.3048
vn -0.2072 -0.9214 -0.3287
vn -0.1048 -0.9350 -0.3388
vn -0.0000 -0.9397 -0.3420
vn -0.0000 -0.9397 -0.3420
vn -0.0000 -0.9842 -0.1771
vn -0.0000 -0.9999 -0.0149
vn 0.0000 -0.9908 0.1353
vn -0.0000 -0.9592 0.2826
vn 0.0000 -0.9069 0.4213
vn -0.0000 -0.8368 0.5475
vn 0.0000 -0.7519 0.6593
vn -0.0000 -0.6542 0.7563
vn 0.0000 -0.5449 0.8385
vn 0.0000 -0.4234 0.9059
vn -0.0000 -0.2887 0.9574
vn -0.0000 -0.1591 0.9873
vn -0.0000 -0.0178 0.9998
vn -0.8710 -0.4902 0.0321
vn -0.8735 -0.4805 0.0778
vn -0.8737 -0.4682 0.1320
vn -0.8717 -0.4457 0.2038
vn -0.8663 -0.4190 0.2720
vn -0.8561 -0.3889 0.3405
vn -0.8426 -0.3627 0.3981
vn -0.8252 -0.3398 0.4512
vn -0.8037 -0.3192 0.5023
vn -0.7772 -0.2977 0.5544
vn -0.7448 -0.2725 0.6091
vn -0.7052 -0.2427 0.6662
vn -0.6824 -0.2263 0.6951
vn -0.6575 -0.2092 0.7238
vn -0.6164 -0.1826 0.7659
vn -0.5716 -0.1562 0.8055
vn -0.5232 -0.1309 0.8421
vn -0.4714 -0.1071 0.8754
vn -0.4161 -0.0852 0.9053
vn -0.3584 -0.0661 0.9312
vn -0.2987 -0.0500 0.9530
vn -0.2369 -0.0371 0.9708
vn -0.1794 -0.0281 0.9834
vn -0.1208 -0.0218 0.9924
vn -0.0617 -0.0184 0.9979
vn -0.0298 -0.0185 0.9994
vn -0.0102 -0.0211 0.9997
vn -0.0271 -0.0350 0.9990
vn -0.0804 -0.0721 0.9942
vn -0.1202 -0.1021 0.9875
vn -0.1436 -0.1202 0.9823
vn -0.1603 -0.1336 0.9780
vn -0.2126 -0.1777 0.9608
vn -0.2638 -0.2238 0.9383
vn -0.2796 -0.2386 0.9300
vn -0.3014 -0.2596 0.9175
vn -0.3604 -0.3198 0.8762
vn -0.4092 -0.3734 0.8325
vn -0.4194 -0.3850 0.8221
vn -0.4340 -0.4022 0.8062
vn -0.4609 -0.4354 0.7733
vn -0.4923 -0.4777 0.7277
vn -0.4378 -0.8969 -0.0630
vn -0.4765 -0.8791 -0.0145
vn -0.3927 -0.9130 -0.1104
vn -0.3406 -0.9270 -0.1568
vn -0.3191 -0.9316 -0.1738
vn -0.2967 -0.9358 -0.1906
vn -0.2495 -0.9424 -0.2228
vn -0.2034 -0.9464 -0.2508
vn -0.1817 -0.9476 -0.2628
vn -0.1466 -0.9484 -0.2811
vn -0.1109 -0.9480 -0.2982
vn -0.0744 -0.9465 -0.3140
vn -0.0466 -0.9445 -0.3251
vn -0.7015 -0.4173 0.5777
vn -0.5128 -0.5086 0.6916
vn -0.7067 -0.4235 0.5668
vn -0.5221 -0.5242 0.6728
vn -0.7100 -0.4277 0.5595
vn -0.5280 -0.5346 0.6598
vn -0.2422 -0.5248 0.8161
vn -0.7202 -0.4418 0.5349
vn -0.7784 -0.4291 0.4582
vn -0.7275 -0.4528 0.5156
vn -0.5417 -0.5607 0.6262
vn -0.1673 -0.5733 0.8021
vn -0.7362 -0.4676 0.4893
vn -0.3499 -0.5608 0.7504
vn -0.2622 -0.5823 0.7695
vn -0.7943 -0.4611 0.3955
vn -0.3570 -0.5778 0.7339
vn -0.7455 -0.4860 0.4561
vn -0.6869 -0.5111 0.5166
vn -0.5601 -0.6025 0.5686
vn -0.3608 -0.5872 0.7245
vn -0.2677 -0.5996 0.7542
vn -0.2704 -0.6082 0.7463
vn -0.3659 -0.6004 0.7111
vn -0.7530 -0.5027 0.4247
vn -0.2721 -0.6140 0.7410
vn -0.2762 -0.6282 0.7274
vn -0.8058 -0.4931 0.3279
vn -0.7597 -0.5203 0.3900
vn -0.7034 -0.5480 0.4526
vn -0.5745 -0.6425 0.5071
vn -0.7648 -0.5356 0.3580
vn -0.3862 -0.6605 0.6439
vn -0.8126 -0.5196 0.2640
vn -0.1884 -0.6780 0.7105
vn -0.7682 -0.5472 0.3324
vn -0.7143 -0.5793 0.3927
vn -0.5824 -0.6701 0.4601
vn -0.2902 -0.6827 0.6706
vn -0.7719 -0.5626 0.2960
vn -0.3943 -0.6891 0.6080
vn -0.2950 -0.7042 0.6458
vn -0.7732 -0.5688 0.2804
vn -0.7208 -0.6033 0.3413
vn -0.5864 -0.6870 0.4291
vn -0.8163 -0.5438 0.1948
vn -0.7746 -0.5774 0.2579
vn -0.4003 -0.7131 0.5755
vn -0.2994 -0.7253 0.6200
vn -0.7231 -0.6145 0.3156
vn -0.5904 -0.7101 0.3836
vn -0.3023 -0.7406 0.6001
vn -0.7758 -0.5889 0.2267
vn -0.7758 -0.5982 0.2007
vn -0.8158 -0.5616 0.1383
vn -0.7255 -0.6370 0.2606
vn -0.5918 -0.7376 0.3250
vn -0.4097 -0.7601 0.5044
vn -0.2031 -0.7829 0.5881
vn -0.3094 -0.7875 0.5330
vn -0.4118 -0.7746 0.4801
vn -0.7744 -0.6101 0.1676
vn -0.3104 -0.7964 0.5189
vn -0.7729 -0.6164 0.1509
vn -0.7239 -0.6584 0.2063
vn -0.5899 -0.7564 0.2827
vn -0.3117 -0.8095 0.4977
vn -0.4136 -0.7938 0.4458
vn -0.7716 -0.6205 0.1404
vn -0.7219 -0.6665 0.1862
vn -0.5872 -0.7681 0.2553
vn -0.8084 -0.5831 0.0800
vn -0.7692 -0.6266 0.1254
vn -0.3127 -0.8260 0.4689
vn -0.7192 -0.6744 0.1671
vn -0.5810 -0.7847 0.2160
vn -0.8031 -0.5925 0.0628
vn -0.7636 -0.6377 0.1013
vn -0.4131 -0.8351 0.3633
vn -0.2076 -0.8643 0.4581
vn -0.7605 -0.6428 0.0919
vn -0.7602 -0.6432 0.0912
vn -0.7109 -0.6912 0.1297
vn -0.5739 -0.7976 0.1855
vn -0.3121 -0.8629 0.3974
vn -0.7577 -0.6471 0.0852
vn -0.5675 -0.8069 0.1640
vn -0.4115 -0.8462 0.3387
vn -0.7533 -0.6537 0.0727
vn -0.3111 -0.8732 0.3752
vn -0.7491 -0.6595 0.0627
vn -0.5586 -0.8179 0.1378
vn -0.4092 -0.8566 0.3143
vn -0.3101 -0.8797 0.3604
vn -0.4059 -0.8675 0.2877
vn -0.3084 -0.8892 0.3381
vn -0.3065 -0.8966 0.3196
vn -0.7328 -0.6798 0.0306
vn -0.5368 -0.8393 0.0859
vn -0.7209 -0.6929 0.0116
vn -0.7177 -0.6963 0.0068
vn -0.5304 -0.8446 0.0731
vn -0.7143 -0.6998 0.0020
vn -0.5238 -0.8497 0.0604
vn -0.3932 -0.8926 0.2204
vn -0.2004 -0.9290 0.3111
vn -0.7074 -0.7068 -0.0076
vn -0.5094 -0.8598 0.0351
vn -0.3891 -0.8985 0.2033
vn -0.2959 -0.9230 0.2461
vn -0.2939 -0.9266 0.2348
vn -0.3813 -0.9079 0.1740
vn -0.2910 -0.9312 0.2197
vn -0.3740 -0.9152 0.1497
vn -0.2846 -0.9397 0.1895
vn -0.3709 -0.9180 0.1400
vn -0.2829 -0.9417 0.1820
vn -0.2811 -0.9437 0.1745
vn -0.1801 -0.9700 0.1634
vn -0.2614 -0.9599 0.1018
vn 0.0000 -0.0178 0.9998
vn 0.0137 -0.0209 0.9997
vn 0.0378 -0.0177 0.9991
vn 0.0726 -0.0199 0.9972
vn 0.1447 -0.0241 0.9892
vn 0.2153 -0.0334 0.9760
vn 0.2838 -0.0466 0.9577
vn 0.3496 -0.0635 0.9347
vn 0.4125 -0.0839 0.9071
vn 0.4727 -0.1077 0.8746
vn 0.5294 -0.1340 0.8377
vn 0.5817 -0.1619 0.7972
vn 0.6294 -0.1907 0.7533
vn 0.6569 -0.2087 0.7245
vn 0.6826 -0.2264 0.6949
vn 0.7062 -0.2434 0.6649
vn 0.7276 -0.2594 0.6351
vn 0.7505 -0.2768 0.6001
vn 0.7707 -0.2925 0.5660
vn 0.7906 -0.3082 0.5291
vn 0.8078 -0.3228 0.4933
vn 0.8226 -0.3370 0.4581
vn 0.8354 -0.3522 0.4220
vn 0.8464 -0.3691 0.3839
vn 0.8555 -0.3875 0.3434
vn 0.8627 -0.4067 0.3007
vn 0.8678 -0.4252 0.2572
vn 0.8735 -0.4637 0.1483
vn 0.8734 -0.4818 0.0709
vn 0.8699 -0.4927 0.0236
vn 0.8611 -0.5084 0.0003
vn 0.8736 -0.4805 0.0770
vn 0.0000 -0.9397 -0.3420
vn 0.1270 -0.9328 -0.3372
vn 0.2491 -0.9132 -0.3225
vn 0.3626 -0.8828 -0.2986
vn 0.4650 -0.8441 -0.2671
vn 0.5526 -0.8006 -0.2317
vn 0.6258 -0.7551 -0.1956
vn 0.7014 -0.6967 -0.1507
vn 0.7631 -0.6374 -0.1066
vn 0.8184 -0.5718 -0.0577
vn 0.8656 -0.5007 0.0092
vn -0.0000 0.9397 0.3420
vn 0.0000 -0.9842 -0.1771
vn 0.0000 -0.9999 -0.0149
vn -0.0000 -0.9908 0.1353
vn 0.0000 -0.9592 0.2826
vn -0.0000 -0.9069 0.4213
vn 0.0000 -0.8368 0.5475
vn -0.0000 -0.7519 0.6593
vn 0.0000 -0.6542 0.7563
vn -0.0000 -0.5449 0.8385
vn -0.0000 -0.4234 0.9059
vn 0.0000 -0.2887 0.9574
vn 0.0000 -0.1591 0.9873
vn 0.0271 -0.0350 0.9990
vn 0.0804 -0.0721 0.9942
vn 0.1202 -0.1021 0.9875
vn 0.1436 -0.1202 0.9823
vn 0.1603 -0.1336 0.9780
vn 0.2126 -0.1777 0.9608
vn 0.2638 -0.2238 0.9383
vn 0.2796 -0.2386 0.9300
vn 0.3014 -0.2596 0.9175
vn 0.3604 -0.3198 0.8762
vn 0.4092 -0.3734 0.8325
vn 0.4194 -0.3850 0.8221
vn 0.4340 -0.4022 0.8062
vn 0.4609 -0.4354 0.7733
vn 0.4923 -0.4777 0.7277
vn 0.4378 -0.8969 -0.0630
vn 0.4765 -0.8791 -0.0145
vn 0.3927 -0.9130 -0.1104
vn 0.3406 -0.9270 -0.1568
vn 0.3191 -0.9316 -0.1738
vn 0.2967 -0.9358 -0.1906
vn 0.2495 -0.9424 -0.2228
vn 0.2034 -0.9464 -0.2508
vn 0.1817 -0.9476 -0.2628
vn 0.1466 -0.9484 -0.2811
vn 0.1109 -0.9480 -0.2982
vn 0.0744 -0.9465 -0.3140
vn 0.0466 -0.9445 -0.3251
vn 0.7000 -0.4154 0.5809
vn 0.5221 -0.5242 0.6728
vn 0.5128 -0.5086 0.6916
vn 0.7127 -0.4312 0.5533
vn 0.5280 -0.5346 0.6598
vn 0.2422 -0.5248 0.8161
vn 0.7158 -0.4355 0.5458
vn 0.7227 -0.4454 0.5285
vn 0.7795 -0.4310 0.4545
vn 0.7297 -0.4565 0.5090
vn 0.6711 -0.4827 0.5627
vn 0.5417 -0.5607 0.6262
vn 0.7358 -0.4669 0.4906
vn 0.1673 -0.5733 0.8021
vn 0.3499 -0.5608 0.7504
vn 0.7922 -0.4562 0.4054
vn 0.2622 -0.5823 0.7695
vn 0.3570 -0.5778 0.7339
vn 0.7452 -0.4852 0.4575
vn 0.6867 -0.5106 0.5174
vn 0.5601 -0.6025 0.5686
vn 0.3608 -0.5872 0.7245
vn 0.7977 -0.4696 0.3782
vn 0.2677 -0.5996 0.7542
vn 0.7500 -0.4958 0.4378
vn 0.2704 -0.6082 0.7463
vn 0.3659 -0.6004 0.7111
vn 0.2721 -0.6140 0.7410
vn 0.7544 -0.5062 0.4180
vn 0.2762 -0.6282 0.7274
vn 0.7609 -0.5237 0.3832
vn 0.7043 -0.5504 0.4482
vn 0.5745 -0.6425 0.5071
vn 0.8106 -0.5107 0.2864
vn 0.7649 -0.5360 0.3573
vn 0.7117 -0.5711 0.4090
vn 0.5824 -0.6701 0.4601
vn 0.3862 -0.6605 0.6439
vn 0.1884 -0.6780 0.7105
vn 0.2902 -0.6827 0.6706
vn 0.7711 -0.5590 0.3048
vn 0.3943 -0.6891 0.6080
vn 0.7725 -0.5654 0.2890
vn 0.2950 -0.7042 0.6458
vn 0.7202 -0.6007 0.3472
vn 0.5864 -0.6870 0.4291
vn 0.7742 -0.5743 0.2661
vn 0.8163 -0.5432 0.1967
vn 0.4003 -0.7131 0.5755
vn 0.2994 -0.7253 0.6200
vn 0.7226 -0.6121 0.3212
vn 0.5904 -0.7101 0.3836
vn 0.3023 -0.7406 0.6001
vn 0.7759 -0.5905 0.2221
vn 0.7758 -0.5997 0.1964
vn 0.7256 -0.6382 0.2574
vn 0.5918 -0.7376 0.3250
vn 0.4097 -0.7601 0.5044
vn 0.2031 -0.7829 0.5881
vn 0.7751 -0.6062 0.1782
vn 0.8145 -0.5675 0.1203
vn 0.3094 -0.7875 0.5330
vn 0.4118 -0.7746 0.4801
vn 0.7251 -0.6504 0.2265
vn 0.5899 -0.7564 0.2827
vn 0.3104 -0.7964 0.5189
vn 0.3117 -0.8095 0.4977
vn 0.4136 -0.7938 0.4458
vn 0.7719 -0.6194 0.1431
vn 0.7705 -0.6235 0.1329
vn 0.7212 -0.6688 0.1804
vn 0.5872 -0.7681 0.2553
vn 0.3127 -0.8260 0.4689
vn 0.7678 -0.6296 0.1185
vn 0.8062 -0.5873 0.0715
vn 0.7183 -0.6766 0.1617
vn 0.5810 -0.7847 0.2160
vn 0.4131 -0.8351 0.3633
vn 0.7608 -0.6422 0.0929
vn 0.2076 -0.8643 0.4581
vn 0.3121 -0.8629 0.3974
vn 0.7577 -0.6471 0.0852
vn 0.4115 -0.8462 0.3387
vn 0.7088 -0.6946 0.1230
vn 0.5739 -0.7976 0.1855
vn 0.5675 -0.8069 0.1640
vn 0.7533 -0.6537 0.0727
vn 0.3111 -0.8732 0.3752
vn 0.7491 -0.6595 0.0627
vn 0.4092 -0.8566 0.3143
vn 0.3101 -0.8797 0.3604
vn 0.4059 -0.8675 0.2877
vn 0.7398 -0.6714 0.0436
vn 0.5304 -0.8446 0.0731
vn 0.5368 -0.8393 0.0859
vn 0.3084 -0.8892 0.3381
vn 0.6889 -0.7213 0.0724
vn 0.5586 -0.8179 0.1378
vn 0.3065 -0.8966 0.3196
vn 0.3932 -0.8926 0.2204
vn 0.2004 -0.9290 0.3111
vn 0.3891 -0.8985 0.2033
vn 0.2959 -0.9230 0.2461
vn 0.2939 -0.9266 0.2348
vn 0.3813 -0.9079 0.1740
vn 0.2910 -0.9312 0.2197
vn 0.6799 -0.7321 -0.0406
vn 0.5238 -0.8497 0.0604
vn 0.5094 -0.8598 0.0351
vn 0.3740 -0.9152 0.1497
vn 0.2846 -0.9397 0.1895
vn 0.3709 -0.9180 0.1400
vn 0.2829 -0.9417 0.1820
vn 0.2811 -0.9437 0.1745
vn 0.1801 -0.9700 0.1634
vn 0.2614 -0.9599 0.1018
vn 0.0279 -0.9495 -0.3125
vn 0.0186 -0.9464 -0.3225
vn 0.0117 -0.9439 -0.3299
vn 0.0070 -0.9457 -0.3251
vn 0.0047 -0.9437 -0.3308
vn 0.0029 -0.9422 -0.3350
vn 0.0017 -0.9429 -0.3330
vn 0.0012 -0.9419 -0.3360
vn 0.0007 -0.9410 -0.3383
vn 0.0004 -0.9414 -0.3374
vn 0.0003 -0.9408 -0.3389
vn 0.0002 -0.9404 -0.3401
vn 0.0001 -0.9405 -0.3397
vn 0.0001 -0.9403 -0.3404
vn -0.0000 -0.8660 0.5000
vn -0.0000 -0.8660 0.5000
vn -0.0000 -0.8660 0.5000
vn -0.0000 -0.8660 0.5000
vn -0.0000 -0.8660 0.5000
vn -0.0000 -0.8660 0.5000
vn -0.0000 -0.8660 0.5000
vn -0.0000 -0.8660 0.5000
vn -0.0000 -0.8660 0.5000
vn -0.0000 -0.8660 0.5000
vn -0.0000 -0.8660 0.5000
vn -0.0000 -0.8660 0.5000
vn -0.0000 -0.8660 0.5000
vn -0.0000 -0.8660 0.5000
vn -0.0000 -0.8660 0.5000
vn -0.0000 -0.8660 0.5000
vn -0.0000 -0.8660 0.5000
vn -0.0000 -0.8660 0.5000
vn -0.0000 -0.8660 0.5000
vn -0.0000 -0.8660 0.5000
vn -0.0000 -0.8660 0.5000
vn -0.0000 -0.8660 0.5000
vn -0.0000 -0.8660 0.5000
vn -0.0000 -0.8660 0.5000
vn -0.0000 -0.8660 0.5000
vn -0.0000 -0.8660 0.5000
vn -0.0000 -0.8660 0.5000
vn -0.0000 -0.8660 0.5000
vn 0.0000 0.8660 -0.5000
vn 0.0000 0.8660 -0.5000
vn 0.0000 0.8660 -0.5000
vn 0.0000 0.8660 -0.5000
vn 0.0000 0.8660 -0.5000
vn 0.0000 0.8660 -0.5000
vn 0.0000 0.8660 -0.5000
vn 0.0000 0.8660 -0.5000
vn 0.0000 0.8660 -0.5000
vn 0.0000 0.8660 -0.5000
vn 0.0000 0.8660 -0.5000
vn -0.0000 -0.8660 0.5000
vn -0.0000 -0.8660 0.5000
vn 0.0000 -0.0000 -1.0000
vn -0.0000 -0.1568 -0.9876
vn -0.0000 -0.3145 -0.9493
vn -0.0000 -0.4665 -0.8845
vn -0.0000 -0.6063 -0.7952
vn -0.0000 -0.7285 -0.6851
vn -0.0000 -0.8138 -0.5812
vn -0.0000 -0.8826 -0.4701
vn -0.5857 0.0000 0.8105
vn -0.7260 0.0003 0.6877
vn -0.8354 0.0001 0.5496
vn -0.9170 0.0003 0.3989
vn -0.9705 -0.0001 0.2412
vn -0.9970 0.0002 0.0771
vn -0.9960 0.0001 -0.0890
vn -0.9669 0.0000 -0.2551
vn -0.9080 -0.0004 -0.4189
vn -0.8168 -0.0002 -0.5769
vn -0.6912 -0.0002 -0.7227
vn -0.5602 0.0001 -0.8283
vn -0.4321 -0.0001 -0.9018
vn -0.3108 0.0004 -0.9505
vn -0.1932 0.0005 -0.9812
vn -0.0989 0.0002 -0.9951
vn 0.0659 -0.6970 -0.7141
vn -0.0536 -0.7803 -0.6231
vn -0.1715 -0.8407 -0.5137
vn -0.2843 -0.8762 -0.3891
vn -0.3887 -0.8859 -0.2530
vn -0.4817 -0.8695 -0.1094
vn -0.5604 -0.8274 0.0374
vn -0.6225 -0.7609 0.1831
vn -0.6664 -0.6719 0.3233
vn -0.6906 -0.5630 0.4540
vn -0.6944 -0.4375 0.5713
vn -0.6778 -0.2990 0.6717
vn -0.6412 -0.1518 0.7522
vn 0.0168 -0.8819 -0.4711
vn 0.0324 -0.8799 -0.4740
vn 0.0474 -0.8772 -0.4777
vn 0.0620 -0.8744 -0.4813
vn 0.0762 -0.8713 -0.4848
vn 0.0894 -0.8675 -0.4894
vn 0.1007 -0.8626 -0.4957
vn 0.1101 -0.8571 -0.5032
vn 0.1201 -0.8491 -0.5144
vn 0.1289 -0.8392 -0.5283
vn 0.1349 -0.8286 -0.5433
vn 0.1377 -0.8171 -0.5598
vn 0.1374 -0.8049 -0.5772
vn 0.1344 -0.7919 -0.5956
vn 0.1286 -0.7782 -0.6147
vn 0.1207 -0.7638 -0.6341
vn 0.1110 -0.7489 -0.6534
vn 0.0996 -0.7337 -0.6722
vn 0.0867 -0.7182 -0.6904
vn 0.0768 -0.7075 -0.7025
vn -0.1764 -0.5196 -0.8360
vn -0.3382 -0.5332 -0.7755
vn -0.6939 -0.7154 -0.0816
vn -0.6037 -0.2781 -0.7471
vn -0.4771 -0.5539 -0.6823
vn -0.7448 -0.2890 -0.6014
vn -0.1734 -0.7485 -0.6400
vn -0.8489 -0.3019 -0.4338
vn -0.1859 -0.7515 -0.6330
vn -0.8773 -0.3074 -0.3687
vn -0.5886 -0.5808 -0.5623
vn -0.2121 -0.7584 -0.6163
vn -0.2232 -0.7619 -0.6081
vn -0.9147 -0.3175 -0.2502
vn -0.2340 -0.7655 -0.5994
vn -0.9287 -0.3239 -0.1804
vn -0.6680 -0.6145 -0.4198
vn -0.2444 -0.7691 -0.5905
vn -0.9373 -0.3308 -0.1094
vn -0.2660 -0.7777 -0.5696
vn -0.9386 -0.3445 0.0178
vn -0.2748 -0.7819 -0.5596
vn -0.2832 -0.7862 -0.5493
vn -0.9313 -0.3527 0.0914
vn -0.7076 -0.6575 -0.2589
vn -0.2985 -0.7970 -0.5250
vn -0.9023 -0.3698 0.2214
vn -0.3042 -0.8023 -0.5136
vn -0.8758 -0.3809 0.2965
vn -0.3087 -0.8080 -0.5018
vn -0.8407 -0.3933 0.3722
vn -0.3139 -0.8227 -0.4740
vn -0.3138 -0.8301 -0.4609
vn -0.3118 -0.8382 -0.4473
vn -0.5271 -0.5643 -0.6354
vn -0.6154 -0.5900 -0.5227
vn -0.6360 -0.5982 -0.4875
vn -0.6847 -0.6263 -0.3729
vn -0.7096 -0.6798 -0.1856
vn -0.7055 -0.6945 -0.1409
vn 0.0659 -0.6970 -0.7141
vn 0.0556 -0.6885 -0.7231
vn 0.0447 -0.6815 -0.7305
vn 0.0336 -0.6760 -0.7361
vn 0.0225 -0.6723 -0.7400
vn 0.0111 -0.6699 -0.7423
vn 0.0000 -0.6691 -0.7432
vn -0.0536 -0.7803 -0.6231
vn -0.1716 -0.8406 -0.5138
vn -0.2846 -0.8761 -0.3893
vn -0.3892 -0.8856 -0.2533
vn -0.4823 -0.8691 -0.1099
vn -0.5612 -0.8269 0.0368
vn -0.6235 -0.7602 0.1824
vn -0.6674 -0.6712 0.3226
vn -0.6915 -0.5624 0.4534
vn -0.6952 -0.4370 0.5707
vn -0.6783 -0.2987 0.6713
vn -0.6415 -0.1516 0.7520
vn -0.5857 -0.0000 0.8105
vn -0.4428 -0.2016 0.8736
vn -0.2905 -0.3299 0.8982
vn -0.1428 -0.4004 0.9051
vn -0.0000 -0.4236 0.9059
vn 0.0000 -0.7815 -0.6239
vn 0.0000 -0.8730 -0.4877
vn 0.0001 -0.9411 -0.3382
vn 0.0001 -0.9838 -0.1795
vn 0.0002 -0.9999 -0.0163
vn 0.0002 -0.9891 0.1473
vn 0.0002 -0.9518 0.3069
vn 0.0002 -0.8888 0.4583
vn 0.0001 -0.8017 0.5977
vn 0.0001 -0.6930 0.7209
vn 0.0000 -0.5658 0.8245
vn 0.0002 -0.9891 0.1473
vn -0.2558 -0.9544 0.1539
vn -0.4126 -0.8989 0.1478
vn -0.0950 -0.9258 -0.3659
vn -0.1167 -0.9234 -0.3656
vn -0.1401 -0.9200 -0.3661
vn -0.1779 -0.9124 -0.3686
vn -0.3143 -0.7111 0.6288
vn -0.4040 -0.6661 0.6270
vn -0.5744 -0.7204 0.3886
vn -0.4964 -0.6079 0.6197
vn 0.0000 0.0000 -1.0000
vn -0.0000 -0.1568 -0.9876
vn -0.0000 -0.3145 -0.9493
vn -0.0000 -0.4665 -0.8845
vn -0.0000 -0.6063 -0.7952
vn -0.0000 -0.7285 -0.6851
vn -0.0000 -0.8138 -0.5812
vn 0.0000 -0.8826 -0.4701
vn -0.0659 -0.6970 -0.7141
vn -0.0856 -0.7160 -0.6928
vn -0.1027 -0.7364 -0.6687
vn -0.1165 -0.7569 -0.6431
vn -0.1275 -0.7763 -0.6174
vn -0.1347 -0.7944 -0.5922
vn -0.1378 -0.8113 -0.5682
vn -0.1357 -0.8267 -0.5460
vn -0.1286 -0.8409 -0.5257
vn -0.1172 -0.8523 -0.5098
vn -0.1027 -0.8616 -0.4972
vn -0.0843 -0.8692 -0.4873
vn -0.0644 -0.8744 -0.4810
vn -0.0455 -0.8781 -0.4764
vn -0.0252 -0.8809 -0.4726
vn -0.0127 -0.8821 -0.4709
vn 0.5857 0.0000 0.8105
vn 0.6412 -0.1518 0.7522
vn 0.6778 -0.2990 0.6716
vn 0.6945 -0.4375 0.5713
vn 0.6906 -0.5630 0.4540
vn 0.6664 -0.6718 0.3233
vn 0.6226 -0.7609 0.1831
vn 0.5604 -0.8274 0.0374
vn 0.4817 -0.8695 -0.1094
vn 0.3888 -0.8859 -0.2530
vn 0.2843 -0.8762 -0.3891
vn 0.1715 -0.8407 -0.5137
vn 0.0536 -0.7803 -0.6231
vn 0.1126 0.0006 -0.9936
vn 0.2234 0.0005 -0.9747
vn 0.3278 0.0001 -0.9447
vn 0.4249 0.0001 -0.9052
vn 0.5144 -0.0000 -0.8575
vn 0.5952 -0.0001 -0.8036
vn 0.6897 0.0003 -0.7241
vn 0.7804 -0.0004 -0.6253
vn 0.8532 -0.0004 -0.5216
vn 0.9108 -0.0002 -0.4128
vn 0.9648 -0.0001 -0.2631
vn 0.9957 0.0001 -0.0926
vn 0.9970 0.0001 0.0779
vn 0.9694 0.0000 0.2454
vn 0.9136 0.0004 0.4065
vn 0.8285 0.0004 0.5600
vn 0.7215 0.0006 0.6924
vn 0.6939 -0.7154 -0.0816
vn 0.3385 -0.5332 -0.7753
vn 0.1765 -0.5196 -0.8360
vn 0.8393 -0.3936 0.3750
vn 0.8737 -0.3815 0.3019
vn 0.9013 -0.3703 0.2248
vn 0.3111 -0.8393 -0.4459
vn 0.9308 -0.3531 0.0948
vn 0.3136 -0.8286 -0.4638
vn 0.9386 -0.3445 0.0194
vn 0.7076 -0.6574 -0.2591
vn 0.3132 -0.8189 -0.4809
vn 0.9374 -0.3310 -0.1078
vn 0.3064 -0.8049 -0.5082
vn 0.9287 -0.3240 -0.1805
vn 0.2995 -0.7977 -0.5234
vn 0.9142 -0.3172 -0.2522
vn 0.6677 -0.6144 -0.4203
vn 0.2843 -0.7868 -0.5478
vn 0.8765 -0.3074 -0.3704
vn 0.2734 -0.7810 -0.5615
vn 0.8472 -0.3017 -0.4373
vn 0.5883 -0.5807 -0.5627
vn 0.2613 -0.7755 -0.5747
vn 0.2391 -0.7672 -0.5952
vn 0.7465 -0.2890 -0.5993
vn 0.2249 -0.7625 -0.6066
vn 0.7144 -0.2862 -0.6385
vn 0.4772 -0.5539 -0.6823
vn 0.2098 -0.7581 -0.6175
vn 0.5842 -0.2767 -0.7630
vn 0.1835 -0.7513 -0.6340
vn 0.1688 -0.7479 -0.6420
vn 0.7067 -0.6913 -0.1506
vn 0.6855 -0.6271 -0.3699
vn 0.6501 -0.6045 -0.4604
vn 0.6311 -0.5960 -0.4964
vn 0.5255 -0.5641 -0.6369
vn -0.0000 -0.6691 -0.7432
vn -0.0000 -0.7815 -0.6239
vn -0.0000 -0.8730 -0.4877
vn -0.0001 -0.9411 -0.3382
vn -0.0001 -0.9838 -0.1795
vn -0.0002 -0.9999 -0.0163
vn -0.0002 -0.9891 0.1473
vn -0.0002 -0.9518 0.3069
vn -0.0001 -0.8888 0.4583
vn -0.0001 -0.8017 0.5977
vn -0.0001 -0.6930 0.7209
vn -0.0000 -0.5658 0.8245
vn 0.0000 -0.4236 0.9059
vn 0.1428 -0.4004 0.9051
vn 0.2905 -0.3299 0.8982
vn 0.4428 -0.2016 0.8736
vn 0.5857 0.0000 0.8105
vn 0.6414 -0.1516 0.7520
vn 0.6783 -0.2987 0.6713
vn 0.6951 -0.4370 0.5708
vn 0.6914 -0.5624 0.4534
vn 0.6673 -0.6713 0.3227
vn 0.6234 -0.7603 0.1824
vn 0.5611 -0.8269 0.0368
vn 0.4823 -0.8691 -0.1098
vn 0.3892 -0.8857 -0.2533
vn 0.2846 -0.8761 -0.3893
vn 0.1716 -0.8406 -0.5137
vn 0.0536 -0.7803 -0.6231
vn -0.0659 -0.6970 -0.7141
vn -0.0164 -0.6708 -0.7414
vn -0.0327 -0.6757 -0.7365
vn -0.0438 -0.6810 -0.7310
vn -0.0552 -0.6881 -0.7235
vn 0.4128 -0.8988 0.1477
vn 0.2560 -0.9543 0.1539
vn 0.1758 -0.9129 -0.3684
vn 0.1382 -0.9203 -0.3661
vn 0.1149 -0.9236 -0.3656
vn 0.5745 -0.7204 0.3886
vn 0.4965 -0.6078 0.6197
vn 0.4042 -0.6660 0.6270
vn 0.3144 -0.7111 0.6289
vn 0.0000 -1.0000 0.0000
vn 0.1736 -0.9848 0.0000
vn 0.3420 -0.9397 0.0000
vn 0.5000 -0.8660 0.0000
vn 0.6428 -0.7660 0.0000
vn 0.7660 -0.6428 0.0000
vn 0.8660 -0.5000 0.0000
vn 0.9397 -0.3420 0.0000
vn 0.9848 -0.1736 0.0000
vn 1.0000 0.0000 0.0000
vn 0.9848 0.1736 0.0000
vn 0.9397 0.3420 0.0000
vn 0.8660 0.5000 0.0000
vn 0.7660 0.6428 0.0000
vn 0.6428 0.7660 0.0000
vn 0.5000 0.8660 0.0000
vn 0.3420 0.9397 0.0000
vn 0.1736 0.9848 0.0000
vn 0.0000 1.0000 0.0000
vn -0.1736 0.9848 0.0000
vn -0.3420 0.9397 0.0000
vn -0.5000 0.8660 0.0000
vn -0.6428 0.7660 0.0000
vn -0.7660 0.6428 0.0000
vn -0.8660 0.5000 0.0000
vn -0.9397 0.3420 0.0000
vn -0.9848 0.1736 0.0000
vn -1.0000 0.0000 0.0000
vn -0.9848 -0.1736 0.0000
vn -0.9397 -0.3420 0.0000
vn -0.8660 -0.5000 0.0000
vn -0.7660 -0.6428 0.0000
vn -0.6428 -0.7660 0.0000
vn -0.5000 -0.8660 0.0000
vn -0.3420 -0.9397 0.0000
vn -0.1736 -0.9848 0.0000
vn 0.0000 -1.0000 0.0000
vn 0.0000 -1.0000 0.0000
vn 0.0000 -1.0000 0.0000
vn -0.1736 -0.9848 0.0000
vn -0.3420 -0.9397 0.0000
vn -0.5000 -0.8660 0.0000
vn -0.6428 -0.7660 0.0000
vn -0.7660 -0.6428 0.0000
vn -0.8660 -0.5000 0.0000
vn -0.9397 -0.3420 0.0000
vn -0.9848 -0.1736 0.0000
vn -1.0000 -0.0000 0.0000
vn -0.9848 0.1736 0.0000
vn -0.9397 0.3420 0.0000
vn -0.8660 0.5000 0.0000
vn -0.7660 0.6428 0.0000
vn -0.6428 0.7660 0.0000
vn -0.5000 0.8660 0.0000
vn -0.3420 0.9397 0.0000
vn -0.1736 0.9848 0.0000
vn -0.0000 1.0000 0.0000
vn 0.1736 0.9848 0.0000
vn 0.3420 0.9397 0.0000
vn 0.5000 0.8660 0.0000
vn 0.6428 0.7660 0.0000
vn 0.7660 0.6428 0.0000
vn 0.8660 0.5000 0.0000
vn 0.9397 0.3420 0.0000
vn 0.9848 0.1736 0.0000
vn 1.0000 0.0000 0.0000
vn 0.9848 -0.1736 0.0000
vn 0.9397 -0.3420 0.0000
vn 0.8660 -0.5000 0.0000
vn 0.7660 -0.6428 0.0000
vn 0.6428 -0.7660 0.0000
vn 0.5000 -0.8660 0.0000
vn 0.3420 -0.9397 0.0000
vn 0.1736 -0.9848 0.0000
vn 0.0000 0.0000 -1.0000
vn 0.0000 0.0000 -1.0000
vn 0.0000 0.0000 -1.0000
vn 0.0000 0.0000 -1.0000
vn 0.0000 0.0000 -1.0000
vn 0.0000 0.0000 -1.0000
vn 0.0000 0.0000 -1.0000
vn 0.0000 0.0000 -1.0000
vn 0.0000 0.0000 -1.0000
vn 0.0000 0.0000 -1.0000
vn 0.0000 0.0000 -1.0000
vn 0.0000 0.0000 -1.0000
vn 0.0000 0.0000 -1.0000
vn 0.0000 0.0000 -1.0000
vn 0.0000 0.0000 -1.0000
vn 0.0000 0.0000 -1.0000
vn 0.0000 0.0000 -1.0000
vn 0.0000 0.0000 -1.0000
vn 0.0000 0.0000 -1.0000
vn 0.0000 0.0000 -1.0000
vn 0.0000 0.0000 -1.0000
vn 0.0000 0.0000 -1.0000
vn 0.0000 0.0000 -1.0000
vn 0.0000 0.0000 -1.0000
vn 0.0000 0.0000 -1.0000
vn 0.0000 0.0000 -1.0000
vn 0.0000 0.0000 -1.0000
vn 0.0000 0.0000 -1.0000
vn 0.0000 0.0000 -1.0000
vn 0.0000 0.0000 -1.0000
vn 0.0000 0.0000 -1.0000
vn 0.0000 0.0000 -1.0000
vn 0.0000 0.0000 -1.0000
vn 0.0000 0.0000 -1.0000
vn 0.0000 0.0000 -1.0000
vn 0.0000 0.0000 -1.0000
vn 0.0000 -0.0000 1.0000
vn 0.0000 -0.0000 1.0000
vn 0.0000 -0.0000 1.0000
vn 0.0000 -0.0000 1.0000
vn 0.0000 -0.0000 -1.0000
vn 0.0000 -0.0000 -1.0000
vn 0.0000 -0.0000 -1.0000
vn 0.0000 -0.0000 -1.0000
vn 1.0000 0.0000 0.0000
vn 1.0000 0.0000 0.0000
vn 1.0000 0.0000 0.0000
vn 1.0000 0.0000 0.0000
vn 1.0000 0.0000 0.0000
vn 1.0000 0.0000 0.0000
vn 1.0000 0.0000 0.0000
vn 1.0000 0.0000 0.0000
vn 1.0000 0.0000 0.0000
vn 1.0000 0.0000 0.0000
vn 1.0000 0.0000 0.0000
vn 1.0000 0.0000 0.0000
vn 1.0000 0.0000 0.0000
vn 1.0000 0.0000 0.0000
vn 0.0000 1.0000 -0.0016
vn 0.0000 0.9237 -0.3830
vn 0.0000 0.7066 -0.7077
vn 0.0000 0.3823 -0.9240
vn 0.0000 0.0000 -1.0000
vn 0.0000 0.0000 -1.0000
vn 0.0000 0.0000 -1.0000
vn 0.0000 0.2393 -0.9709
vn 0.0000 0.4647 -0.8855
vn 0.0000 0.6631 -0.7485
vn 0.0000 0.8230 -0.5681
vn 0.0000 0.9350 -0.3546
vn 0.0000 0.9927 -0.1205
vn 0.0000 0.9927 0.1205
vn 0.0000 0.9350 0.3546
vn 0.0000 0.8230 0.5681
vn 0.0000 0.6631 0.7485
vn 0.0000 0.4647 0.8855
vn 0.0000 0.2393 0.9709
vn 0.0000 -0.0000 1.0000
vn 0.0000 -0.0000 1.0000
vn 0.0000 -0.0000 1.0000
vn 0.0000 0.3823 0.9240
vn 0.0000 0.7077 0.7066
vn 0.0000 0.9243 0.3816
vn 0.0000 1.0000 -0.0000
vn 0.0000 1.0000 -0.0000
vn 0.0000 1.0000 -0.0000
vn 0.0000 1.0000 -0.0000
vn 0.0000 0.0000 1.0000
vn 0.0000 0.0000 1.0000
vn 0.0000 0.0000 1.0000
vn 0.0000 0.0000 1.0000
vn 0.0000 -1.0000 -0.0000
vn 0.0000 -1.0000 -0.0000
vn 0.0000 -1.0000 -0.0000
vn 0.0000 -1.0000 -0.0000
vn 1.0000 0.0000 0.0000
vn 1.0000 0.0000 0.0000
vn 1.0000 0.0000 0.0000
vn 1.0000 0.0000 0.0000
vn 1.0000 0.0000 0.0000
vn 1.0000 0.0000 0.0000
vn 1.0000 0.0000 0.0000
vn 1.0000 0.0000 0.0000
vn 1.0000 0.0000 0.0000
vn 1.0000 0.0000 0.0000
vn 1.0000 0.0000 0.0000
vn 1.0000 0.0000 0.0000
vn 1.0000 0.0000 0.0000
vn 1.0000 0.0000 0.0000
vn 1.0000 0.0000 0.0000
vn 1.0000 0.0000 0.0000
vn 0.0000 1.0000 0.0000
vn 0.0000 0.9185 -0.3953
vn 0.0000 0.6862 -0.7274
vn 0.0000 0.3602 -0.9329
vn 0.0000 0.0452 -0.9990
vn 0.0000 -0.2222 -0.9750
vn 0.0000 -0.6233 -0.7820
vn 0.0000 -0.9009 -0.4340
vn 0.0000 -1.0000 -0.0000
vn 0.0000 -1.0000 -0.0000
vn 0.0000 -0.9709 -0.2393
vn 0.0000 -0.8855 -0.4647
vn 0.0000 -0.7485 -0.6631
vn 0.0000 -0.5681 -0.8230
vn 0.0000 -0.3546 -0.9350
vn 0.0000 -0.1205 -0.9927
vn 0.0000 0.1205 -0.9927
vn 0.0000 0.3546 -0.9350
vn 0.0000 0.5681 -0.8230
vn 0.0000 0.7485 -0.6631
vn 0.0000 0.8855 -0.4647
vn 0.0000 0.9709 -0.2393
vn 0.0000 1.0000 0.0000
vn 0.0000 -0.8704 -0.4923
vn 0.0000 -0.7779 -0.6284
vn 0.0000 -0.6645 -0.7472
vn 0.0000 -0.5328 -0.8463
vn 0.0000 -0.3853 -0.9228
vn 0.0000 -0.2269 -0.9739
vn 0.0000 -0.0613 -0.9981
vn 0.0000 0.1078 -0.9942
vn 0.0000 0.2753 -0.9614
vn 0.0000 0.4352 -0.9003
vn 0.0000 0.5824 -0.8129
vn 0.0000 0.7006 -0.7135
vn 0.0000 0.7933 -0.6089
vn 0.0000 0.8706 -0.4920
vn 0.0000 0.9308 -0.3656
vn 0.0000 0.9726 -0.2325
vn 0.0000 0.9955 -0.0952
vn 0.0000 0.9990 0.0439
vn 0.0000 0.9832 0.1824
vn 0.0000 0.9481 0.3180
vn 0.0000 0.8947 0.4466
vn 0.0000 0.8245 0.5658
vn 0.0000 0.7391 0.6736
vn 0.0000 0.6400 0.7684
vn 0.0000 0.5291 0.8486
vn 0.0000 0.4086 0.9127
vn 0.0000 0.2810 0.9597
vn 0.0000 0.1492 0.9888
vn 0.0000 0.0152 0.9999
vn 0.0000 -0.1193 0.9929
vn 0.0000 -0.2517 0.9678
vn 0.0000 -0.3374 0.9414
vn 0.0000 -0.4202 0.9074
vn 0.0000 -0.2592 0.9658
vn 0.0000 -0.0905 0.9959
vn 0.0000 0.0808 0.9967
vn 0.0000 0.2498 0.9683
vn 0.0000 0.4114 0.9115
vn 0.0000 0.5609 0.8279
vn 0.0000 0.6940 0.7200
vn 0.0000 0.8067 0.5909
vn 0.0000 0.8957 0.4446
vn 0.0000 0.9585 0.2851
vn 0.0000 0.9931 0.1174
vn 0.0000 0.9985 -0.0539
vn 0.0000 0.9747 -0.2235
vn 0.0000 0.9222 -0.3866
vn 0.0000 0.8427 -0.5384
vn 0.0000 0.7384 -0.6743
vn 0.0000 0.6125 -0.7905
vn 0.0000 0.4686 -0.8834
vn 0.0000 0.3109 -0.9504
vn 0.0000 0.1441 -0.9896
vn 0.0000 -0.0269 -0.9996
vn 0.0000 -0.1971 -0.9804
vn 0.0000 -0.3616 -0.9323
vn 0.0000 -0.5154 -0.8569
vn 0.0000 -0.6541 -0.7564
vn 0.0000 -0.7736 -0.6336
vn 1.0000 0.0000 0.0000
vn 1.0000 0.0000 0.0000
vn 1.0000 0.0000 0.0000
vn 1.0000 0.0000 0.0000
vn 1.0000 0.0000 0.0000
vn 1.0000 0.0000 0.0000
vn 1.0000 0.0000 0.0000
vn 1.0000 0.0000 0.0000
vn 1.0000 0.0000 0.0000
vn 1.0000 0.0000 0.0000
vn 1.0000 0.0000 0.0000
vn 1.0000 0.0000 0.0000
vn 1.0000 0.0000 0.0000
vn 1.0000 0.0000 0.0000
vn 1.0000 0.0000 0.0000
vn 1.0000 0.0000 0.0000
vn 1.0000 0.0000 0.0000
vn 1.0000 0.0000 0.0000
vn 1.0000 0.0000 0.0000
vn 1.0000 0.0000 0.0000
vn 1.0000 0.0000 0.0000
vn 1.0000 0.0000 0.0000
vn 1.0000 0.0000 0.0000
vn 1.0000 0.0000 0.0000
vn 1.0000 0.0000 0.0000
vn 1.0000 0.0000 0.0000
vn 1.0000 0.0000 0.0000
vn 1.0000 0.0000 0.0000
vn 1.0000 0.0000 0.0000
vn 1.0000 0.0000 0.0000
vn 1.0000 0.0000 0.0000
vn 1.0000 0.0000 0.0000
vn 1.0000 0.0000 0.0000
vn 1.0000 0.0000 0.0000
vn 1.0000 0.0000 0.0000
vn 1.0000 0.0000 0.0000
vn 1.0000 0.0000 0.0000
vn 1.0000 0.0000 0.0000
vn 1.0000 0.0000 0.0000
vn 1.0000 0.0000 0.0000
vn 1.0000 0.0000 0.0000
vn 1.0000 0.0000 0.0000
vn 1.0000 0.0000 0.0000
vn 1.0000 0.0000 0.0000
vn 1.0000 0.0000 0.0000
vn 1.0000 0.0000 0.0000
vn 1.0000 0.0000 0.0000
vn 1.0000 0.0000 0.0000
vn 1.0000 0.0000 0.0000
vn 1.0000 0.0000 0.0000
vn 1.0000 0.0000 0.0000
vn 1.0000 0.0000 0.0000
vn 1.0000 0.0000 0.0000
vn 1.0000 0.0000 0.0000
vn 1.0000 0.0000 0.0000
vn 1.0000 0.0000 0.0000
vn 1.0000 0.0000 0.0000
vn 1.0000 0.0000 0.0000
vn 1.0000 0.0000 0.0000
vn 1.0000 0.0000 0.0000
vn 1.0000 0.0000 0.0000
vn 1.0000 0.0000 0.0000
vn 1.0000 0.0000 0.0000
vn 1.0000 0.0000 0.0000
vn 1.0000 0.0000 0.0000
vn 1.0000 0.0000 0.0000
vn 1.0000 0.0000 0.0000
vn 1.0000 0.0000 0.0000
vn 1.0000 0.0000 0.0000
vn 1.0000 0.0000 0.0000
vn 1.0000 0.0000 0.0000
vn 1.0000 0.0000 0.0000
vn 1.0000 0.0000 0.0000
vn 0.0000 -0.0143 -0.9999
vn 0.0000 -0.0143 -0.9999
vn 0.0000 -0.0143 -0.9999
vn 0.0000 -0.0143 -0.9999
vn 0.0000 -1.0000 -0.0000
vn 0.0000 -0.9858 0.1680
vn 0.0000 -0.9435 0.3312
vn 0.0000 -0.8745 0.4851
vn 0.0000 -0.7806 0.6251
vn 0.0000 -0.6644 0.7473
vn 0.0000 -0.5294 0.8483
vn 0.0000 -0.3794 0.9252
vn 0.0000 -0.2185 0.9758
vn 0.0000 -0.0515 0.9987
vn 0.0000 0.1170 0.9931
vn 0.0000 0.2822 0.9593
vn 0.0000 0.4394 0.8983
vn 0.0000 0.5841 0.8117
vn 0.0000 0.7121 0.7020
vn 0.0000 0.8200 0.5724
vn 0.0000 0.9045 0.4265
vn 0.0000 0.9633 0.2685
vn 0.0000 0.9947 0.1028
vn 0.0000 0.9978 -0.0657
vn 0.0000 0.9726 -0.2325
vn 0.0000 0.9197 -0.3926
vn 0.0000 0.8407 -0.5415
vn 0.0000 0.7378 -0.6750
vn 0.0000 0.6139 -0.7894
vn 0.0000 0.4725 -0.8813
vn 0.0000 0.3177 -0.9482
vn 0.0000 0.1539 -0.9881
vn 0.0000 -0.1861 -0.9825
vn 0.0000 -0.3524 -0.9358
vn 0.0000 -0.5082 -0.8612
vn 0.0000 -0.6488 -0.7609
vn 0.0000 -0.7701 -0.6379
vn 0.0000 -0.8684 -0.4959
vn 0.0000 -0.9408 -0.3390
vn 0.0000 -0.9851 -0.1721
vn 0.0000 0.1480 -0.9890
vn 0.0000 0.3055 -0.9522
vn 0.0000 0.4547 -0.8907
vn 0.0000 0.5916 -0.8062
vn 0.0000 0.7131 -0.7011
vn 0.0000 0.8164 -0.5775
vn 0.0000 0.8988 -0.4383
vn 0.0000 0.9579 -0.2870
vn 0.0000 0.9918 -0.1276
vn 0.0000 0.9994 0.0360
vn 0.0000 0.9801 0.1986
vn 0.0000 0.9346 0.3557
vn 0.0000 0.8643 0.5030
vn 0.0000 0.7714 0.6364
vn 0.0000 0.6584 0.7527
vn 0.0000 0.5282 0.8491
vn 0.0000 0.3843 0.9232
vn 0.0000 0.2305 0.9731
vn 0.0000 0.0714 0.9975
vn 0.0000 -0.0896 0.9960
vn 0.0000 -0.2491 0.9685
vn 0.0000 -0.4027 0.9153
vn 0.0000 -0.5458 0.8379
vn 0.0000 -0.6742 0.7385
vn 0.0000 -0.7848 0.6197
vn 0.0000 -0.8750 0.4842
vn 0.0000 -0.9421 0.3354
vn 0.0000 -0.9840 0.1779
vn 0.0000 -0.9999 0.0160
vn 0.0000 -0.9892 -0.1463
vn 0.0000 -0.9523 -0.3051
vn 0.0000 -0.8900 -0.4561
vn 0.0000 -0.8037 -0.5951
vn 0.0000 -0.6956 -0.7184
vn 0.0000 -0.5694 -0.8221
vn 0.0000 -0.4288 -0.9034
vn 0.0000 -0.2771 -0.9608
vn 0.0000 -0.1472 -0.9891
vn 1.0000 0.0000 0.0000
vn 1.0000 0.0000 0.0000
vn 1.0000 0.0000 0.0000
vn 1.0000 0.0000 0.0000
vn 1.0000 0.0000 0.0000
vn 1.0000 0.0000 0.0000
vn 1.0000 0.0000 0.0000
vn 1.0000 0.0000 0.0000
vn 1.0000 0.0000 0.0000
vn 1.0000 0.0000 0.0000
vn 1.0000 0.0000 0.0000
vn 1.0000 0.0000 0.0000
vn 1.0000 0.0000 0.0000
vn 1.0000 0.0000 0.0000
vn 1.0000 0.0000 0.0000
vn 1.0000 0.0000 0.0000
vn 1.0000 0.0000 0.0000
vn 1.0000 0.0000 0.0000
vn 1.0000 0.0000 0.0000
vn 1.0000 0.0000 0.0000
vn 1.0000 0.0000 0.0000
vn 1.0000 0.0000 0.0000
vn 1.0000 0.0000 0.0000
vn 1.0000 0.0000 0.0000
vn 1.0000 0.0000 0.0000
vn 1.0000 0.0000 0.0000
vn 1.0000 0.0000 0.0000
vn 1.0000 0.0000 0.0000
vn 1.0000 0.0000 0.0000
vn 1.0000 0.0000 0.0000
vn 1.0000 0.0000 0.0000
vn 1.0000 0.0000 0.0000
vn 1.0000 0.0000 0.0000
vn 1.0000 0.0000 0.0000
vn 1.0000 0.0000 0.0000
vn 1.0000 0.0000 0.0000
vn 1.0000 0.0000 0.0000
vn 1.0000 0.0000 0.0000
vn 1.0000 0.0000 0.0000
vn 1.0000 0.0000 0.0000
vn 1.0000 0.0000 0.0000
vn 1.0000 0.0000 0.0000
vn 1.0000 0.0000 0.0000
vn 1.0000 0.0000 0.0000
vn 1.0000 0.0000 0.0000
vn 1.0000 0.0000 0.0000
vn 1.0000 0.0000 0.0000
vn 1.0000 0.0000 0.0000
vn 1.0000 0.0000 0.0000
vn 1.0000 0.0000 0.0000
vn 1.0000 0.0000 0.0000
vn 1.0000 0.0000 0.0000
vn 1.0000 0.0000 0.0000
vn 1.0000 0.0000 0.0000
vn 1.0000 0.0000 0.0000
vn 1.0000 0.0000 0.0000
vn 1.0000 0.0000 0.0000
vn 1.0000 0.0000 0.0000
vn 1.0000 0.0000 0.0000
vn 1.0000 0.0000 0.0000
vn 1.0000 0.0000 0.0000
vn 1.0000 0.0000 0.0000
vn 1.0000 0.0000 0.0000
vn 1.0000 0.0000 0.0000
vn 1.0000 0.0000 0.0000
vn 1.0000 0.0000 0.0000
vn 1.0000 0.0000 0.0000
vn 1.0000 0.0000 0.0000
vn 1.0000 0.0000 0.0000
vn 1.0000 0.0000 0.0000
vn 1.0000 0.0000 0.0000
vn 1.0000 0.0000 0.0000
vn 1.0000 0.0000 0.0000
vn -0.0000 -0.4202 0.9074
vn 0.1549 -0.3810 0.9115
vn 0.3152 -0.3287 0.8903
vn 0.4738 -0.2635 0.8403
vn 0.6219 -0.1872 0.7604
vn 0.7509 -0.1030 0.6524
vn 0.8532 -0.0152 0.5213
vn 0.9244 0.0717 0.3746
vn 0.9633 0.1533 0.2205
vn 0.9717 0.2265 0.0673
vn 0.9540 0.2893 -0.0786
vn -0.0000 -0.8704 -0.4923
vn -0.0006 -0.7783 -0.6279
vn -0.0009 -0.6646 -0.7472
vn -0.0002 -0.5324 -0.8465
vn -0.0002 -0.3858 -0.9226
vn -0.0009 -0.2268 -0.9739
vn -0.0005 -0.0614 -0.9981
vn -0.0002 0.1088 -0.9941
vn -0.0018 0.2770 -0.9609
vn -0.0015 0.4335 -0.9012
vn -0.0000 0.5811 -0.8139
vn -0.0003 0.7024 -0.7118
vn -0.0006 0.7939 -0.6081
vn -0.0006 0.8696 -0.4937
vn -0.0001 0.9301 -0.3674
vn 0.0001 0.9726 -0.2325
vn 0.0006 0.9955 -0.0953
vn 0.0006 0.9991 0.0433
vn 0.0002 0.9831 0.1829
vn -0.0001 0.9482 0.3176
vn -0.0001 0.8946 0.4469
vn -0.0001 0.8244 0.5660
vn -0.0001 0.7391 0.6736
vn 0.0001 0.6395 0.7688
vn -0.0008 0.5271 0.8498
vn -0.0021 0.4082 0.9129
vn -0.0017 0.2827 0.9592
vn -0.0001 0.1496 0.9887
vn -0.0002 0.0138 0.9999
vn -0.0014 -0.1200 0.9928
vn -0.0015 -0.2511 0.9680
vn -0.0008 -0.3365 0.9417
vn 0.9499 0.2936 -0.1075
vn 0.9691 0.1573 -0.1901
vn 0.9621 0.0078 -0.2726
vn 0.9245 -0.1495 -0.3508
vn 0.8541 -0.3072 -0.4197
vn 0.7522 -0.4568 -0.4750
vn 0.6233 -0.5900 -0.5132
vn 0.4749 -0.7004 -0.5329
vn 0.3160 -0.7840 -0.5344
vn 0.1552 -0.8401 -0.5198
vn 0.9594 0.2723 -0.0737
vn 0.9644 0.2554 -0.0692
vn 0.9693 0.2368 -0.0659
vn 0.9743 0.2163 -0.0624
vn 0.9784 0.1978 -0.0600
vn 0.9819 0.1802 -0.0580
vn 0.9851 0.1630 -0.0555
vn 0.9874 0.1490 -0.0536
vn 0.9892 0.1367 -0.0530
vn 0.9905 0.1267 -0.0533
vn 0.9912 0.1214 -0.0536
vn 0.9916 0.1177 -0.0544
vn 0.9918 0.1154 -0.0558
vn 0.9918 0.1146 -0.0574
vn 0.9914 0.1163 -0.0600
vn 0.9907 0.1205 -0.0626
vn 0.9899 0.1263 -0.0651
vn 0.9887 0.1334 -0.0680
vn 0.9873 0.1422 -0.0705
vn 0.9856 0.1524 -0.0731
vn 0.9836 0.1637 -0.0762
vn 0.9811 0.1764 -0.0798
vn 0.9782 0.1902 -0.0833
vn 0.9752 0.2038 -0.0869
vn 0.9718 0.2177 -0.0907
vn 0.9682 0.2318 -0.0941
vn 0.9644 0.2460 -0.0974
vn 0.9605 0.2593 -0.1011
vn 0.9567 0.2718 -0.1038
vn 0.9533 0.2829 -0.1056
vn 0.3920 -0.2569 0.8834
vn 0.9413 0.1378 0.3081
vn 0.3667 0.1607 0.9163
vn 0.7048 0.2073 0.6785
vn 0.6982 0.2637 0.6656
vn 0.3638 0.2204 0.9050
vn 0.9136 0.2596 0.3129
vn 0.3607 0.2797 0.8898
vn 0.9100 0.2800 0.3058
vn 0.3508 0.6036 0.7160
vn 0.3497 0.6498 0.6749
vn 0.8979 0.3744 0.2315
vn 0.3486 0.6926 0.6315
vn 0.6737 0.5629 0.4789
vn 0.8966 0.3891 0.2115
vn 0.6719 0.5967 0.4388
vn 0.3472 0.7727 0.5314
vn 0.3466 0.8059 0.4799
vn 0.3462 0.8357 0.4263
vn 0.6689 0.6680 0.3262
vn 0.8937 0.4312 0.1237
vn 0.8943 0.4217 0.1498
vn 0.3452 0.8872 0.3061
vn 0.3449 0.9057 0.2463
vn 0.8930 0.4434 0.0772
vn 0.3447 0.9201 0.1857
vn 0.6661 0.7315 0.1456
vn 0.8929 0.4474 0.0506
vn 0.6649 0.7428 0.0784
vn 0.8924 0.4505 0.0264
vn 0.8915 0.4523 -0.0247
vn 0.3435 0.9365 -0.0708
vn 0.3438 0.9390 -0.0084
vn 0.6636 0.7464 -0.0499
vn 0.8910 0.4513 -0.0500
vn 0.6626 0.7406 -0.1117
vn 0.8905 0.4487 -0.0752
vn 0.3419 0.9023 -0.2625
vn 0.8893 0.4395 -0.1266
vn 0.3414 0.8826 -0.3233
vn 0.6605 0.7100 -0.2442
vn 0.8888 0.4327 -0.1511
vn 0.6595 0.6906 -0.2969
vn 0.8880 0.4247 -0.1761
vn 0.3384 0.6374 -0.6923
vn 0.6550 0.5406 -0.5280
vn 0.6547 0.5011 -0.5658
vn 0.3384 0.5836 -0.7381
vn 0.8827 0.3406 -0.3236
vn 0.6548 0.4678 -0.5936
vn 0.8825 0.3247 -0.3403
vn 0.3403 0.2255 -0.9129
vn 0.3423 0.1511 -0.9274
vn 0.8845 0.2053 -0.4190
vn 0.3438 0.0772 -0.9359
vn 0.6613 0.1810 -0.7279
vn 0.8857 0.1872 -0.4248
vn 0.6648 0.1173 -0.7377
vn 0.3473 -0.0475 -0.9365
vn 0.3497 -0.1202 -0.9291
vn 0.8914 0.1326 -0.4334
vn 0.3529 -0.1918 -0.9158
vn 0.8938 0.1150 -0.4336
vn 0.6735 0.0069 -0.7392
vn 0.3590 -0.3123 -0.8796
vn 0.6855 -0.1095 -0.7198
vn 0.6928 -0.1638 -0.7023
vn 0.3629 -0.3797 -0.8510
vn 0.9034 0.0617 -0.4243
vn 0.9072 0.0452 -0.4183
vn 0.9111 0.0288 -0.4111
vn 0.3903 -0.6993 -0.5989
vn 0.9421 -0.0597 -0.3300
vn 0.3872 -0.1982 0.9004
vn 0.7433 -0.0593 0.6663
vn 0.7361 -0.0163 0.6766
vn 0.3842 -0.1578 0.9097
vn 0.7315 0.0132 0.6817
vn 0.3828 -0.1376 0.9135
vn 0.3807 -0.1073 0.9184
vn 0.7248 0.0570 0.6865
vn 0.9366 0.1562 0.3136
vn 0.9351 0.1625 0.3151
vn 0.3770 -0.0467 0.9250
vn 0.7170 0.1116 0.6881
vn 0.9328 0.1719 0.3169
vn 0.3748 -0.0086 0.9271
vn 0.3732 0.0216 0.9275
vn 0.7112 0.1542 0.6858
vn 0.9272 0.1952 0.3198
vn 0.3703 0.0819 0.9253
vn 0.9245 0.2066 0.3203
vn 0.3686 0.1198 0.9218
vn 0.9225 0.2155 0.3202
vn 0.9179 0.2376 0.3178
vn 0.9158 0.2483 0.3157
vn 0.6939 0.3024 0.6535
vn 0.6901 0.3395 0.6391
vn 0.3581 0.3335 0.8721
vn 0.3567 0.3683 0.8586
vn 0.6859 0.3866 0.6165
vn 0.9076 0.2949 0.2989
vn 0.3548 0.4218 0.8344
vn 0.6830 0.4223 0.5959
vn 0.9062 0.3044 0.2935
vn 0.3540 0.4479 0.8210
vn 0.3534 0.4736 0.8067
vn 0.6805 0.4568 0.5729
vn 0.9037 0.3228 0.2814
vn 0.9028 0.3299 0.2760
vn 0.3523 0.5238 0.7756
vn 0.6777 0.4985 0.5405
vn 0.9019 0.3368 0.2704
vn 0.3517 0.5546 0.7541
vn 0.9000 0.3536 0.2549
vn 0.8991 0.3617 0.2464
vn 0.6756 0.5313 0.5111
vn 0.3481 0.7168 0.6041
vn 0.3474 0.7410 0.5747
vn 0.6700 0.6290 0.3944
vn 0.8961 0.3956 0.2013
vn 0.8955 0.4022 0.1904
vn 0.6694 0.6493 0.3611
vn 0.8946 0.4144 0.1673
vn 0.3454 0.8560 0.3846
vn 0.6672 0.6962 0.2651
vn 0.6680 0.6827 0.2962
vn 0.8933 0.4364 0.1078
vn 0.6666 0.7164 0.2062
vn 0.3443 0.9283 0.1404
vn 0.3442 0.9325 0.1090
vn 0.6645 0.7466 0.0313
vn 0.3441 0.9378 0.0459
vn 0.8920 0.4519 0.0088
vn 0.8919 0.4523 -0.0035
vn 0.6641 0.7476 -0.0094
vn 0.3431 0.9326 -0.1120
vn 0.3428 0.9284 -0.1431
vn 0.6616 0.7330 -0.1580
vn 0.3421 0.9171 -0.2048
vn 0.8901 0.4465 -0.0914
vn 0.8898 0.4445 -0.1036
vn 0.6611 0.7228 -0.2014
vn 0.3410 0.8692 -0.3581
vn 0.3407 0.8567 -0.3874
vn 0.6586 0.6714 -0.3398
vn 0.3401 0.8292 -0.4436
vn 0.6576 0.6496 -0.3816
vn 0.8876 0.4198 -0.1898
vn 0.3397 0.8139 -0.4713
vn 0.8872 0.4152 -0.2013
vn 0.3395 0.7981 -0.4977
vn 0.6568 0.6261 -0.4203
vn 0.8863 0.4054 -0.2239
vn 0.3390 0.7643 -0.5486
vn 0.6560 0.5997 -0.4582
vn 0.8859 0.4001 -0.2349
vn 0.3388 0.7457 -0.5737
vn 0.8855 0.3947 -0.2452
vn 0.3387 0.7267 -0.5976
vn 0.6554 0.5718 -0.4935
vn 0.8847 0.3831 -0.2658
vn 0.3385 0.6862 -0.6438
vn 0.8843 0.3769 -0.2758
vn 0.3385 0.6641 -0.6666
vn 0.8839 0.3706 -0.2853
vn 0.8833 0.3568 -0.3041
vn 0.8830 0.3495 -0.3133
vn 0.3385 0.5598 -0.7563
vn 0.3384 0.5287 -0.7785
vn 0.6549 0.4238 -0.6257
vn 0.8824 0.3172 -0.3475
vn 0.3381 0.4652 -0.8181
vn 0.6553 0.3867 -0.6488
vn 0.3381 0.4385 -0.8327
vn 0.8823 0.3076 -0.3564
vn 0.3381 0.4115 -0.8463
vn 0.6558 0.3490 -0.6695
vn 0.8823 0.2914 -0.3697
vn 0.8823 0.2832 -0.3758
vn 0.3385 0.3448 -0.8755
vn 0.6567 0.3021 -0.6910
vn 0.8824 0.2750 -0.3818
vn 0.3389 0.3107 -0.8881
vn 0.3392 0.2819 -0.8975
vn 0.6577 0.2619 -0.7062
vn 0.8826 0.2585 -0.3927
vn 0.8828 0.2483 -0.3987
vn 0.8830 0.2398 -0.4035
vn 0.6593 0.2222 -0.7183
vn 0.8836 0.2224 -0.4121
vn 0.3449 0.0315 -0.9381
vn 0.6676 0.0753 -0.7407
vn 0.3457 0.0013 -0.9384
vn 0.8869 0.1737 -0.4282
vn 0.8886 0.1559 -0.4314
vn 0.6704 0.0411 -0.7409
vn 0.8895 0.1470 -0.4326
vn 0.6768 -0.0304 -0.7355
vn 0.6806 -0.0679 -0.7295
vn 0.3552 -0.2446 -0.9022
vn 0.8961 0.0993 -0.4325
vn 0.3567 -0.2738 -0.8932
vn 0.8993 0.0818 -0.4296
vn 0.9010 0.0731 -0.4276
vn 0.3659 -0.4306 -0.8251
vn 0.6979 -0.2008 -0.6874
vn 0.7035 -0.2373 -0.6699
vn 0.3703 -0.4943 -0.7865
vn 0.7116 -0.2832 -0.6430
vn 0.3726 -0.5251 -0.7651
vn 0.9152 0.0137 -0.4028
vn 0.3746 -0.5502 -0.7463
vn 0.7186 -0.3201 -0.6173
vn 0.9180 0.0043 -0.3964
vn 0.3772 -0.5795 -0.7225
vn 0.7277 -0.3625 -0.5823
vn 0.9205 -0.0035 -0.3908
vn 0.3827 -0.6353 -0.6707
vn 0.7349 -0.3925 -0.5530
vn 0.9255 -0.0188 -0.3782
vn 0.3850 -0.6552 -0.6500
vn 0.9287 -0.0276 -0.3698
vn 0.9336 -0.0401 -0.3560
vn 0.9362 -0.0462 -0.3485
vn 0.7435 -0.4258 -0.5157
vn 0.9499 0.2936 -0.1075
vn 0.9691 0.1574 -0.1902
vn 0.9620 0.0080 -0.2729
vn 0.9243 -0.1491 -0.3513
vn 0.8538 -0.3067 -0.4206
vn 0.7518 -0.4561 -0.4761
vn 0.6229 -0.5893 -0.5145
vn 0.4746 -0.6997 -0.5340
vn 0.3157 -0.7835 -0.5352
vn 0.1551 -0.8398 -0.5202
vn 0.0000 -0.8704 -0.4923
vn 0.3124 -0.8925 -0.3253
vn 0.5555 -0.8174 -0.1525
vn 0.7170 -0.6970 -0.0133
vn 0.8045 -0.5877 0.0865
vn 0.8306 -0.5302 0.1705
vn 0.7988 -0.5345 0.2760
vn 0.7083 -0.5657 0.4222
vn 0.5453 -0.5803 0.6049
vn 0.3035 -0.5370 0.7871
vn -0.0000 -0.4202 0.9074
vn 0.1548 -0.3807 0.9117
vn 0.3150 -0.3280 0.8906
vn 0.4735 -0.2625 0.8407
vn 0.6216 -0.1861 0.7609
vn 0.7506 -0.1020 0.6528
vn 0.8530 -0.0144 0.5217
vn 0.9243 0.0722 0.3748
vn 0.9632 0.1535 0.2206
vn 0.9717 0.2265 0.0673
vn 0.9540 0.2893 -0.0786
vn 0.9472 0.3016 -0.1087
vn 0.9449 0.3085 -0.1094
vn 0.9430 0.3144 -0.1091
vn 0.9418 0.3185 -0.1079
vn 0.9411 0.3211 -0.1061
vn 0.9409 0.3225 -0.1037
vn 0.9413 0.3226 -0.0994
vn 0.9427 0.3198 -0.0947
vn 0.9445 0.3157 -0.0906
vn 0.9472 0.3089 -0.0859
vn 0.9503 0.3003 -0.0821
vn 0.9521 0.2951 -0.0804
vn 0.9524 -0.1588 0.2602
vn 0.9925 -0.1162 0.0384
vn 0.9854 -0.1680 -0.0261
vn 0.9550 -0.2721 -0.1178
vn 0.9550 0.1044 0.2775
vn 0.9221 -0.1677 0.3486
vn 0.9747 -0.1396 0.1744
vn 0.9839 -0.1256 0.1271
vn 0.9899 -0.1149 0.0834
vn 0.9718 -0.2240 -0.0730
vn 0.9198 -0.3395 -0.1969
vn 0.9702 0.0147 -0.2419
vn 0.9597 -0.0621 -0.2739
vn 0.9422 -0.1399 -0.3045
vn 0.9655 0.0930 0.2431
vn 0.9708 0.0884 0.2228
vn 0.8348 -0.1511 0.5295
vn 0.8553 -0.1590 0.4931
vn 0.5534 -0.3008 0.7767
vn 0.9732 0.0866 0.2128
vn 0.9773 0.0841 0.1945
vn 0.8887 -0.1671 0.4270
vn 0.5894 -0.3755 0.7153
vn 0.9838 0.0820 0.1593
vn 0.6100 -0.3813 0.6947
vn 0.6465 -0.3899 0.6558
vn 0.9820 -0.0232 -0.1876
vn 0.8850 -0.3840 -0.2631
vn 0.9755 -0.0395 -0.2166
vn 0.8535 -0.4128 -0.3181
vn 0.6877 -0.6740 -0.2698
vn 0.9715 -0.0470 -0.2324
vn 0.6448 -0.6970 -0.3138
vn 0.6108 -0.7115 -0.3475
vn 0.6388 -0.6351 -0.4342
vn 0.7767 -0.4511 -0.4396
vn 0.8123 -0.1036 0.5739
vn 0.8312 -0.1149 0.5439
vn -0.0002 -0.0145 -0.9999
vn -0.0000 0.1473 -0.9891
vn -0.0001 0.3049 -0.9524
vn -0.0000 0.4547 -0.8907
vn 0.0000 0.5918 -0.8061
vn 0.0000 0.7137 -0.7005
vn -0.0000 0.8172 -0.5763
vn 0.0003 0.9001 -0.4357
vn 0.0002 0.9583 -0.2857
vn 0.0001 0.9921 -0.1254
vn 0.0005 0.9993 0.0367
vn 0.0001 0.9802 0.1981
vn 0.0001 0.9347 0.3555
vn 0.0000 0.8644 0.5027
vn 0.0001 0.7717 0.6360
vn 0.0003 0.6584 0.7527
vn 0.0000 0.5278 0.8494
vn 0.0000 0.3834 0.9236
vn -0.0000 0.2294 0.9733
vn -0.0001 0.0697 0.9976
vn -0.0001 -0.0917 0.9958
vn 0.0000 -0.2516 0.9678
vn -0.0002 -0.4046 0.9145
vn 0.0000 -0.5470 0.8371
vn -0.0000 -0.6752 0.7376
vn -0.0001 -0.7859 0.6183
vn 0.0000 -0.8760 0.4823
vn 0.0000 -0.9426 0.3338
vn 0.0000 -0.9843 0.1763
vn 0.0000 -0.9999 0.0140
vn 0.0000 -0.9889 -0.1487
vn -0.0000 -0.9512 -0.3086
vn -0.0001 -0.8890 -0.4579
vn 0.0000 -0.8024 -0.5968
vn -0.0002 -0.6948 -0.7192
vn -0.0001 -0.5697 -0.8218
vn -0.0000 -0.4280 -0.9038
vn -0.0000 -0.2761 -0.9611
vn 0.0000 -0.1465 -0.9892
vn -0.0002 -0.0145 -0.9999
vn 0.3184 -0.0537 -0.9464
vn 0.5270 -0.0785 -0.8462
vn 0.7765 -0.1066 -0.6211
vn 0.9353 -0.1224 -0.3321
vn 0.9917 -0.1252 -0.0308
vn 0.3184 -0.0537 -0.9464
vn 0.5270 -0.0785 -0.8462
vn 0.7765 -0.1066 -0.6211
vn 0.9353 -0.1224 -0.3321
vn 0.9917 -0.1252 -0.0308
vn 0.9926 -0.1177 -0.0306
vn 0.9934 -0.1107 -0.0305
vn 0.9941 -0.1041 -0.0305
vn 0.9947 -0.0981 -0.0306
vn 0.9952 -0.0929 -0.0306
vn 0.9956 -0.0887 -0.0307
vn 0.9958 -0.0860 -0.0307
vn 0.9960 -0.0841 -0.0308
vn 0.9961 -0.0830 -0.0308
vn 0.9961 -0.0825 -0.0308
vn 0.9961 -0.0829 -0.0309
vn 0.9960 -0.0840 -0.0309
vn 0.9958 -0.0860 -0.0310
vn 0.9956 -0.0888 -0.0312
vn 0.9952 -0.0924 -0.0315
vn 0.9948 -0.0968 -0.0318
vn 0.9943 -0.1018 -0.0323
vn 0.9937 -0.1076 -0.0329
vn 0.9930 -0.1137 -0.0336
vn 0.9922 -0.1201 -0.0345
vn 0.9913 -0.1271 -0.0355
vn 0.9903 -0.1338 -0.0367
vn 0.9894 -0.1406 -0.0378
vn 0.9883 -0.1473 -0.0389
vn 0.9873 -0.1535 -0.0400
vn 0.9864 -0.1593 -0.0410
vn 0.9855 -0.1646 -0.0418
vn 0.9847 -0.1693 -0.0424
vn 0.9840 -0.1732 -0.0427
vn 0.9834 -0.1762 -0.0429
vn 0.9830 -0.1784 -0.0427
vn 0.9828 -0.1798 -0.0423
vn 0.9827 -0.1803 -0.0418
vn 0.9828 -0.1800 -0.0410
vn 0.9831 -0.1789 -0.0400
vn 0.9834 -0.1770 -0.0390
vn 0.9839 -0.1744 -0.0380
vn 0.9846 -0.1711 -0.0369
vn 0.9853 -0.1672 -0.0358
vn 0.9860 -0.1629 -0.0349
vn 0.9868 -0.1581 -0.0339
vn 0.9877 -0.1529 -0.0331
vn 0.9885 -0.1476 -0.0324
vn 0.9893 -0.1420 -0.0319
vn 0.9902 -0.1363 -0.0314
vn 0.9909 -0.1307 -0.0311
vn 0.6852 -0.1897 -0.7032
vn 0.3559 -0.1812 -0.9168
vn 0.3547 -0.2393 -0.9038
vn 0.9089 -0.1692 -0.3811
vn 0.3532 -0.3233 -0.8779
vn 0.9068 -0.1989 -0.3716
vn 0.3522 -0.3911 -0.8503
vn 0.6800 -0.3119 -0.6635
vn 0.9053 -0.2239 -0.3610
vn 0.3512 -0.4691 -0.8103
vn 0.9040 -0.2483 -0.3481
vn 0.3504 -0.5317 -0.7710
vn 0.6765 -0.4254 -0.6012
vn 0.9028 -0.2749 -0.3308
vn 0.6751 -0.4800 -0.5602
vn 0.9019 -0.2971 -0.3134
vn 0.3491 -0.7156 -0.6050
vn 0.3490 -0.7611 -0.5467
vn 0.3490 -0.8021 -0.4846
vn 0.9008 -0.3749 -0.2193
vn 0.9008 -0.3592 -0.2442
vn 0.6736 -0.6092 -0.4184
vn 0.9016 -0.4102 -0.1372
vn 0.3500 -0.9187 -0.1830
vn 0.3496 -0.9013 -0.2559
vn 0.6750 -0.7160 -0.1779
vn 0.9020 -0.4161 -0.1154
vn 0.3504 -0.9318 -0.0951
vn 0.9024 -0.4207 -0.0931
vn 0.3508 -0.9362 -0.0209
vn 0.6766 -0.7349 -0.0455
vn 0.9031 -0.4254 -0.0590
vn 0.9036 -0.4269 -0.0363
vn 0.3514 -0.9337 0.0683
vn 0.9041 -0.4272 -0.0137
vn 0.3519 -0.9252 0.1418
vn 0.9049 -0.4251 0.0208
vn 0.3524 -0.9109 0.2147
vn 0.9055 -0.4222 0.0434
vn 0.6786 -0.7292 0.0878
vn 0.3531 -0.8860 0.3005
vn 0.9064 -0.4154 0.0771
vn 0.3537 -0.8594 0.3692
vn 0.6809 -0.6991 0.2183
vn 0.9070 -0.4094 0.0988
vn 0.9076 -0.4023 0.1198
vn 0.3545 -0.8199 0.4495
vn 0.3552 -0.7815 0.5128
vn 0.6836 -0.6458 0.3401
vn 0.9087 -0.3891 0.1512
vn 0.9094 -0.3792 0.1708
vn 0.6851 -0.6123 0.3946
vn 0.3583 -0.6160 0.7016
vn 0.6891 -0.5222 0.5025
vn 0.6911 -0.4782 0.5420
vn 0.3594 -0.5586 0.7476
vn 0.9141 -0.3138 0.2569
vn 0.6925 -0.4483 0.5653
vn 0.9152 -0.2983 0.2709
vn 0.3641 -0.3391 0.8674
vn 0.3659 -0.2691 0.8909
vn 0.9228 -0.2097 0.3233
vn 0.3678 -0.1973 0.9087
vn 0.7033 -0.2500 0.6655
vn 0.9246 -0.1905 0.3298
vn 0.7074 -0.1851 0.6822
vn 0.3754 0.0545 0.9252
vn 0.7172 -0.0453 0.6954
vn 0.7215 0.0110 0.6923
vn 0.3779 0.1288 0.9168
vn 0.9359 -0.0883 0.3409
vn 0.7248 0.0534 0.6868
vn 0.9385 -0.0676 0.3387
vn 0.3870 0.3760 0.8419
vn 0.3897 0.4445 0.8066
vn 0.9520 0.0368 0.3037
vn 0.3923 0.5102 0.7654
vn 0.9547 0.0566 0.2921
vn 0.7433 0.2724 0.6109
vn 0.9573 0.0759 0.2790
vn 0.7591 0.4548 0.4658
vn 0.3999 0.7068 0.5835
vn 0.7621 0.4919 0.4210
vn 0.4015 0.7540 0.5198
vn 0.9665 0.1467 0.2106
vn 0.9683 0.1617 0.1905
vn 0.4032 0.8040 0.4371
vn 0.9706 0.1823 0.1574
vn 0.4042 0.8389 0.3646
vn 0.7677 0.5703 0.2923
vn 0.9717 0.1940 0.1346
vn 0.4049 0.8725 0.2736
vn 0.9726 0.2045 0.1106
vn 0.4050 0.8933 0.1949
vn 0.7698 0.6211 0.1475
vn 0.9734 0.2174 0.0730
vn 0.4049 0.9071 0.1150
vn 0.9735 0.2239 0.0473
vn 0.9733 0.2287 0.0213
vn 0.4013 0.9024 -0.1571
vn 0.7626 0.6279 -0.1553
vn 0.7650 0.6361 -0.1010
vn 0.9695 0.2307 -0.0831
vn 0.3994 0.8859 -0.2360
vn 0.9678 0.2270 -0.1087
vn 0.9659 0.2216 -0.1335
vn 0.3918 0.7837 -0.4819
vn 0.3891 0.7408 -0.5476
vn 0.7441 0.5156 -0.4247
vn 0.9566 0.1853 -0.2250
vn 0.9539 0.1728 -0.2455
vn 0.3858 0.6830 -0.6202
vn 0.9511 0.1593 -0.2646
vn 0.3831 0.6300 -0.6756
vn 0.9468 0.1368 -0.2913
vn 0.3797 0.5610 -0.7356
vn 0.9440 0.1209 -0.3072
vn 0.7328 0.4239 -0.5323
vn 0.3770 0.5000 -0.7797
vn 0.9396 0.0950 -0.3289
vn 0.3743 0.4361 -0.8183
vn 0.9368 0.0772 -0.3413
vn 0.7214 0.3158 -0.6163
vn 0.9340 0.0589 -0.3524
vn 0.9234 -0.0205 -0.3833
vn 0.3636 0.1273 -0.9228
vn 0.7006 0.0684 -0.7103
vn 0.3657 0.1998 -0.9090
vn 0.9210 -0.0407 -0.3874
vn 0.9188 -0.0607 -0.3900
vn 0.8709 -0.0903 -0.4830
vn 0.6841 -0.2139 -0.6973
vn 0.6827 -0.2449 -0.6884
vn 0.6814 -0.2754 -0.6781
vn 0.6786 -0.3515 -0.6449
vn 0.6777 -0.3797 -0.6297
vn 0.3500 -0.5694 -0.7439
vn 0.3495 -0.6254 -0.6977
vn 0.6744 -0.5197 -0.5244
vn 0.3493 -0.6519 -0.6730
vn 0.9016 -0.3096 -0.3022
vn 0.3492 -0.6787 -0.6460
vn 0.6740 -0.5584 -0.4837
vn 0.9013 -0.3191 -0.2928
vn 0.9011 -0.3287 -0.2827
vn 0.6738 -0.5845 -0.4521
vn 0.9009 -0.3469 -0.2610
vn 0.6736 -0.6322 -0.3828
vn 0.6737 -0.6528 -0.3464
vn 0.3490 -0.8297 -0.4357
vn 0.3490 -0.8429 -0.4095
vn 0.6739 -0.6719 -0.3073
vn 0.9009 -0.3850 -0.2005
vn 0.3491 -0.8581 -0.3765
vn 0.6742 -0.6924 -0.2570
vn 0.9009 -0.3899 -0.1905
vn 0.3494 -0.8847 -0.3085
vn 0.9012 -0.3987 -0.1701
vn 0.9013 -0.4036 -0.1571
vn 0.6746 -0.7052 -0.2182
vn 0.6753 -0.7225 -0.1483
vn 0.6757 -0.7281 -0.1155
vn 0.6761 -0.7322 -0.0825
vn 0.6771 -0.7358 -0.0110
vn 0.6776 -0.7351 0.0224
vn 0.6781 -0.7328 0.0558
vn 0.6794 -0.7217 0.1325
vn 0.6799 -0.7145 0.1650
vn 0.6819 -0.6820 0.2644
vn 0.6825 -0.6687 0.2949
vn 0.6832 -0.6539 0.3249
vn 0.3557 -0.7570 0.5481
vn 0.3560 -0.7395 0.5714
vn 0.6862 -0.5869 0.4297
vn 0.9100 -0.3711 0.1848
vn 0.9104 -0.3654 0.1940
vn 0.3568 -0.6918 0.6277
vn 0.6877 -0.5519 0.4716
vn 0.3573 -0.6664 0.6544
vn 0.9113 -0.3532 0.2118
vn 0.3577 -0.6457 0.6746
vn 0.9119 -0.3449 0.2226
vn 0.9128 -0.3312 0.2389
vn 0.9133 -0.3241 0.2466
vn 0.3598 -0.5376 0.7626
vn 0.3604 -0.5070 0.7830
vn 0.6947 -0.4035 0.5955
vn 0.9158 -0.2912 0.2767
vn 0.3617 -0.4437 0.8199
vn 0.6966 -0.3667 0.6167
vn 0.9166 -0.2808 0.2846
vn 0.3623 -0.4180 0.8331
vn 0.3629 -0.3918 0.8455
vn 0.6987 -0.3286 0.6355
vn 0.9180 -0.2639 0.2962
vn 0.9187 -0.2552 0.3015
vn 0.9195 -0.2463 0.3065
vn 0.7009 -0.2899 0.6517
vn 0.9211 -0.2281 0.3156
vn 0.3691 -0.1524 0.9168
vn 0.7102 -0.1429 0.6893
vn 0.3699 -0.1235 0.9208
vn 0.9262 -0.1752 0.3339
vn 0.3709 -0.0868 0.9246
vn 0.7140 -0.0886 0.6945
vn 0.9283 -0.1553 0.3379
vn 0.3732 -0.0128 0.9277
vn 0.9294 -0.1453 0.3393
vn 0.3742 0.0166 0.9272
vn 0.9308 -0.1324 0.3407
vn 0.9331 -0.1120 0.3416
vn 0.9343 -0.1017 0.3416
vn 0.3789 0.1573 0.9120
vn 0.3800 0.1863 0.9060
vn 0.7284 0.0969 0.6783
vn 0.9397 -0.0575 0.3371
vn 0.3826 0.2594 0.8867
vn 0.7330 0.1517 0.6631
vn 0.9410 -0.0471 0.3350
vn 0.3840 0.2956 0.8748
vn 0.9437 -0.0262 0.3297
vn 0.3850 0.3238 0.8642
vn 0.7366 0.1944 0.6478
vn 0.9454 -0.0131 0.3256
vn 0.9468 -0.0027 0.3218
vn 0.7400 0.2338 0.6307
vn 0.9495 0.0178 0.3132
vn 0.7480 0.3253 0.5786
vn 0.7524 0.3759 0.5410
vn 0.3949 0.5756 0.7160
vn 0.3959 0.5992 0.6959
vn 0.7555 0.4119 0.5094
vn 0.9606 0.1006 0.2592
vn 0.3980 0.6561 0.6412
vn 0.9618 0.1096 0.2511
vn 0.3990 0.6828 0.6121
vn 0.9640 0.1268 0.2338
vn 0.9653 0.1373 0.2221
vn 0.7633 0.5074 0.3999
vn 0.7649 0.5283 0.3686
vn 0.7663 0.5477 0.3360
vn 0.7684 0.5834 0.2628
vn 0.7691 0.5973 0.2273
vn 0.7695 0.6093 0.1910
vn 0.7694 0.6338 0.0791
vn 0.7683 0.6400 0.0109
vn 0.4043 0.9142 0.0285
vn 0.4039 0.9148 -0.0029
vn 0.7671 0.6404 -0.0385
vn 0.9725 0.2326 -0.0142
vn 0.9721 0.2332 -0.0271
vn 0.4027 0.9116 -0.0825
vn 0.4020 0.9074 -0.1224
vn 0.9710 0.2331 -0.0527
vn 0.9702 0.2321 -0.0690
vn 0.7600 0.6160 -0.2075
vn 0.7570 0.6005 -0.2575
vn 0.3978 0.8668 -0.3007
vn 0.3968 0.8536 -0.3375
vn 0.7532 0.5781 -0.3137
vn 0.9637 0.2143 -0.1593
vn 0.3945 0.8228 -0.4090
vn 0.7500 0.5573 -0.3562
vn 0.9623 0.2091 -0.1739
vn 0.3936 0.8091 -0.4364
vn 0.9600 0.1999 -0.1963
vn 0.9587 0.1948 -0.2071
vn 0.7472 0.5375 -0.3910
vn 0.7413 0.4938 -0.4546
vn 0.7385 0.4715 -0.4820
vn 0.7356 0.4480 -0.5080
vn 0.7285 0.3848 -0.5667
vn 0.7256 0.3577 -0.5878
vn 0.7173 0.2728 -0.6411
vn 0.7133 0.2283 -0.6626
vn 0.3719 0.3769 -0.8483
vn 0.3709 0.3500 -0.8602
vn 0.7098 0.1878 -0.6789
vn 0.9309 0.0375 -0.3633
vn 0.3684 0.2803 -0.8864
vn 0.7056 0.1354 -0.6956
vn 0.9296 0.0278 -0.3675
vn 0.3672 0.2449 -0.8973
vn 0.9270 0.0082 -0.3750
vn 0.9254 -0.0045 -0.3791
vn 0.7030 0.1020 -0.7038
vn 0.3622 0.0797 -0.9287
vn 0.6981 0.0334 -0.7152
vn 0.6958 -0.0017 -0.7182
vn 0.9171 -0.0775 -0.3911
vn 0.6359 -0.0685 -0.7687
vn 0.8572 0.0000 0.5150
vn 0.8572 -0.0894 0.5072
vn 0.8572 -0.1762 0.4840
vn 0.8572 -0.2575 0.4460
vn 0.8572 -0.3311 0.3945
vn 0.8572 -0.3945 0.3311
vn 0.8572 -0.4460 0.2575
vn 0.8572 -0.4840 0.1762
vn 0.8572 -0.5072 0.0894
vn 0.8572 -0.5150 0.0000
vn 0.8572 -0.5072 -0.0894
vn 0.8572 -0.4840 -0.1762
vn 0.8572 -0.4460 -0.2575
vn 0.8572 -0.3945 -0.3311
vn 0.8572 -0.3311 -0.3945
vn 0.8572 -0.2575 -0.4460
vn 0.8572 -0.1762 -0.4840
vn 0.8572 -0.0894 -0.5072
vn 0.8572 -0.0000 -0.5150
vn 0.8572 0.0000 0.5150
vn 0.8572 0.0000 0.5150
vn 0.8572 0.0000 0.5150
vn 0.8572 0.0000 0.5150
vn 0.8572 0.0000 0.5150
vn 0.8572 0.0000 0.5150
vn 0.8572 0.0000 0.5150
vn 0.8572 0.0894 -0.5072
vn 0.8572 0.1762 -0.4840
vn 0.8572 0.2575 -0.4460
vn 0.8572 0.3311 -0.3945
vn 0.8572 0.3945 -0.3311
vn 0.8572 0.4460 -0.2575
vn 0.8572 0.4840 -0.1762
vn 0.8572 0.5072 -0.0894
vn 0.8572 0.5150 -0.0000
vn 0.8572 0.5072 0.0894
vn 0.8572 0.4840 0.1762
vn 0.8572 0.4460 0.2575
vn 0.8572 0.3945 0.3311
vn 0.8572 0.3311 0.3945
vn 0.8572 0.2575 0.4460
vn 0.8572 0.1762 0.4840
vn 0.8572 0.0894 0.5072
vn 0.8572 -0.1762 0.4840
vn 0.8572 -0.3311 0.3945
vn 0.8572 -0.4460 0.2575
vn 0.8572 -0.1762 0.4840
vn 0.8572 -0.5072 0.0894
vn 0.8572 -0.3311 0.3945
vn 0.8572 -0.5072 -0.0894
vn 0.8572 -0.4460 0.2575
vn 0.8572 -0.4460 -0.2575
vn 0.8572 -0.5072 0.0894
vn 0.8572 -0.3311 -0.3945
vn 0.8572 -0.5072 -0.0894
vn 0.8572 -0.1762 -0.4840
vn 0.8572 -0.4460 -0.2575
vn 0.8572 -0.0000 -0.5150
vn 0.8572 -0.3311 -0.3945
vn 0.8572 0.1762 -0.4840
vn 0.8572 -0.1762 -0.4840
vn 0.8572 0.3311 -0.3945
vn 0.8572 -0.0000 -0.5150
vn 0.8572 0.4460 -0.2575
vn 0.8572 0.1762 -0.4840
vn 0.8572 0.5072 -0.0894
vn 0.8572 0.3311 -0.3945
vn 0.8572 0.5072 0.0894
vn 0.8572 0.4460 -0.2575
vn 0.8572 0.4460 0.2575
vn 0.8572 0.5072 -0.0894
vn 0.8572 0.3311 0.3945
vn 0.8572 0.5072 0.0894
vn 0.8572 0.1762 0.4840
vn 0.8572 0.4460 0.2575
vn 0.8572 0.3311 0.3945
vn 0.8572 0.1762 0.4840
vn 0.0000 -0.0000 1.0000
vn 0.0000 -0.1736 0.9848
vn 0.0000 -0.3420 0.9397
vn 0.0000 -0.5000 0.8660
vn 0.0000 -0.6428 0.7660
vn 0.0000 -0.7660 0.6428
vn 0.0000 -0.8660 0.5000
vn 0.0000 -0.9397 0.3420
vn 0.0000 -0.9848 0.1736
vn 0.0000 -1.0000 -0.0000
vn 0.0000 -0.9848 -0.1736
vn 0.0000 -0.9397 -0.3420
vn 0.0000 -0.8660 -0.5000
vn 0.0000 -0.7660 -0.6428
vn 0.0000 -0.6428 -0.7660
vn 0.0000 -0.5000 -0.8660
vn 0.0000 -0.3420 -0.9397
vn 0.0000 -0.1736 -0.9848
vn 0.0000 -0.0000 -1.0000
vn 0.0000 0.1736 -0.9848
vn 0.0000 0.3420 -0.9397
vn 0.0000 0.5000 -0.8660
vn 0.0000 0.6428 -0.7660
vn 0.0000 0.7660 -0.6428
vn 0.0000 0.8660 -0.5000
vn 0.0000 0.9397 -0.3420
vn 0.0000 0.9848 -0.1736
vn 0.0000 1.0000 -0.0000
vn 0.0000 0.9848 0.1736
vn 0.0000 0.9397 0.3420
vn 0.0000 0.8660 0.5000
vn 0.0000 0.7660 0.6428
vn 0.0000 0.6428 0.7660
vn 0.0000 0.5000 0.8660
vn 0.0000 0.3420 0.9397
vn 0.0000 0.1736 0.9848
vn 0.0000 -0.0000 1.0000
vn 0.0000 -0.0000 1.0000
vn 0.0000 -0.0000 1.0000
vn 0.0000 -0.1736 0.9848
vn 0.0000 -0.3420 0.9397
vn 0.0000 -0.5000 0.8660
vn 0.0000 -0.6428 0.7660
vn 0.0000 -0.7660 0.6428
vn 0.0000 -0.8660 0.5000
vn 0.0000 -0.9397 0.3420
vn 0.0000 -0.9848 0.1736
vn 0.0000 -1.0000 0.0000
vn 0.0000 -0.9848 -0.1736
vn 0.0000 -0.9397 -0.3420
vn 0.0000 -0.8660 -0.5000
vn 0.0000 -0.7660 -0.6428
vn 0.0000 -0.6428 -0.7660
vn 0.0000 -0.5000 -0.8660
vn 0.0000 -0.3420 -0.9397
vn 0.0000 -0.1736 -0.9848
vn 0.0000 0.0000 -1.0000
vn 0.0000 0.1736 -0.9848
vn 0.0000 0.3420 -0.9397
vn 0.0000 0.5000 -0.8660
vn 0.0000 0.6428 -0.7660
vn 0.0000 0.7660 -0.6428
vn 0.0000 0.8660 -0.5000
vn 0.0000 0.9397 -0.3420
vn 0.0000 0.9848 -0.1736
vn 0.0000 1.0000 0.0000
vn 0.0000 0.9848 0.1736
vn 0.0000 0.9397 0.3420
vn 0.0000 0.8660 0.5000
vn 0.0000 0.7660 0.6428
vn 0.0000 0.6428 0.7660
vn 0.0000 0.5000 0.8660
vn 0.0000 0.3420 0.9397
vn 0.0000 0.1736 0.9848
vn 0.7071 0.0000 0.7071
vn 0.7071 -0.1228 0.6964
vn 0.7071 -0.2418 0.6645
vn 0.7071 -0.3536 0.6124
vn 0.7071 -0.4545 0.5417
vn 0.7071 -0.5417 0.4545
vn 0.7071 -0.6124 0.3536
vn 0.7071 -0.6645 0.2418
vn 0.7071 -0.6964 0.1228
vn 0.7071 -0.7071 0.0000
vn 0.7071 -0.6964 -0.1228
vn 0.7071 -0.6645 -0.2418
vn 0.7071 -0.6124 -0.3536
vn 0.7071 -0.5417 -0.4545
vn 0.7071 -0.4545 -0.5417
vn 0.7071 -0.3536 -0.6124
vn 0.7071 -0.2418 -0.6645
vn 0.7071 -0.1228 -0.6964
vn 0.7071 -0.0000 -0.7071
vn 0.7071 0.1228 -0.6964
vn 0.7071 0.2418 -0.6645
vn 0.7071 0.3536 -0.6124
vn 0.7071 0.4545 -0.5417
vn 0.7071 0.5417 -0.4545
vn 0.7071 0.6124 -0.3536
vn 0.7071 0.6645 -0.2418
vn 0.7071 0.6964 -0.1228
vn 0.7071 0.7071 -0.0000
vn 0.7071 0.6964 0.1228
vn 0.7071 0.6645 0.2418
vn 0.7071 0.6124 0.3536
vn 0.7071 0.5417 0.4545
vn 0.7071 0.4545 0.5417
vn 0.7071 0.3536 0.6124
vn 0.7071 0.2418 0.6645
vn 0.7071 0.1228 0.6964
vn 0.7071 0.0000 0.7071
vn 0.7071 0.0000 0.7071
vn 0.7071 0.0000 0.7071
vn 0.7071 0.1228 0.6964
vn 0.7071 0.2418 0.6645
vn 0.7071 0.3536 0.6124
vn 0.7071 0.4545 0.5417
vn 0.7071 0.5417 0.4545
vn 0.7071 0.6124 0.3536
vn 0.7071 0.6645 0.2418
vn 0.7071 0.6964 0.1228
vn 0.7071 0.7071 -0.0000
vn 0.7071 0.6964 -0.1228
vn 0.7071 0.6645 -0.2418
vn 0.7071 0.6124 -0.3536
vn 0.7071 0.5417 -0.4545
vn 0.7071 0.4545 -0.5417
vn 0.7071 0.3536 -0.6124
vn 0.7071 0.2418 -0.6645
vn 0.7071 0.1228 -0.6964
vn 0.7071 0.0000 -0.7071
vn 0.7071 -0.1228 -0.6964
vn 0.7071 -0.2418 -0.6645
vn 0.7071 -0.3536 -0.6124
vn 0.7071 -0.4545 -0.5417
vn 0.7071 -0.5417 -0.4545
vn 0.7071 -0.6124 -0.3536
vn 0.7071 -0.6645 -0.2418
vn 0.7071 -0.6964 -0.1228
vn 0.7071 -0.7071 -0.0000
vn 0.7071 -0.6964 0.1228
vn 0.7071 -0.6645 0.2418
vn 0.7071 -0.6124 0.3536
vn 0.7071 -0.5417 0.4545
vn 0.7071 -0.4545 0.5417
vn 0.7071 -0.3536 0.6124
vn 0.7071 -0.2418 0.6645
vn 0.7071 -0.1228 0.6964
vn 0.8572 0.0000 0.5150
vn 0.8572 -0.0894 0.5072
vn 0.8572 -0.1762 0.4840
vn 0.8572 -0.2575 0.4460
vn 0.8572 -0.3311 0.3945
vn 0.8572 -0.3945 0.3311
vn 0.8572 -0.4460 0.2575
vn 0.8572 -0.4840 0.1762
vn 0.8572 -0.5072 0.0894
vn 0.8572 -0.5150 0.0000
vn 0.8572 -0.5072 -0.0894
vn 0.8572 -0.4840 -0.1762
vn 0.8572 -0.4460 -0.2575
vn 0.8572 -0.3945 -0.3311
vn 0.8572 -0.3311 -0.3945
vn 0.8572 -0.2575 -0.4460
vn 0.8572 -0.1762 -0.4840
vn 0.8572 -0.0894 -0.5072
vn 0.8572 -0.0000 -0.5150
vn 0.8572 0.0000 0.5150
vn 0.8572 0.0000 0.5150
vn 0.8572 0.0000 0.5150
vn 0.8572 0.0000 0.5150
vn 0.8572 0.0000 0.5150
vn 0.8572 0.0000 0.5150
vn 0.8572 0.0000 0.5150
vn 0.8572 0.0894 -0.5072
vn 0.8572 0.1762 -0.4840
vn 0.8572 0.2575 -0.4460
vn 0.8572 0.3311 -0.3945
vn 0.8572 0.3945 -0.3311
vn 0.8572 0.4460 -0.2575
vn 0.8572 0.4840 -0.1762
vn 0.8572 0.5072 -0.0894
vn 0.8572 0.5150 -0.0000
vn 0.8572 0.5072 0.0894
vn 0.8572 0.4840 0.1762
vn 0.8572 0.4460 0.2575
vn 0.8572 0.3945 0.3311
vn 0.8572 0.3311 0.3945
vn 0.8572 0.2575 0.4460
vn 0.8572 0.1762 0.4840
vn 0.8572 0.0894 0.5072
vn 0.8572 -0.1762 0.4840
vn 0.8572 -0.3311 0.3945
vn 0.8572 -0.4460 0.2575
vn 0.8572 -0.1762 0.4840
vn 0.8572 -0.5072 0.0894
vn 0.8572 -0.3311 0.3945
vn 0.8572 -0.5072 -0.0894
vn 0.8572 -0.4460 0.2575
vn 0.8572 -0.4460 -0.2575
vn 0.8572 -0.5072 0.0894
vn 0.8572 -0.3311 -0.3945
vn 0.8572 -0.5072 -0.0894
vn 0.8572 -0.1762 -0.4840
vn 0.8572 -0.4460 -0.2575
vn 0.8572 -0.0000 -0.5150
vn 0.8572 -0.3311 -0.3945
vn 0.8572 0.1762 -0.4840
vn 0.8572 -0.1762 -0.4840
vn 0.8572 0.3311 -0.3945
vn 0.8572 -0.0000 -0.5150
vn 0.8572 0.4460 -0.2575
vn 0.8572 0.1762 -0.4840
vn 0.8572 0.5072 -0.0894
vn 0.8572 0.3311 -0.3945
vn 0.8572 0.5072 0.0894
vn 0.8572 0.4460 -0.2575
vn 0.8572 0.4460 0.2575
vn 0.8572 0.5072 -0.0894
vn 0.8572 0.3311 0.3945
vn 0.8572 0.5072 0.0894
vn 0.8572 0.1762 0.4840
vn 0.8572 0.4460 0.2575
vn 0.8572 0.3311 0.3945
vn 0.8572 0.1762 0.4840
vn 0.0000 -0.0000 1.0000
vn 0.0000 -0.1736 0.9848
vn 0.0000 -0.3420 0.9397
vn 0.0000 -0.5000 0.8660
vn 0.0000 -0.6428 0.7660
vn 0.0000 -0.7660 0.6428
vn 0.0000 -0.8660 0.5000
vn 0.0000 -0.9397 0.3420
vn 0.0000 -0.9848 0.1736
vn 0.0000 -1.0000 -0.0000
vn 0.0000 -0.9848 -0.1736
vn 0.0000 -0.9397 -0.3420
vn 0.0000 -0.8660 -0.5000
vn 0.0000 -0.7660 -0.6428
vn 0.0000 -0.6428 -0.7660
vn 0.0000 -0.5000 -0.8660
vn 0.0000 -0.3420 -0.9397
vn 0.0000 -0.1736 -0.9848
vn 0.0000 -0.0000 -1.0000
vn 0.0000 0.1736 -0.9848
vn 0.0000 0.3420 -0.9397
vn 0.0000 0.5000 -0.8660
vn 0.0000 0.6428 -0.7660
vn 0.0000 0.7660 -0.6428
vn 0.0000 0.8660 -0.5000
vn 0.0000 0.9397 -0.3420
vn 0.0000 0.9848 -0.1736
vn 0.0000 1.0000 -0.0000
vn 0.0000 0.9848 0.1736
vn 0.0000 0.9397 0.3420
vn 0.0000 0.8660 0.5000
vn 0.0000 0.7660 0.6428
vn 0.0000 0.6428 0.7660
vn 0.0000 0.5000 0.8660
vn 0.0000 0.3420 0.9397
vn 0.0000 0.1736 0.9848
vn 0.0000 -0.0000 1.0000
vn 0.0000 -0.0000 1.0000
vn 0.0000 -0.0000 1.0000
vn 0.0000 -0.1736 0.9848
vn 0.0000 -0.3420 0.9397
vn 0.0000 -0.5000 0.8660
vn 0.0000 -0.6428 0.7660
vn 0.0000 -0.7660 0.6428
vn 0.0000 -0.8660 0.5000
vn 0.0000 -0.9397 0.3420
vn 0.0000 -0.9848 0.1736
vn 0.0000 -1.0000 0.0000
vn 0.0000 -0.9848 -0.1736
vn 0.0000 -0.9397 -0.3420
vn 0.0000 -0.8660 -0.5000
vn 0.0000 -0.7660 -0.6428
vn 0.0000 -0.6428 -0.7660
vn 0.0000 -0.5000 -0.8660
vn 0.0000 -0.3420 -0.9397
vn 0.0000 -0.1736 -0.9848
vn 0.0000 0.0000 -1.0000
vn 0.0000 0.1736 -0.9848
vn 0.0000 0.3420 -0.9397
vn 0.0000 0.5000 -0.8660
vn 0.0000 0.6428 -0.7660
vn 0.0000 0.7660 -0.6428
vn 0.0000 0.8660 -0.5000
vn 0.0000 0.9397 -0.3420
vn 0.0000 0.9848 -0.1736
vn 0.0000 1.0000 0.0000
vn 0.0000 0.9848 0.1736
vn 0.0000 0.9397 0.3420
vn 0.0000 0.8660 0.5000
vn 0.0000 0.7660 0.6428
vn 0.0000 0.6428 0.7660
vn 0.0000 0.5000 0.8660
vn 0.0000 0.3420 0.9397
vn 0.0000 0.1736 0.9848
vn 0.7071 0.0000 0.7071
vn 0.7071 -0.1228 0.6964
vn 0.7071 -0.2418 0.6645
vn 0.7071 -0.3536 0.6124
vn 0.7071 -0.4545 0.5417
vn 0.7071 -0.5417 0.4545
vn 0.7071 -0.6124 0.3536
vn 0.7071 -0.6645 0.2418
vn 0.7071 -0.6964 0.1228
vn 0.7071 -0.7071 0.0000
vn 0.7071 -0.6964 -0.1228
vn 0.7071 -0.6645 -0.2418
vn 0.7071 -0.6124 -0.3536
vn 0.7071 -0.5417 -0.4545
vn 0.7071 -0.4545 -0.5417
vn 0.7071 -0.3536 -0.6124
vn 0.7071 -0.2418 -0.6645
vn 0.7071 -0.1228 -0.6964
vn 0.7071 -0.0000 -0.7071
vn 0.7071 0.1228 -0.6964
vn 0.7071 0.2418 -0.6645
vn 0.7071 0.3536 -0.6124
vn 0.7071 0.4545 -0.5417
vn 0.7071 0.5417 -0.4545
vn 0.7071 0.6124 -0.3536
vn 0.7071 0.6645 -0.2418
vn 0.7071 0.6964 -0.1228
vn 0.7071 0.7071 -0.0000
vn 0.7071 0.6964 0.1228
vn 0.7071 0.6645 0.2418
vn 0.7071 0.6124 0.3536
vn 0.7071 0.5417 0.4545
vn 0.7071 0.4545 0.5417
vn 0.7071 0.3536 0.6124
vn 0.7071 0.2418 0.6645
vn 0.7071 0.1228 0.6964
vn 0.7071 0.0000 0.7071
vn 0.7071 0.0000 0.7071
vn 0.7071 0.0000 0.7071
vn 0.7071 0.1228 0.6964
vn 0.7071 0.2418 0.6645
vn 0.7071 0.3536 0.6124
vn 0.7071 0.4545 0.5417
vn 0.7071 0.5417 0.4545
vn 0.7071 0.6124 0.3536
vn 0.7071 0.6645 0.2418
vn 0.7071 0.6964 0.1228
vn 0.7071 0.7071 -0.0000
vn 0.7071 0.6964 -0.1228
vn 0.7071 0.6645 -0.2418
vn 0.7071 0.6124 -0.3536
vn 0.7071 0.5417 -0.4545
vn 0.7071 0.4545 -0.5417
vn 0.7071 0.3536 -0.6124
vn 0.7071 0.2418 -0.6645
vn 0.7071 0.1228 -0.6964
vn 0.7071 0.0000 -0.7071
vn 0.7071 -0.1228 -0.6964
vn 0.7071 -0.2418 -0.6645
vn 0.7071 -0.3536 -0.6124
vn 0.7071 -0.4545 -0.5417
vn 0.7071 -0.5417 -0.4545
vn 0.7071 -0.6124 -0.3536
vn 0.7071 -0.6645 -0.2418
vn 0.7071 -0.6964 -0.1228
vn 0.7071 -0.7071 -0.0000
vn 0.7071 -0.6964 0.1228
vn 0.7071 -0.6645 0.2418
vn 0.7071 -0.6124 0.3536
vn 0.7071 -0.5417 0.4545
vn 0.7071 -0.4545 0.5417
vn 0.7071 -0.3536 0.6124
vn 0.7071 -0.2418 0.6645
vn 0.7071 -0.1228 0.6964
vn 0.0000 -0.4202 0.9074
vn 0.0000 -0.2665 0.9638
vn 0.0000 -0.1056 0.9944
vn 0.0000 0.0583 0.9983
vn 0.0000 0.2208 0.9753
vn 0.0000 0.3782 0.9257
vn 0.0000 0.5262 0.8504
vn 0.0000 0.6608 0.7506
vn 0.0000 0.7773 0.6291
vn 0.0000 0.8718 0.4899
vn 0.0000 0.9418 0.3363
vn 0.0000 0.9851 0.1722
vn 0.0000 1.0000 0.0026
vn 0.0000 0.9859 -0.1672
vn 0.0000 0.9434 -0.3317
vn 0.0000 0.8734 -0.4870
vn 0.0000 0.7778 -0.6286
vn 0.0000 0.6598 -0.7515
vn 0.0000 0.5379 -0.8430
vn 0.0000 0.4177 -0.9086
vn 0.0000 0.2898 -0.9571
vn 0.0000 0.1569 -0.9876
vn 0.0000 0.0215 -0.9998
vn 0.0000 -0.1128 -0.9936
vn 0.0000 -0.2441 -0.9697
vn 0.0000 -0.3706 -0.9288
vn 0.0000 -0.4907 -0.8713
vn 0.0000 -0.6015 -0.7989
vn 0.0000 -0.7013 -0.7129
vn 0.0000 -0.7888 -0.6147
vn 0.0000 -0.8318 -0.5551
vn 0.0000 -0.8704 -0.4923
vn 0.0000 -0.2592 0.9658
vn 0.0000 -0.0905 0.9959
vn 0.0000 0.0808 0.9967
vn 0.0000 0.2498 0.9683
vn 0.0000 0.4114 0.9115
vn 0.0000 0.5609 0.8279
vn 0.0000 0.6940 0.7200
vn 0.0000 0.8067 0.5909
vn 0.0000 0.8957 0.4446
vn 0.0000 0.9585 0.2851
vn 0.0000 0.9931 0.1174
vn 0.0000 0.9985 -0.0539
vn 0.0000 0.9747 -0.2235
vn 0.0000 0.9222 -0.3866
vn 0.0000 0.8427 -0.5384
vn 0.0000 0.7384 -0.6743
vn 0.0000 0.6125 -0.7905
vn 0.0000 0.4686 -0.8834
vn 0.0000 0.3109 -0.9504
vn 0.0000 0.1441 -0.9896
vn 0.0000 -0.0269 -0.9996
vn 0.0000 -0.1971 -0.9804
vn 0.0000 -0.3616 -0.9323
vn 0.0000 -0.5154 -0.8569
vn 0.0000 -0.6541 -0.7564
vn 0.0000 -0.7736 -0.6336
vn -1.0000 0.0000 0.0000
vn -1.0000 0.0000 0.0000
vn -1.0000 0.0000 0.0000
vn -1.0000 0.0000 0.0000
vn -1.0000 0.0000 0.0000
vn -1.0000 0.0000 0.0000
vn -1.0000 0.0000 0.0000
vn -1.0000 0.0000 0.0000
vn -1.0000 0.0000 0.0000
vn -1.0000 0.0000 0.0000
vn -1.0000 0.0000 0.0000
vn -1.0000 0.0000 0.0000
vn -1.0000 0.0000 0.0000
vn -1.0000 0.0000 0.0000
vn -1.0000 0.0000 0.0000
vn -1.0000 0.0000 0.0000
vn -1.0000 0.0000 0.0000
vn -1.0000 0.0000 0.0000
vn -1.0000 0.0000 0.0000
vn -1.0000 0.0000 0.0000
vn -1.0000 0.0000 0.0000
vn -1.0000 0.0000 0.0000
vn -1.0000 0.0000 0.0000
vn -1.0000 0.0000 0.0000
vn -1.0000 0.0000 0.0000
vn -1.0000 0.0000 0.0000
vn -1.0000 0.0000 0.0000
vn -1.0000 0.0000 0.0000
vn -1.0000 0.0000 0.0000
vn -1.0000 0.0000 0.0000
vn -1.0000 0.0000 0.0000
vn -1.0000 0.0000 0.0000
vn -1.0000 0.0000 0.0000
vn -1.0000 0.0000 0.0000
vn -1.0000 0.0000 0.0000
vn -1.0000 0.0000 0.0000
vn -1.0000 0.0000 0.0000
vn -1.0000 0.0000 0.0000
vn -1.0000 0.0000 0.0000
vn -1.0000 0.0000 0.0000
vn -1.0000 0.0000 0.0000
vn -1.0000 0.0000 0.0000
vn -1.0000 0.0000 0.0000
vn -1.0000 0.0000 0.0000
vn -1.0000 0.0000 0.0000
vn -1.0000 0.0000 0.0000
vn -1.0000 0.0000 0.0000
vn -1.0000 0.0000 0.0000
vn -1.0000 0.0000 0.0000
vn -1.0000 0.0000 0.0000
vn -1.0000 0.0000 0.0000
vn -1.0000 0.0000 0.0000
vn -1.0000 0.0000 0.0000
vn -1.0000 0.0000 0.0000
vn -1.0000 0.0000 0.0000
vn -1.0000 0.0000 0.0000
vn -1.0000 0.0000 0.0000
vn -1.0000 0.0000 0.0000
vn -1.0000 0.0000 0.0000
vn -1.0000 0.0000 0.0000
vn -1.0000 0.0000 0.0000
vn -1.0000 0.0000 0.0000
vn -1.0000 0.0000 0.0000
vn -1.0000 0.0000 0.0000
vn -1.0000 0.0000 0.0000
vn -1.0000 0.0000 0.0000
vn -1.0000 0.0000 0.0000
vn -1.0000 0.0000 0.0000
vn -1.0000 0.0000 0.0000
vn -1.0000 0.0000 0.0000
vn -1.0000 0.0000 0.0000
vn -1.0000 0.0000 0.0000
vn -1.0000 0.0000 0.0000
vn 0.0000 -0.0185 0.9998
vn 0.0000 -0.1805 0.9836
vn 0.0000 -0.3373 0.9414
vn 0.0000 -0.4851 0.8745
vn 0.0000 -0.6199 0.7847
vn 0.0000 -0.7384 0.6743
vn 0.0000 -0.8379 0.5458
vn 0.0000 -0.9155 0.4023
vn 0.0000 -0.9688 0.2478
vn 0.0000 -0.9962 0.0868
vn 0.0000 -0.9971 -0.0764
vn 0.0000 -0.9714 -0.2376
vn 0.0000 -0.9196 -0.3928
vn 0.0000 -0.8432 -0.5376
vn 0.0000 -0.7440 -0.6681
vn 0.0000 -0.6248 -0.7808
vn 0.0000 -0.4894 -0.8720
vn 0.0000 -0.3415 -0.9399
vn 0.0000 -0.1849 -0.9828
vn 0.0000 -0.0233 -0.9997
vn 0.0000 0.1387 -0.9903
vn 0.0000 0.2964 -0.9551
vn 0.0000 0.4461 -0.8950
vn 0.0000 0.5842 -0.8116
vn 0.0000 0.7075 -0.7067
vn 0.0000 0.8125 -0.5829
vn 0.0000 0.8962 -0.4437
vn 0.0000 0.9562 -0.2926
vn 0.0000 0.9910 -0.1338
vn 0.0000 0.9996 0.0286
vn 0.0000 0.9817 0.1906
vn 0.0000 0.9375 0.3481
vn 0.0000 0.8681 0.4963
vn 0.0000 0.7758 0.6310
vn 0.0000 0.6632 0.7484
vn 0.0000 0.5336 0.8457
vn 0.0000 0.3903 0.9207
vn 0.0000 0.2366 0.9716
vn 0.0000 0.1102 0.9939
vn 0.0000 -0.0185 0.9998
vn 0.0000 -0.0185 0.9998
vn 0.0000 -0.0185 0.9998
vn 0.0000 0.1499 0.9887
vn 0.0000 0.3140 0.9494
vn 0.0000 0.4692 0.8831
vn 0.0000 0.6110 0.7916
vn 0.0000 0.7354 0.6776
vn 0.0000 0.8389 0.5443
vn 0.0000 0.9185 0.3955
vn 0.0000 0.9719 0.2354
vn 0.0000 0.9976 0.0686
vn 0.0000 0.9950 -0.1001
vn 0.0000 0.9640 -0.2660
vn 0.0000 0.9055 -0.4243
vn 0.0000 0.8213 -0.5705
vn 0.0000 0.7136 -0.7005
vn 0.0000 0.5857 -0.8106
vn 0.0000 0.4410 -0.8975
vn 0.0000 0.2838 -0.9589
vn 0.0000 0.1185 -0.9929
vn 0.0000 -0.0501 -0.9987
vn 0.0000 -0.2174 -0.9761
vn 0.0000 -0.3784 -0.9256
vn 0.0000 -0.5287 -0.8488
vn 0.0000 -0.6639 -0.7478
vn 0.0000 -0.7802 -0.6256
vn 0.0000 -0.8743 -0.4855
vn 0.0000 -0.9434 -0.3315
vn 0.0000 -0.9858 -0.1682
vn 0.0000 -1.0000 0.0000
vn 0.0000 -0.9852 0.1716
vn 0.0000 -0.9411 0.3381
vn 0.0000 -0.8691 0.4946
vn 0.0000 -0.7713 0.6365
vn 0.0000 -0.6506 0.7594
vn 0.0000 -0.5107 0.8598
vn 0.0000 -0.3555 0.9347
vn 0.0000 -0.1898 0.9818
vn -1.0000 0.0000 0.0000
vn -1.0000 0.0000 0.0000
vn -1.0000 0.0000 0.0000
vn -1.0000 0.0000 0.0000
vn -1.0000 0.0000 0.0000
vn -1.0000 0.0000 0.0000
vn -1.0000 0.0000 0.0000
vn -1.0000 0.0000 0.0000
vn -1.0000 0.0000 0.0000
vn -1.0000 0.0000 0.0000
vn -1.0000 0.0000 0.0000
vn -1.0000 0.0000 0.0000
vn -1.0000 0.0000 0.0000
vn -1.0000 0.0000 0.0000
vn -1.0000 0.0000 0.0000
vn -1.0000 0.0000 0.0000
vn -1.0000 0.0000 0.0000
vn -1.0000 0.0000 0.0000
vn -1.0000 0.0000 0.0000
vn -1.0000 0.0000 0.0000
vn -1.0000 0.0000 0.0000
vn -1.0000 0.0000 0.0000
vn -1.0000 0.0000 0.0000
vn -1.0000 0.0000 0.0000
vn -1.0000 0.0000 0.0000
vn -1.0000 0.0000 0.0000
vn -1.0000 0.0000 0.0000
vn -1.0000 0.0000 0.0000
vn -1.0000 0.0000 0.0000
vn -1.0000 0.0000 0.0000
vn -1.0000 0.0000 0.0000
vn -1.0000 0.0000 0.0000
vn -1.0000 0.0000 0.0000
vn -1.0000 0.0000 0.0000
vn -1.0000 0.0000 0.0000
vn -1.0000 0.0000 0.0000
vn -1.0000 0.0000 0.0000
vn -1.0000 0.0000 0.0000
vn -1.0000 0.0000 0.0000
vn -1.0000 0.0000 0.0000
vn -1.0000 0.0000 0.0000
vn -1.0000 0.0000 0.0000
vn -1.0000 0.0000 0.0000
vn -1.0000 0.0000 0.0000
vn -1.0000 0.0000 0.0000
vn -1.0000 0.0000 0.0000
vn -1.0000 0.0000 0.0000
vn -1.0000 0.0000 0.0000
vn -1.0000 0.0000 0.0000
vn -1.0000 0.0000 0.0000
vn -1.0000 0.0000 0.0000
vn -1.0000 0.0000 0.0000
vn -1.0000 0.0000 0.0000
vn -1.0000 0.0000 0.0000
vn -1.0000 0.0000 0.0000
vn -1.0000 0.0000 0.0000
vn -1.0000 0.0000 0.0000
vn -1.0000 0.0000 0.0000
vn -1.0000 0.0000 0.0000
vn -1.0000 0.0000 0.0000
vn -1.0000 0.0000 0.0000
vn -1.0000 0.0000 0.0000
vn -1.0000 0.0000 0.0000
vn -1.0000 0.0000 0.0000
vn -1.0000 0.0000 0.0000
vn -1.0000 0.0000 0.0000
vn -1.0000 0.0000 0.0000
vn -1.0000 0.0000 0.0000
vn -1.0000 0.0000 0.0000
vn -1.0000 0.0000 0.0000
vn -1.0000 0.0000 0.0000
vn -1.0000 0.0000 0.0000
vn -1.0000 0.0000 0.0000
vn -0.0000 -0.4202 0.9074
vn -0.1549 -0.3810 0.9115
vn -0.3152 -0.3287 0.8903
vn -0.4738 -0.2635 0.8403
vn -0.6219 -0.1872 0.7604
vn -0.7509 -0.1030 0.6524
vn -0.8532 -0.0152 0.5213
vn -0.9244 0.0717 0.3746
vn -0.9633 0.1533 0.2205
vn -0.9717 0.2265 0.0673
vn -0.9540 0.2893 -0.0786
vn -0.9499 0.2936 -0.1075
vn -0.9546 0.2787 -0.1050
vn -0.9594 0.2631 -0.1020
vn -0.9642 0.2467 -0.0976
vn -0.9689 0.2290 -0.0934
vn -0.9733 0.2116 -0.0885
vn -0.9773 0.1944 -0.0841
vn -0.9808 0.1776 -0.0808
vn -0.9833 0.1640 -0.0790
vn -0.9854 0.1524 -0.0755
vn -0.9874 0.1414 -0.0709
vn -0.9888 0.1327 -0.0677
vn -0.9900 0.1256 -0.0649
vn -0.9908 0.1199 -0.0623
vn -0.9915 0.1159 -0.0597
vn -0.9918 0.1145 -0.0567
vn -0.9918 0.1152 -0.0552
vn -0.9916 0.1177 -0.0545
vn -0.9911 0.1218 -0.0540
vn -0.9903 0.1280 -0.0533
vn -0.9892 0.1365 -0.0535
vn -0.9877 0.1469 -0.0541
vn -0.9858 0.1587 -0.0551
vn -0.9834 0.1722 -0.0568
vn -0.9807 0.1866 -0.0589
vn -0.9777 0.2012 -0.0607
vn -0.9743 0.2165 -0.0626
vn -0.9702 0.2333 -0.0654
vn -0.9660 0.2492 -0.0685
vn -0.9620 0.2635 -0.0719
vn -0.9581 0.2764 -0.0753
vn -0.9691 0.1573 -0.1901
vn -0.9621 0.0078 -0.2726
vn -0.9245 -0.1495 -0.3508
vn -0.8541 -0.3072 -0.4197
vn -0.7522 -0.4568 -0.4750
vn -0.6233 -0.5900 -0.5132
vn -0.4749 -0.7004 -0.5329
vn -0.3160 -0.7840 -0.5344
vn -0.1552 -0.8401 -0.5198
vn 0.0000 -0.8704 -0.4923
vn 0.0015 -0.2656 0.9641
vn 0.0012 -0.1065 0.9943
vn -0.0001 0.0570 0.9984
vn 0.0008 0.2218 0.9751
vn 0.0020 0.3780 0.9258
vn 0.0009 0.5250 0.8511
vn 0.0000 0.6609 0.7505
vn 0.0008 0.7777 0.6287
vn 0.0009 0.8715 0.4904
vn 0.0001 0.9415 0.3369
vn 0.0002 0.9854 0.1702
vn 0.0000 1.0000 0.0021
vn -0.0001 0.9863 -0.1651
vn 0.0000 0.9431 -0.3326
vn 0.0006 0.8724 -0.4888
vn 0.0006 0.7788 -0.6273
vn 0.0001 0.6612 -0.7502
vn 0.0003 0.5376 -0.8432
vn 0.0009 0.4180 -0.9084
vn 0.0009 0.2898 -0.9571
vn 0.0002 0.1567 -0.9876
vn 0.0001 0.0212 -0.9998
vn 0.0006 -0.1128 -0.9936
vn 0.0008 -0.2439 -0.9698
vn 0.0003 -0.3710 -0.9286
vn 0.0001 -0.4905 -0.8715
vn 0.0006 -0.6011 -0.7991
vn 0.0010 -0.7015 -0.7127
vn 0.0005 -0.7893 -0.6140
vn 0.0001 -0.8321 -0.5546
vn -0.3936 -0.7255 -0.5645
vn -0.3909 -0.7045 -0.5923
vn -0.9401 -0.0554 -0.3364
vn -0.3649 -0.4128 -0.8345
vn -0.7016 -0.2239 -0.6764
vn -0.6927 -0.1635 -0.7024
vn -0.3617 -0.3598 -0.8601
vn -0.3586 -0.3055 -0.8821
vn -0.9074 0.0444 -0.4180
vn -0.9027 0.0652 -0.4253
vn -0.3526 -0.1850 -0.9173
vn -0.3501 -0.1277 -0.9280
vn -0.8960 0.1010 -0.4324
vn -0.3480 -0.0699 -0.9349
vn -0.6735 0.0069 -0.7392
vn -0.8928 0.1229 -0.4334
vn -0.8900 0.1449 -0.4324
vn -0.3431 0.1136 -0.9324
vn -0.6613 0.1817 -0.7278
vn -0.6643 0.1294 -0.7361
vn -0.3418 0.1722 -0.9239
vn -0.8862 0.1818 -0.4260
vn -0.6591 0.2223 -0.7185
vn -0.8844 0.2040 -0.4198
vn -0.3389 0.3505 -0.8731
vn -0.6551 0.3080 -0.6899
vn -0.6555 0.3497 -0.6693
vn -0.3384 0.4054 -0.8492
vn -0.8816 0.2601 -0.3940
vn -0.6538 0.3860 -0.6509
vn -0.8814 0.2773 -0.3824
vn -0.3383 0.5656 -0.7521
vn -0.6544 0.4585 -0.6013
vn -0.6548 0.5015 -0.5655
vn -0.3384 0.6188 -0.7089
vn -0.8823 0.3265 -0.3390
vn -0.6549 0.5311 -0.5376
vn -0.8828 0.3423 -0.3218
vn -0.3408 0.8598 -0.3803
vn -0.3415 0.8883 -0.3071
vn -0.8881 0.4259 -0.1726
vn -0.3421 0.9107 -0.2316
vn -0.6605 0.7101 -0.2438
vn -0.8889 0.4339 -0.1468
vn -0.6616 0.7292 -0.1744
vn -0.3445 0.9214 0.1800
vn -0.6651 0.7422 0.0823
vn -0.6661 0.7314 0.1464
vn -0.3450 0.9030 0.2559
vn -0.8926 0.4499 0.0306
vn -0.6667 0.7215 0.1872
vn -0.8930 0.4465 0.0559
vn -0.3481 0.7100 0.6121
vn -0.3494 0.6584 0.6666
vn -0.8963 0.3929 0.2056
vn -0.3507 0.6026 0.7169
vn -0.6737 0.5624 0.4794
vn -0.8973 0.3811 0.2228
vn -0.8985 0.3687 0.2384
vn -0.3622 0.2519 0.8974
vn -0.6982 0.2631 0.6657
vn -0.6921 0.3207 0.6466
vn -0.3659 0.1794 0.9132
vn -0.9101 0.2795 0.3058
vn -0.9130 0.2630 0.3119
vn -0.9163 0.2458 0.3161
vn -0.3893 -0.2231 0.8937
vn -0.9429 0.1322 0.3058
vn -0.7425 -0.4225 -0.5198
vn -0.7331 -0.3854 -0.5603
vn -0.3850 -0.6561 -0.6491
vn -0.3827 -0.6348 -0.6712
vn -0.7257 -0.3527 -0.5908
vn -0.3783 -0.5903 -0.7131
vn -0.7163 -0.3080 -0.6261
vn -0.9336 -0.0401 -0.3561
vn -0.3755 -0.5601 -0.7384
vn -0.9310 -0.0333 -0.3636
vn -0.3735 -0.5362 -0.7569
vn -0.7095 -0.2722 -0.6500
vn -0.9243 -0.0151 -0.3813
vn -0.3697 -0.4870 -0.7913
vn -0.9211 -0.0057 -0.3892
vn -0.3676 -0.4539 -0.8117
vn -0.9188 0.0018 -0.3948
vn -0.9159 0.0117 -0.4013
vn -0.9104 0.0320 -0.4124
vn -0.6882 -0.1303 -0.7137
vn -0.6839 -0.0965 -0.7231
vn -0.3559 -0.2580 -0.8982
vn -0.8998 0.0793 -0.4290
vn -0.6783 -0.0448 -0.7334
vn -0.3460 -0.0114 -0.9381
vn -0.6699 0.0479 -0.7409
vn -0.6668 0.0888 -0.7399
vn -0.3447 0.0468 -0.9376
vn -0.3441 0.0760 -0.9359
vn -0.8880 0.1622 -0.4302
vn -0.8873 0.1708 -0.4285
vn -0.3411 0.2014 -0.9182
vn -0.3404 0.2303 -0.9117
vn -0.6573 0.2623 -0.7065
vn -0.8838 0.2127 -0.4168
vn -0.3392 0.2874 -0.8957
vn -0.8832 0.2213 -0.4134
vn -0.3384 0.3201 -0.8849
vn -0.8819 0.2413 -0.4050
vn -0.8814 0.2512 -0.4001
vn -0.3375 0.4311 -0.8368
vn -0.3375 0.4575 -0.8227
vn -0.6537 0.4222 -0.6280
vn -0.3377 0.5086 -0.7921
vn -0.8810 0.2853 -0.3774
vn -0.3381 0.5345 -0.7746
vn -0.8811 0.2932 -0.3710
vn -0.8817 0.3092 -0.3564
vn -0.8821 0.3169 -0.3486
vn -0.3384 0.6395 -0.6903
vn -0.3384 0.6670 -0.6638
vn -0.6554 0.5689 -0.4968
vn -0.8830 0.3489 -0.3141
vn -0.3386 0.7179 -0.6082
vn -0.6559 0.5982 -0.4604
vn -0.8833 0.3576 -0.3031
vn -0.3387 0.7379 -0.5837
vn -0.3389 0.7571 -0.5585
vn -0.6567 0.6249 -0.4221
vn -0.8839 0.3715 -0.2840
vn -0.8843 0.3780 -0.2741
vn -0.3395 0.7987 -0.4968
vn -0.6577 0.6534 -0.3748
vn -0.8847 0.3843 -0.2640
vn -0.3398 0.8177 -0.4646
vn -0.3401 0.8330 -0.4364
vn -0.6587 0.6751 -0.3322
vn -0.8855 0.3959 -0.2430
vn -0.8860 0.4024 -0.2303
vn -0.8865 0.4076 -0.2192
vn -0.6596 0.6937 -0.2892
vn -0.8874 0.4174 -0.1960
vn -0.3424 0.9211 -0.1855
vn -0.6622 0.7386 -0.1265
vn -0.3425 0.9269 -0.1534
vn -0.8894 0.4387 -0.1284
vn -0.3427 0.9323 -0.1158
vn -0.6630 0.7453 -0.0704
vn -0.8900 0.4443 -0.1031
vn -0.3431 0.9384 -0.0406
vn -0.6636 0.7478 -0.0225
vn -0.8902 0.4465 -0.0905
vn -0.3433 0.9392 -0.0085
vn -0.8905 0.4486 -0.0759
vn -0.3435 0.9387 0.0292
vn -0.6643 0.7467 0.0339
vn -0.8910 0.4512 -0.0509
vn -0.8912 0.4519 -0.0385
vn -0.3439 0.9331 0.1049
vn -0.3441 0.9288 0.1374
vn -0.8915 0.4524 -0.0238
vn -0.8920 0.4521 0.0013
vn -0.8922 0.4514 0.0139
vn -0.3452 0.8949 0.2829
vn -0.3453 0.8846 0.3136
vn -0.6673 0.7075 0.2327
vn -0.8932 0.4447 0.0664
vn -0.3455 0.8564 0.3836
vn -0.6680 0.6877 0.2841
vn -0.8934 0.4424 0.0783
vn -0.3457 0.8404 0.4173
vn -0.3459 0.8258 0.4454
vn -0.6688 0.6682 0.3259
vn -0.8937 0.4370 0.1014
vn -0.8939 0.4333 0.1145
vn -0.3465 0.7879 0.5091
vn -0.6698 0.6421 0.3730
vn -0.8941 0.4299 0.1255
vn -0.3468 0.7670 0.5398
vn -0.8945 0.4224 0.1466
vn -0.3472 0.7484 0.5651
vn -0.6709 0.6172 0.4111
vn -0.8947 0.4174 0.1587
vn -0.8950 0.4130 0.1687
vn -0.6722 0.5910 0.4461
vn -0.8956 0.4032 0.1880
vn -0.6761 0.5236 0.5184
vn -0.6788 0.4828 0.5533
vn -0.3520 0.5420 0.7631
vn -0.3526 0.5118 0.7834
vn -0.6817 0.4414 0.5834
vn -0.9002 0.3526 0.2557
vn -0.3542 0.4495 0.8201
vn -0.6846 0.4050 0.6061
vn -0.9011 0.3445 0.2635
vn -0.3550 0.4224 0.8340
vn -0.3559 0.3948 0.8470
vn -0.6877 0.3672 0.6263
vn -0.9028 0.3303 0.2755
vn -0.9037 0.3229 0.2810
vn -0.3586 0.3279 0.8740
vn -0.9047 0.3155 0.2863
vn -0.3602 0.2934 0.8855
vn -0.9069 0.3001 0.2959
vn -0.9083 0.2908 0.3007
vn -0.3685 0.1239 0.9213
vn -0.7027 0.2249 0.6750
vn -0.7074 0.1863 0.6818
vn -0.3720 0.0507 0.9268
vn -0.7141 0.1348 0.6869
vn -0.3739 0.0140 0.9274
vn -0.7202 0.0906 0.6878
vn -0.9196 0.2300 0.3185
vn -0.3755 -0.0172 0.9267
vn -0.9219 0.2193 0.3194
vn -0.3776 -0.0539 0.9244
vn -0.7279 0.0378 0.6846
vn -0.9260 0.2009 0.3196
vn -0.3822 -0.1274 0.9153
vn -0.7345 -0.0047 0.6786
vn -0.9282 0.1915 0.3190
vn -0.3842 -0.1567 0.9098
vn -0.9309 0.1804 0.3178
vn -0.9353 0.1623 0.3146
vn -0.9375 0.1532 0.3124
vn -0.7424 -0.0534 0.6678
vn -0.9499 0.2936 -0.1075
vn -0.9691 0.1574 -0.1902
vn -0.9620 0.0080 -0.2729
vn -0.9243 -0.1491 -0.3513
vn -0.8538 -0.3067 -0.4206
vn -0.7518 -0.4561 -0.4761
vn -0.6229 -0.5893 -0.5145
vn -0.4746 -0.6997 -0.5340
vn -0.3157 -0.7835 -0.5352
vn -0.1551 -0.8398 -0.5202
vn -0.0000 -0.8704 -0.4923
vn -0.9540 0.2893 -0.0786
vn -0.9508 0.2988 -0.0816
vn -0.9480 0.3069 -0.0848
vn -0.9454 0.3137 -0.0889
vn -0.9435 0.3181 -0.0929
vn -0.9421 0.3211 -0.0963
vn -0.9413 0.3226 -0.0994
vn -0.9409 0.3225 -0.1037
vn -0.9414 0.3199 -0.1071
vn -0.9424 0.3162 -0.1086
vn -0.9443 0.3102 -0.1094
vn -0.9468 0.3029 -0.1089
vn -0.9482 0.2985 -0.1082
vn 0.0000 -0.4202 0.9074
vn -0.1548 -0.3807 0.9117
vn -0.3150 -0.3280 0.8906
vn -0.4735 -0.2625 0.8407
vn -0.6216 -0.1861 0.7609
vn -0.7506 -0.1020 0.6528
vn -0.8530 -0.0144 0.5217
vn -0.9243 0.0722 0.3748
vn -0.9632 0.1535 0.2206
vn -0.9717 0.2265 0.0673
vn -0.3124 -0.8925 -0.3253
vn -0.5555 -0.8174 -0.1525
vn -0.7170 -0.6970 -0.0133
vn -0.8045 -0.5877 0.0865
vn -0.8306 -0.5302 0.1705
vn -0.7988 -0.5345 0.2760
vn -0.7083 -0.5657 0.4222
vn -0.5453 -0.5803 0.6049
vn -0.3035 -0.5370 0.7871
vn -0.9524 -0.1588 0.2602
vn -0.9925 -0.1162 0.0384
vn -0.9854 -0.1680 -0.0261
vn -0.9550 -0.2721 -0.1178
vn -0.9597 0.0991 0.2632
vn -0.9414 0.0541 0.3330
vn -0.9708 0.1425 0.1927
vn -0.9160 -0.1683 0.3643
vn -0.9700 -0.1451 0.1950
vn -0.9787 -0.1340 0.1553
vn -0.9864 -0.1212 0.1114
vn -0.9899 -0.1149 0.0834
vn -0.9763 -0.2081 -0.0597
vn -0.9258 -0.3299 -0.1845
vn -0.9549 -0.0660 -0.2895
vn -0.9671 0.0115 -0.2543
vn -0.7744 -0.1183 0.6215
vn -0.8492 -0.1569 0.5042
vn -0.6037 -0.3796 0.7010
vn -0.6374 -0.3880 0.6657
vn -0.8808 -0.1658 0.4435
vn -0.9711 0.0882 0.2220
vn -0.6802 -0.3956 0.6171
vn -0.9750 0.0854 0.2051
vn -0.9816 0.0824 0.1724
vn -0.6538 -0.6926 -0.3047
vn -0.8929 -0.3754 -0.2488
vn -0.8596 -0.4079 -0.3078
vn -0.6171 -0.7090 -0.3413
vn -0.9842 -0.0161 -0.1765
vn -0.5962 -0.7168 -0.3616
vn -0.8388 -0.4232 -0.3425
vn -0.9777 -0.0345 -0.2070
vn -0.9737 -0.0430 -0.2237
vn -0.5576 -0.6929 -0.4571
vn -0.9713 -0.0474 -0.2332
vn -0.9659 -0.0554 -0.2531
vn -0.8344 -0.4024 -0.3766
vn -0.8149 -0.4109 -0.4087
vn -0.9901 -0.1350 -0.0371
vn -0.9914 -0.1259 -0.0357
vn -0.9925 -0.1170 -0.0344
vn -0.9935 -0.1086 -0.0333
vn -0.9944 -0.1010 -0.0324
vn -0.9950 -0.0951 -0.0319
vn -0.9954 -0.0907 -0.0315
vn -0.9957 -0.0871 -0.0312
vn -0.9959 -0.0846 -0.0311
vn -0.9961 -0.0829 -0.0309
vn -0.9961 -0.0823 -0.0308
vn -0.9961 -0.0825 -0.0308
vn -0.9960 -0.0837 -0.0307
vn -0.9959 -0.0856 -0.0306
vn -0.9956 -0.0884 -0.0306
vn -0.9953 -0.0918 -0.0305
vn -0.9949 -0.0958 -0.0304
vn -0.9945 -0.1004 -0.0303
vn -0.9940 -0.1054 -0.0303
vn -0.9934 -0.1108 -0.0303
vn -0.9927 -0.1165 -0.0303
vn -0.9920 -0.1224 -0.0305
vn -0.9912 -0.1287 -0.0307
vn -0.9904 -0.1348 -0.0310
vn -0.9895 -0.1409 -0.0315
vn -0.9886 -0.1470 -0.0321
vn -0.9877 -0.1528 -0.0328
vn -0.9868 -0.1584 -0.0337
vn -0.9859 -0.1636 -0.0348
vn -0.9851 -0.1682 -0.0359
vn -0.9844 -0.1723 -0.0371
vn -0.9837 -0.1755 -0.0382
vn -0.9833 -0.1778 -0.0392
vn -0.9829 -0.1795 -0.0402
vn -0.9827 -0.1804 -0.0411
vn -0.9827 -0.1806 -0.0419
vn -0.9828 -0.1800 -0.0425
vn -0.9830 -0.1786 -0.0428
vn -0.9834 -0.1763 -0.0430
vn -0.9839 -0.1733 -0.0430
vn -0.9846 -0.1695 -0.0426
vn -0.9854 -0.1650 -0.0421
vn -0.9863 -0.1600 -0.0413
vn -0.9872 -0.1543 -0.0404
vn -0.9882 -0.1483 -0.0394
vn -0.9891 -0.1419 -0.0383
vn -0.9896 -0.1385 -0.0377
vn -0.9901 -0.1350 -0.0371
vn -0.0000 -0.0183 0.9998
vn -0.3301 -0.0625 0.9419
vn -0.5459 -0.0901 0.8330
vn -0.7993 -0.1204 0.5887
vn -0.9507 -0.1354 0.2789
vn -0.0000 -0.0183 0.9998
vn -0.3301 -0.0625 0.9419
vn -0.5459 -0.0901 0.8330
vn -0.7993 -0.1204 0.5887
vn -0.9507 -0.1354 0.2789
vn 0.0002 -0.1799 0.9837
vn 0.0000 -0.3364 0.9417
vn 0.0000 -0.4839 0.8751
vn 0.0000 -0.6192 0.7853
vn 0.0001 -0.7390 0.6737
vn 0.0001 -0.8379 0.5458
vn -0.0000 -0.9155 0.4024
vn 0.0001 -0.9688 0.2478
vn -0.0000 -0.9961 0.0883
vn 0.0000 -0.9971 -0.0761
vn -0.0000 -0.9714 -0.2374
vn -0.0000 -0.9198 -0.3925
vn -0.0000 -0.8436 -0.5370
vn -0.0000 -0.7450 -0.6671
vn 0.0002 -0.6262 -0.7796
vn 0.0001 -0.4912 -0.8711
vn 0.0000 -0.3432 -0.9393
vn 0.0002 -0.1866 -0.9824
vn 0.0000 -0.0250 -0.9997
vn 0.0001 0.1372 -0.9905
vn 0.0001 0.2949 -0.9555
vn 0.0001 0.4450 -0.8955
vn 0.0000 0.5836 -0.8120
vn 0.0000 0.7072 -0.7071
vn -0.0001 0.8122 -0.5833
vn -0.0001 0.8959 -0.4442
vn -0.0000 0.9559 -0.2936
vn -0.0001 0.9909 -0.1344
vn -0.0001 0.9996 0.0294
vn -0.0005 0.9816 0.1909
vn -0.0000 0.9376 0.3477
vn -0.0003 0.8680 0.4965
vn -0.0003 0.7768 0.6298
vn 0.0000 0.6634 0.7483
vn -0.0000 0.5336 0.8458
vn -0.0000 0.3901 0.9208
vn 0.0000 0.2366 0.9716
vn 0.0001 0.1100 0.9939
vn -0.7141 -0.0889 0.6944
vn -0.4285 -0.1472 0.8915
vn -0.3651 -0.3011 0.8809
vn -0.3635 -0.3698 0.8550
vn -0.9223 -0.2153 0.3209
vn -0.3620 -0.4362 0.8238
vn -0.6981 -0.3410 0.6296
vn -0.9201 -0.2397 0.3098
vn -0.3604 -0.5127 0.7793
vn -0.9181 -0.2631 0.2964
vn -0.3591 -0.5729 0.7367
vn -0.6924 -0.4520 0.5624
vn -0.9160 -0.2888 0.2784
vn -0.3579 -0.6404 0.6796
vn -0.9144 -0.3098 0.2604
vn -0.3569 -0.6929 0.6265
vn -0.6880 -0.5493 0.4743
vn -0.9128 -0.3322 0.2375
vn -0.6865 -0.5808 0.4375
vn -0.9116 -0.3487 0.2176
vn -0.3543 -0.8351 0.4209
vn -0.3536 -0.8662 0.3530
vn -0.9084 -0.3937 0.1405
vn -0.3530 -0.8919 0.2827
vn -0.9077 -0.4027 0.1182
vn -0.9070 -0.4104 0.0950
vn -0.6817 -0.6876 0.2502
vn -0.9046 -0.4263 0.0040
vn -0.3508 -0.9356 -0.0392
vn -0.6772 -0.7357 -0.0114
vn -0.3513 -0.9356 0.0358
vn -0.9040 -0.4270 -0.0207
vn -0.3503 -0.9279 -0.1279
vn -0.9035 -0.4263 -0.0452
vn -0.3499 -0.9149 -0.2011
vn -0.6755 -0.7230 -0.1447
vn -0.9027 -0.4228 -0.0795
vn -0.3496 -0.8919 -0.2871
vn -0.9023 -0.4185 -0.1034
vn -0.3493 -0.8666 -0.3564
vn -0.6743 -0.6866 -0.2720
vn -0.9017 -0.4101 -0.1366
vn -0.9014 -0.4026 -0.1593
vn -0.3491 -0.8289 -0.4370
vn -0.9011 -0.3937 -0.1816
vn -0.3491 -0.7920 -0.5009
vn -0.9009 -0.3789 -0.2117
vn -0.3491 -0.7505 -0.5612
vn -0.9008 -0.3670 -0.2319
vn -0.6737 -0.6274 -0.3904
vn -0.3493 -0.6940 -0.6296
vn -0.9009 -0.3481 -0.2591
vn -0.3495 -0.6424 -0.6820
vn -0.6742 -0.5484 -0.4946
vn -0.9011 -0.3335 -0.2770
vn -0.9015 -0.3179 -0.2938
vn -0.3516 -0.4396 -0.8265
vn -0.6773 -0.3988 -0.6183
vn -0.6791 -0.3417 -0.6497
vn -0.3525 -0.3735 -0.8580
vn -0.9040 -0.2498 -0.3470
vn -0.9050 -0.2303 -0.3576
vn -0.9062 -0.2102 -0.3669
vn -0.3569 -0.1342 -0.9245
vn -0.3586 -0.0611 -0.9315
vn -0.3604 0.0125 -0.9327
vn -0.9142 -0.1072 -0.3908
vn -0.9123 -0.1291 -0.3888
vn -0.6903 -0.0938 -0.7174
vn -0.3678 0.2597 -0.8929
vn -0.9232 -0.0232 -0.3837
vn -0.3702 0.3297 -0.8685
vn -0.7080 0.1643 -0.6869
vn -0.9258 -0.0016 -0.3780
vn -0.7126 0.2196 -0.6663
vn -0.9286 0.0195 -0.3707
vn -0.3794 0.5518 -0.7427
vn -0.3821 0.6102 -0.6940
vn -0.7301 0.3984 -0.5552
vn -0.9400 0.0966 -0.3273
vn -0.3849 0.6647 -0.6404
vn -0.9430 0.1150 -0.3122
vn -0.9461 0.1324 -0.2956
vn -0.3940 0.8155 -0.4240
vn -0.7521 0.5701 -0.3307
vn -0.7471 0.5362 -0.3928
vn -0.9575 0.1888 -0.2181
vn -0.3963 0.8477 -0.3527
vn -0.9602 0.2002 -0.1949
vn -0.3989 0.8786 -0.2626
vn -0.9626 0.2095 -0.1719
vn -0.4007 0.8973 -0.1851
vn -0.7609 0.6198 -0.1921
vn -0.9658 0.2208 -0.1357
vn -0.9677 0.2261 -0.1119
vn -0.4025 0.9110 -0.0900
vn -0.4038 0.9148 -0.0089
vn -0.7671 0.6402 -0.0421
vn -0.9701 0.2314 -0.0733
vn -0.9713 0.2328 -0.0483
vn -0.7686 0.6395 0.0177
vn -0.9723 0.2326 -0.0228
vn -0.4051 0.8760 0.2617
vn -0.4045 0.8496 0.3384
vn -0.9733 0.2151 0.0800
vn -0.4037 0.8165 0.4128
vn -0.7687 0.5857 0.2572
vn -0.9728 0.2068 0.1040
vn -0.9721 0.1970 0.1276
vn -0.3983 0.6623 0.6346
vn -0.7593 0.4562 0.4640
vn -0.7561 0.4174 0.5041
vn -0.3960 0.6052 0.6906
vn -0.9642 0.1278 0.2324
vn -0.3932 0.5321 0.7499
vn -0.9620 0.1109 0.2494
vn -0.3906 0.4671 0.7932
vn -0.7461 0.3026 0.5931
vn -0.9584 0.0832 0.2732
vn -0.9559 0.0646 0.2866
vn -0.3874 0.3855 0.8374
vn -0.9533 0.0458 0.2984
vn -0.3848 0.3153 0.8675
vn -0.9492 0.0151 0.3142
vn -0.3821 0.2434 0.8915
vn -0.9466 -0.0046 0.3223
vn -0.7352 0.1767 0.6544
vn -0.9440 -0.0246 0.3290
vn -0.3739 0.0056 0.9274
vn -0.7189 -0.0237 0.6947
vn -0.9336 -0.1084 0.3415
vn -0.9324 -0.1186 0.3413
vn -0.7559 -0.1408 0.6394
vn -0.3673 -0.2164 0.9046
vn -0.7052 -0.2203 0.6739
vn -0.9252 -0.1863 0.3307
vn -0.7015 -0.2819 0.6546
vn -0.6959 -0.3818 0.6082
vn -0.6945 -0.4097 0.5915
vn -0.6931 -0.4368 0.5734
vn -0.6910 -0.4809 0.5396
vn -0.6899 -0.5055 0.5182
vn -0.6889 -0.5290 0.4956
vn -0.3564 -0.7145 0.6021
vn -0.3560 -0.7378 0.5735
vn -0.6851 -0.6130 0.3935
vn -0.9111 -0.3558 0.2079
vn -0.3552 -0.7807 0.5142
vn -0.6841 -0.6375 0.3545
vn -0.9106 -0.3635 0.1966
vn -0.3549 -0.7974 0.4881
vn -0.9098 -0.3756 0.1769
vn -0.9094 -0.3811 0.1667
vn -0.6829 -0.6644 0.3039
vn -0.6808 -0.7024 0.2078
vn -0.6800 -0.7143 0.1654
vn -0.3525 -0.9081 0.2261
vn -0.3523 -0.9152 0.1958
vn -0.6792 -0.7241 0.1199
vn -0.9063 -0.4162 0.0730
vn -0.9060 -0.4188 0.0613
vn -0.3518 -0.9279 0.1236
vn -0.6784 -0.7318 0.0656
vn -0.3516 -0.9321 0.0870
vn -0.9054 -0.4229 0.0377
vn -0.9051 -0.4246 0.0236
vn -0.6778 -0.7347 0.0274
vn -0.6767 -0.7347 -0.0482
vn -0.6763 -0.7322 -0.0814
vn -0.6758 -0.7281 -0.1145
vn -0.6753 -0.7189 -0.1650
vn -0.6749 -0.7110 -0.1973
vn -0.6746 -0.7017 -0.2292
vn -0.6739 -0.6617 -0.3287
vn -0.6738 -0.6465 -0.3578
vn -0.6738 -0.6054 -0.4237
vn -0.6739 -0.5859 -0.4501
vn -0.6740 -0.5652 -0.4756
vn -0.6747 -0.5150 -0.5288
vn -0.6753 -0.4794 -0.5604
vn -0.3499 -0.5938 -0.7246
vn -0.3501 -0.5649 -0.7472
vn -0.6763 -0.4367 -0.5932
vn -0.3507 -0.5048 -0.7888
vn -0.9020 -0.3006 -0.3100
vn -0.3511 -0.4784 -0.8049
vn -0.9023 -0.2905 -0.3186
vn -0.9030 -0.2726 -0.3322
vn -0.9034 -0.2633 -0.3385
vn -0.3533 -0.3231 -0.8780
vn -0.3544 -0.2536 -0.9000
vn -0.6818 -0.2685 -0.6804
vn -0.6840 -0.2175 -0.6963
vn -0.3551 -0.2183 -0.9090
vn -0.3557 -0.1880 -0.9155
vn -0.6861 -0.1734 -0.7065
vn -0.9074 -0.1923 -0.3737
vn -0.9082 -0.1800 -0.3778
vn -0.9090 -0.1695 -0.3808
vn -0.6881 -0.1339 -0.7131
vn -0.9107 -0.1482 -0.3857
vn -0.6925 -0.0573 -0.7192
vn -0.6947 -0.0208 -0.7190
vn -0.3617 0.0622 -0.9302
vn -0.6977 0.0248 -0.7160
vn -0.3625 0.0932 -0.9273
vn -0.9159 -0.0897 -0.3912
vn -0.3636 0.1296 -0.9225
vn -0.7014 0.0784 -0.7085
vn -0.9182 -0.0678 -0.3904
vn -0.3658 0.2018 -0.9085
vn -0.9193 -0.0569 -0.3894
vn -0.9208 -0.0440 -0.3877
vn -0.7046 0.1215 -0.6991
vn -0.3716 0.3665 -0.8530
vn -0.3729 0.4003 -0.8371
vn -0.7171 0.2699 -0.6426
vn -0.9304 0.0328 -0.3652
vn -0.3755 0.4660 -0.8011
vn -0.7211 0.3113 -0.6190
vn -0.9321 0.0449 -0.3595
vn -0.3767 0.4931 -0.7842
vn -0.9350 0.0652 -0.3485
vn -0.9365 0.0751 -0.3424
vn -0.7256 0.3559 -0.5890
vn -0.7344 0.4364 -0.5199
vn -0.7386 0.4719 -0.4813
vn -0.3874 0.7100 -0.5881
vn -0.3886 0.7301 -0.5621
vn -0.7426 0.5030 -0.4421
vn -0.9493 0.1497 -0.2763
vn -0.3900 0.7526 -0.5305
vn -0.9509 0.1575 -0.2666
vn -0.3925 0.7938 -0.4645
vn -0.9538 0.1721 -0.2462
vn -0.9555 0.1801 -0.2335
vn -0.7550 0.5881 -0.2899
vn -0.7573 0.6011 -0.2553
vn -0.7594 0.6123 -0.2199
vn -0.7622 0.6255 -0.1668
vn -0.7639 0.6322 -0.1298
vn -0.7654 0.6369 -0.0924
vn -0.4042 0.9142 0.0292
vn -0.4047 0.9118 0.0695
vn -0.7695 0.6335 0.0807
vn -0.4052 0.9020 0.1490
vn -0.7698 0.6253 0.1280
vn -0.9727 0.2318 -0.0074
vn -0.4053 0.8965 0.1790
vn -0.9731 0.2302 0.0090
vn -0.9734 0.2265 0.0338
vn -0.9735 0.2240 0.0461
vn -0.7696 0.6086 0.1931
vn -0.7676 0.5674 0.2981
vn -0.7663 0.5469 0.3372
vn -0.4029 0.7899 0.4622
vn -0.4024 0.7744 0.4882
vn -0.7645 0.5223 0.3777
vn -0.4017 0.7528 0.5214
vn -0.7618 0.4864 0.4280
vn -0.9711 0.1870 0.1483
vn -0.9705 0.1811 0.1592
vn -0.4000 0.7056 0.5849
vn -0.9691 0.1685 0.1801
vn -0.3993 0.6862 0.6080
vn -0.9681 0.1596 0.1933
vn -0.9663 0.1450 0.2125
vn -0.9654 0.1373 0.2217
vn -0.7544 0.3979 0.5221
vn -0.7520 0.3700 0.5455
vn -0.7495 0.3413 0.5673
vn -0.7440 0.2780 0.6076
vn -0.7412 0.2468 0.6242
vn -0.7385 0.2150 0.6391
vn -0.7304 0.1200 0.6724
vn -0.7257 0.0625 0.6851
vn -0.3793 0.1668 0.9101
vn -0.3783 0.1374 0.9154
vn -0.7222 0.0186 0.6914
vn -0.3763 0.0783 0.9232
vn -0.9405 -0.0521 0.3358
vn -0.3753 0.0498 0.9255
vn -0.9392 -0.0626 0.3377
vn -0.9367 -0.0828 0.3402
vn -0.9355 -0.0929 0.3410
vn -0.9406 -0.1405 0.3091
vn -0.9379 -0.1646 0.3052
vn -0.6803 -0.3081 -0.6650
vn -0.6811 -0.2871 -0.6736
vn -0.7425 -0.1730 0.6471
vn -0.8572 -0.0000 0.5150
vn -0.8572 -0.0894 0.5072
vn -0.8572 -0.1762 0.4840
vn -0.8572 -0.2575 0.4460
vn -0.8572 -0.3311 0.3945
vn -0.8572 -0.3945 0.3311
vn -0.8572 -0.4460 0.2575
vn -0.8572 -0.4840 0.1762
vn -0.8572 -0.5072 0.0894
vn -0.8572 -0.5150 -0.0000
vn -0.8572 -0.5072 -0.0894
vn -0.8572 -0.4840 -0.1762
vn -0.8572 -0.4460 -0.2575
vn -0.8572 -0.3945 -0.3311
vn -0.8572 -0.3311 -0.3945
vn -0.8572 -0.2575 -0.4460
vn -0.8572 -0.1762 -0.4840
vn -0.8572 -0.0894 -0.5072
vn -0.8572 0.0000 -0.5150
vn -0.8572 0.0000 -0.5150
vn -0.8572 0.0000 -0.5150
vn -0.8572 0.0000 -0.5150
vn -0.8572 0.0000 -0.5150
vn -0.8572 0.0000 -0.5150
vn -0.8572 0.0000 -0.5150
vn -0.8572 0.0000 -0.5150
vn -0.8572 0.0894 -0.5072
vn -0.8572 0.1762 -0.4840
vn -0.8572 0.2575 -0.4460
vn -0.8572 0.3311 -0.3945
vn -0.8572 0.3945 -0.3311
vn -0.8572 0.4460 -0.2575
vn -0.8572 0.4840 -0.1762
vn -0.8572 0.5072 -0.0894
vn -0.8572 0.5150 -0.0000
vn -0.8572 0.5072 0.0894
vn -0.8572 0.4840 0.1762
vn -0.8572 0.4460 0.2575
vn -0.8572 0.3945 0.3311
vn -0.8572 0.3311 0.3945
vn -0.8572 0.2575 0.4460
vn -0.8572 0.1762 0.4840
vn -0.8572 0.0894 0.5072
vn -0.8572 -0.1762 -0.4840
vn -0.8572 -0.3311 -0.3945
vn -0.8572 -0.4460 -0.2575
vn -0.8572 -0.1762 -0.4840
vn -0.8572 -0.5072 -0.0894
vn -0.8572 -0.3311 -0.3945
vn -0.8572 -0.5072 0.0894
vn -0.8572 -0.4460 -0.2575
vn -0.8572 -0.4460 0.2575
vn -0.8572 -0.5072 -0.0894
vn -0.8572 -0.3311 0.3945
vn -0.8572 -0.5072 0.0894
vn -0.8572 -0.1762 0.4840
vn -0.8572 -0.4460 0.2575
vn -0.8572 -0.0000 0.5150
vn -0.8572 -0.3311 0.3945
vn -0.8572 0.1762 0.4840
vn -0.8572 -0.1762 0.4840
vn -0.8572 0.3311 0.3945
vn -0.8572 -0.0000 0.5150
vn -0.8572 0.4460 0.2575
vn -0.8572 0.1762 0.4840
vn -0.8572 0.5072 0.0894
vn -0.8572 0.3311 0.3945
vn -0.8572 0.5072 -0.0894
vn -0.8572 0.4460 0.2575
vn -0.8572 0.4460 -0.2575
vn -0.8572 0.5072 0.0894
vn -0.8572 0.3311 -0.3945
vn -0.8572 0.5072 -0.0894
vn -0.8572 0.1762 -0.4840
vn -0.8572 0.4460 -0.2575
vn -0.8572 0.3311 -0.3945
vn -0.8572 0.1762 -0.4840
vn 0.0000 0.0000 1.0000
vn 0.0000 -0.1736 0.9848
vn 0.0000 -0.3420 0.9397
vn 0.0000 -0.5000 0.8660
vn 0.0000 -0.6428 0.7660
vn 0.0000 -0.7660 0.6428
vn 0.0000 -0.8660 0.5000
vn 0.0000 -0.9397 0.3420
vn 0.0000 -0.9848 0.1736
vn 0.0000 -1.0000 0.0000
vn 0.0000 -0.9848 -0.1736
vn 0.0000 -0.9397 -0.3420
vn 0.0000 -0.8660 -0.5000
vn 0.0000 -0.7660 -0.6428
vn 0.0000 -0.6428 -0.7660
vn 0.0000 -0.5000 -0.8660
vn 0.0000 -0.3420 -0.9397
vn 0.0000 -0.1736 -0.9848
vn 0.0000 -0.0000 -1.0000
vn 0.0000 0.1736 -0.9848
vn 0.0000 0.3420 -0.9397
vn 0.0000 0.5000 -0.8660
vn 0.0000 0.6428 -0.7660
vn 0.0000 0.7660 -0.6428
vn 0.0000 0.8660 -0.5000
vn 0.0000 0.9397 -0.3420
vn 0.0000 0.9848 -0.1736
vn 0.0000 1.0000 -0.0000
vn 0.0000 0.9848 0.1736
vn 0.0000 0.9397 0.3420
vn 0.0000 0.8660 0.5000
vn 0.0000 0.7660 0.6428
vn 0.0000 0.6428 0.7660
vn 0.0000 0.5000 0.8660
vn 0.0000 0.3420 0.9397
vn 0.0000 0.1736 0.9848
vn 0.0000 0.0000 1.0000
vn 0.0000 0.0000 1.0000
vn 0.0000 0.0000 1.0000
vn 0.0000 -0.0000 -1.0000
vn 0.0000 0.1736 -0.9848
vn 0.0000 0.3420 -0.9397
vn 0.0000 0.5000 -0.8660
vn 0.0000 0.6428 -0.7660
vn 0.0000 0.7660 -0.6428
vn 0.0000 0.8660 -0.5000
vn 0.0000 0.9397 -0.3420
vn 0.0000 0.9848 -0.1736
vn 0.0000 1.0000 -0.0000
vn 0.0000 0.9848 0.1736
vn 0.0000 0.9397 0.3420
vn 0.0000 0.8660 0.5000
vn 0.0000 0.7660 0.6428
vn 0.0000 0.6428 0.7660
vn 0.0000 0.5000 0.8660
vn 0.0000 0.3420 0.9397
vn 0.0000 0.1736 0.9848
vn 0.0000 -0.1736 0.9848
vn 0.0000 -0.3420 0.9397
vn 0.0000 -0.5000 0.8660
vn 0.0000 -0.6428 0.7660
vn 0.0000 -0.7660 0.6428
vn 0.0000 -0.8660 0.5000
vn 0.0000 -0.9397 0.3420
vn 0.0000 -0.9848 0.1736
vn 0.0000 -1.0000 0.0000
vn 0.0000 -0.9848 -0.1736
vn 0.0000 -0.9397 -0.3420
vn 0.0000 -0.8660 -0.5000
vn 0.0000 -0.7660 -0.6428
vn 0.0000 -0.6428 -0.7660
vn 0.0000 -0.5000 -0.8660
vn 0.0000 -0.3420 -0.9397
vn 0.0000 -0.1736 -0.9848
vn -0.7071 -0.0000 0.7071
vn -0.7071 -0.1228 0.6964
vn -0.7071 -0.2418 0.6645
vn -0.7071 -0.3536 0.6124
vn -0.7071 -0.4545 0.5417
vn -0.7071 -0.5417 0.4545
vn -0.7071 -0.6124 0.3536
vn -0.7071 -0.6645 0.2418
vn -0.7071 -0.6964 0.1228
vn -0.7071 -0.7071 -0.0000
vn -0.7071 -0.6964 -0.1228
vn -0.7071 -0.6645 -0.2418
vn -0.7071 -0.6124 -0.3536
vn -0.7071 -0.5417 -0.4545
vn -0.7071 -0.4545 -0.5417
vn -0.7071 -0.3536 -0.6124
vn -0.7071 -0.2418 -0.6645
vn -0.7071 -0.1228 -0.6964
vn -0.7071 -0.0000 -0.7071
vn -0.7071 0.1228 -0.6964
vn -0.7071 0.2418 -0.6645
vn -0.7071 0.3536 -0.6124
vn -0.7071 0.4545 -0.5417
vn -0.7071 0.5417 -0.4545
vn -0.7071 0.6124 -0.3536
vn -0.7071 0.6645 -0.2418
vn -0.7071 0.6964 -0.1228
vn -0.7071 0.7071 -0.0000
vn -0.7071 0.6964 0.1228
vn -0.7071 0.6645 0.2418
vn -0.7071 0.6124 0.3536
vn -0.7071 0.5417 0.4545
vn -0.7071 0.4545 0.5417
vn -0.7071 0.3536 0.6124
vn -0.7071 0.2418 0.6645
vn -0.7071 0.1228 0.6964
vn -0.7071 -0.0000 0.7071
vn -0.7071 -0.0000 0.7071
vn -0.7071 -0.0000 0.7071
vn -0.7071 0.1228 0.6964
vn -0.7071 0.2418 0.6645
vn -0.7071 0.3536 0.6124
vn -0.7071 0.4545 0.5417
vn -0.7071 0.5417 0.4545
vn -0.7071 0.6124 0.3536
vn -0.7071 0.6645 0.2418
vn -0.7071 0.6964 0.1228
vn -0.7071 0.7071 0.0000
vn -0.7071 0.6964 -0.1228
vn -0.7071 0.6645 -0.2418
vn -0.7071 0.6124 -0.3536
vn -0.7071 0.5417 -0.4545
vn -0.7071 0.4545 -0.5417
vn -0.7071 0.3536 -0.6124
vn -0.7071 0.2418 -0.6645
vn -0.7071 0.1228 -0.6964
vn -0.7071 0.0000 -0.7071
vn -0.7071 -0.1228 -0.6964
vn -0.7071 -0.2418 -0.6645
vn -0.7071 -0.3536 -0.6124
vn -0.7071 -0.4545 -0.5417
vn -0.7071 -0.5417 -0.4545
vn -0.7071 -0.6124 -0.3536
vn -0.7071 -0.6645 -0.2418
vn -0.7071 -0.6964 -0.1228
vn -0.7071 -0.7071 -0.0000
vn -0.7071 -0.6964 0.1228
vn -0.7071 -0.6645 0.2418
vn -0.7071 -0.6124 0.3536
vn -0.7071 -0.5417 0.4545
vn -0.7071 -0.4545 0.5417
vn -0.7071 -0.3536 0.6124
vn -0.7071 -0.2418 0.6645
vn -0.7071 -0.1228 0.6964
vn -0.8572 -0.0000 0.5150
vn -0.8572 -0.0894 0.5072
vn -0.8572 -0.1762 0.4840
vn -0.8572 -0.2575 0.4460
vn -0.8572 -0.3311 0.3945
vn -0.8572 -0.3945 0.3311
vn -0.8572 -0.4460 0.2575
vn -0.8572 -0.4840 0.1762
vn -0.8572 -0.5072 0.0894
vn -0.8572 -0.5150 -0.0000
vn -0.8572 -0.5072 -0.0894
vn -0.8572 -0.4840 -0.1762
vn -0.8572 -0.4460 -0.2575
vn -0.8572 -0.3945 -0.3311
vn -0.8572 -0.3311 -0.3945
vn -0.8572 -0.2575 -0.4460
vn -0.8572 -0.1762 -0.4840
vn -0.8572 -0.0894 -0.5072
vn -0.8572 0.0000 -0.5150
vn -0.8572 0.0000 -0.5150
vn -0.8572 0.0000 -0.5150
vn -0.8572 0.0000 -0.5150
vn -0.8572 0.0000 -0.5150
vn -0.8572 0.0000 -0.5150
vn -0.8572 0.0000 -0.5150
vn -0.8572 0.0000 -0.5150
vn -0.8572 0.0894 -0.5072
vn -0.8572 0.1762 -0.4840
vn -0.8572 0.2575 -0.4460
vn -0.8572 0.3311 -0.3945
vn -0.8572 0.3945 -0.3311
vn -0.8572 0.4460 -0.2575
vn -0.8572 0.4840 -0.1762
vn -0.8572 0.5072 -0.0894
vn -0.8572 0.5150 -0.0000
vn -0.8572 0.5072 0.0894
vn -0.8572 0.4840 0.1762
vn -0.8572 0.4460 0.2575
vn -0.8572 0.3945 0.3311
vn -0.8572 0.3311 0.3945
vn -0.8572 0.2575 0.4460
vn -0.8572 0.1762 0.4840
vn -0.8572 0.0894 0.5072
vn -0.8572 -0.1762 -0.4840
vn -0.8572 -0.3311 -0.3945
vn -0.8572 -0.4460 -0.2575
vn -0.8572 -0.1762 -0.4840
vn -0.8572 -0.5072 -0.0894
vn -0.8572 -0.3311 -0.3945
vn -0.8572 -0.5072 0.0894
vn -0.8572 -0.4460 -0.2575
vn -0.8572 -0.4460 0.2575
vn -0.8572 -0.5072 -0.0894
vn -0.8572 -0.3311 0.3945
vn -0.8572 -0.5072 0.0894
vn -0.8572 -0.1762 0.4840
vn -0.8572 -0.4460 0.2575
vn -0.8572 -0.0000 0.5150
vn -0.8572 -0.3311 0.3945
vn -0.8572 0.1762 0.4840
vn -0.8572 -0.1762 0.4840
vn -0.8572 0.3311 0.3945
vn -0.8572 -0.0000 0.5150
vn -0.8572 0.4460 0.2575
vn -0.8572 0.1762 0.4840
vn -0.8572 0.5072 0.0894
vn -0.8572 0.3311 0.3945
vn -0.8572 0.5072 -0.0894
vn -0.8572 0.4460 0.2575
vn -0.8572 0.4460 -0.2575
vn -0.8572 0.5072 0.0894
vn -0.8572 0.3311 -0.3945
vn -0.8572 0.5072 -0.0894
vn -0.8572 0.1762 -0.4840
vn -0.8572 0.4460 -0.2575
vn -0.8572 0.3311 -0.3945
vn -0.8572 0.1762 -0.4840
vn 0.0000 0.0000 1.0000
vn 0.0000 -0.1736 0.9848
vn 0.0000 -0.3420 0.9397
vn 0.0000 -0.5000 0.8660
vn 0.0000 -0.6428 0.7660
vn 0.0000 -0.7660 0.6428
vn 0.0000 -0.8660 0.5000
vn 0.0000 -0.9397 0.3420
vn 0.0000 -0.9848 0.1736
vn 0.0000 -1.0000 0.0000
vn 0.0000 -0.9848 -0.1736
vn 0.0000 -0.9397 -0.3420
vn 0.0000 -0.8660 -0.5000
vn 0.0000 -0.7660 -0.6428
vn 0.0000 -0.6428 -0.7660
vn 0.0000 -0.5000 -0.8660
vn 0.0000 -0.3420 -0.9397
vn 0.0000 -0.1736 -0.9848
vn 0.0000 -0.0000 -1.0000
vn 0.0000 0.1736 -0.9848
vn 0.0000 0.3420 -0.9397
vn 0.0000 0.5000 -0.8660
vn 0.0000 0.6428 -0.7660
vn 0.0000 0.7660 -0.6428
vn 0.0000 0.8660 -0.5000
vn 0.0000 0.9397 -0.3420
vn 0.0000 0.9848 -0.1736
vn 0.0000 1.0000 -0.0000
vn 0.0000 0.9848 0.1736
vn 0.0000 0.9397 0.3420
vn 0.0000 0.8660 0.5000
vn 0.0000 0.7660 0.6428
vn 0.0000 0.6428 0.7660
vn 0.0000 0.5000 0.8660
vn 0.0000 0.3420 0.9397
vn 0.0000 0.1736 0.9848
vn 0.0000 0.0000 1.0000
vn 0.0000 0.0000 1.0000
vn 0.0000 0.0000 1.0000
vn 0.0000 -0.0000 -1.0000
vn 0.0000 0.1736 -0.9848
vn 0.0000 0.3420 -0.9397
vn 0.0000 0.5000 -0.8660
vn 0.0000 0.6428 -0.7660
vn 0.0000 0.7660 -0.6428
vn 0.0000 0.8660 -0.5000
vn 0.0000 0.9397 -0.3420
vn 0.0000 0.9848 -0.1736
vn 0.0000 1.0000 -0.0000
vn 0.0000 0.9848 0.1736
vn 0.0000 0.9397 0.3420
vn 0.0000 0.8660 0.5000
vn 0.0000 0.7660 0.6428
vn 0.0000 0.6428 0.7660
vn 0.0000 0.5000 0.8660
vn 0.0000 0.3420 0.9397
vn 0.0000 0.1736 0.9848
vn 0.0000 -0.1736 0.9848
vn 0.0000 -0.3420 0.9397
vn 0.0000 -0.5000 0.8660
vn 0.0000 -0.6428 0.7660
vn 0.0000 -0.7660 0.6428
vn 0.0000 -0.8660 0.5000
vn 0.0000 -0.9397 0.3420
vn 0.0000 -0.9848 0.1736
vn 0.0000 -1.0000 0.0000
vn 0.0000 -0.9848 -0.1736
vn 0.0000 -0.9397 -0.3420
vn 0.0000 -0.8660 -0.5000
vn 0.0000 -0.7660 -0.6428
vn 0.0000 -0.6428 -0.7660
vn 0.0000 -0.5000 -0.8660
vn 0.0000 -0.3420 -0.9397
vn 0.0000 -0.1736 -0.9848
vn -0.7071 -0.0000 0.7071
vn -0.7071 -0.1228 0.6964
vn -0.7071 -0.2418 0.6645
vn -0.7071 -0.3536 0.6124
vn -0.7071 -0.4545 0.5417
vn -0.7071 -0.5417 0.4545
vn -0.7071 -0.6124 0.3536
vn -0.7071 -0.6645 0.2418
vn -0.7071 -0.6964 0.1228
vn -0.7071 -0.7071 -0.0000
vn -0.7071 -0.6964 -0.1228
vn -0.7071 -0.6645 -0.2418
vn -0.7071 -0.6124 -0.3536
vn -0.7071 -0.5417 -0.4545
vn -0.7071 -0.4545 -0.5417
vn -0.7071 -0.3536 -0.6124
vn -0.7071 -0.2418 -0.6645
vn -0.7071 -0.1228 -0.6964
vn -0.7071 -0.0000 -0.7071
vn -0.7071 0.1228 -0.6964
vn -0.7071 0.2418 -0.6645
vn -0.7071 0.3536 -0.6124
vn -0.7071 0.4545 -0.5417
vn -0.7071 0.5417 -0.4545
vn -0.7071 0.6124 -0.3536
vn -0.7071 0.6645 -0.2418
vn -0.7071 0.6964 -0.1228
vn -0.7071 0.7071 -0.0000
vn -0.7071 0.6964 0.1228
vn -0.7071 0.6645 0.2418
vn -0.7071 0.6124 0.3536
vn -0.7071 0.5417 0.4545
vn -0.7071 0.4545 0.5417
vn -0.7071 0.3536 0.6124
vn -0.7071 0.2418 0.6645
vn -0.7071 0.1228 0.6964
vn -0.7071 -0.0000 0.7071
vn -0.7071 -0.0000 0.7071
vn -0.7071 -0.0000 0.7071
vn -0.7071 0.1228 0.6964
vn -0.7071 0.2418 0.6645
vn -0.7071 0.3536 0.6124
vn -0.7071 0.4545 0.5417
vn -0.7071 0.5417 0.4545
vn -0.7071 0.6124 0.3536
vn -0.7071 0.6645 0.2418
vn -0.7071 0.6964 0.1228
vn -0.7071 0.7071 0.0000
vn -0.7071 0.6964 -0.1228
vn -0.7071 0.6645 -0.2418
vn -0.7071 0.6124 -0.3536
vn -0.7071 0.5417 -0.4545
vn -0.7071 0.4545 -0.5417
vn -0.7071 0.3536 -0.6124
vn -0.7071 0.2418 -0.6645
vn -0.7071 0.1228 -0.6964
vn -0.7071 0.0000 -0.7071
vn -0.7071 -0.1228 -0.6964
vn -0.7071 -0.2418 -0.6645
vn -0.7071 -0.3536 -0.6124
vn -0.7071 -0.4545 -0.5417
vn -0.7071 -0.5417 -0.4545
vn -0.7071 -0.6124 -0.3536
vn -0.7071 -0.6645 -0.2418
vn -0.7071 -0.6964 -0.1228
vn -0.7071 -0.7071 -0.0000
vn -0.7071 -0.6964 0.1228
vn -0.7071 -0.6645 0.2418
vn -0.7071 -0.6124 0.3536
vn -0.7071 -0.5417 0.4545
vn -0.7071 -0.4545 0.5417
vn -0.7071 -0.3536 0.6124
vn -0.7071 -0.2418 0.6645
vn -0.7071 -0.1228 0.6964
f 127//127 113//113 114//114
f 127//127 114//114 115//115
f 127//127 115//115 116//116
f 127//127 116//116 117//117
f 162//162 112//112 111//111
f 162//162 111//111 161//161
f 160//160 161//161 111//111
f 163//163 112//112 162//162
f 159//159 160//160 111//111
f 164//164 112//112 163//163
f 165//165 112//112 164//164
f 166//166 112//112 165//165
f 167//167 112//112 166//166
f 168//168 112//112 167//167
f 169//169 112//112 168//168
f 170//170 112//112 169//169
f 171//171 112//112 170//170
f 172//172 112//112 171//171
f 173//173 112//112 172//172
f 174//174 112//112 173//173
f 175//175 112//112 174//174
f 97//97 175//175 176//176
f 97//97 176//176 177//177
f 97//97 177//177 178//178
f 97//97 112//112 175//175
f 96//96 97//97 178//178
f 96//96 178//178 179//179
f 84//84 95//95 96//96
f 83//83 84//84 96//96
f 83//83 96//96 179//179
f 85//85 95//95 84//84
f 82//82 83//83 179//179
f 86//86 95//95 85//85
f 87//87 95//95 86//86
f 88//88 95//95 87//87
f 89//89 95//95 88//88
f 90//90 95//95 89//89
f 91//91 95//95 90//90
f 92//92 95//95 91//91
f 93//93 95//95 92//92
f 94//94 95//95 93//93
f 66//66 67//67 68//68
f 66//66 68//68 69//69
f 66//66 69//69 70//70
f 66//66 70//70 71//71
f 66//66 71//71 72//72
f 66//66 72//72 73//73
f 66//66 73//73 74//74
f 65//65 66//66 74//74
f 39//39 37//37 38//38
f 42//42 43//43 40//40
f 41//41 42//42 40//40
f 1//1 2//2 156//156
f 204//204 123//123 122//122
f 204//204 124//124 123//123
f 205//205 204//204 122//122
f 205//205 122//122 121//121
f 206//206 207//207 204//204
f 206//206 204//204 205//205
f 208//208 121//121 120//120
f 208//208 205//205 121//121
f 209//209 207//207 206//206
f 210//210 205//205 208//208
f 210//210 206//206 205//205
f 211//211 120//120 119//119
f 211//211 208//208 120//120
f 212//212 206//206 210//210
f 212//212 209//209 206//206
f 213//213 119//119 118//118
f 213//213 211//211 119//119
f 214//214 208//208 211//211
f 214//214 210//210 208//208
f 215//215 128//128 214//214
f 215//215 211//211 213//213
f 215//215 214//214 211//211
f 215//215 118//118 128//128
f 215//215 213//213 118//118
f 216//216 136//136 212//212
f 216//216 133//133 134//134
f 216//216 134//134 135//135
f 216//216 135//135 136//136
f 216//216 212//212 210//210
f 217//217 209//209 212//212
f 217//217 140//140 141//141
f 217//217 141//141 142//142
f 217//217 142//142 143//143
f 218//218 133//133 216//216
f 218//218 214//214 128//128
f 218//218 216//216 210//210
f 218//218 131//131 132//132
f 218//218 132//132 133//133
f 218//218 210//210 214//214
f 219//219 212//212 136//136
f 219//219 136//136 137//137
f 219//219 137//137 138//138
f 219//219 138//138 139//139
f 219//219 139//139 140//140
f 219//219 217//217 212//212
f 219//219 140//140 217//217
f 220//220 218//218 128//128
f 220//220 130//130 131//131
f 220//220 131//131 218//218
f 221//221 128//128 129//129
f 221//221 129//129 130//130
f 221//221 130//130 220//220
f 221//221 220//220 128//128
f 222//222 156//156 2//2
f 223//223 222//222 2//2
f 224//224 2//2 3//3
f 225//225 3//3 4//4
f 225//225 224//224 3//3
f 226//226 4//4 5//5
f 226//226 225//225 4//4
f 227//227 224//224 225//225
f 227//227 228//228 224//224
f 229//229 63//63 64//64
f 229//229 64//64 230//230
f 231//231 5//5 6//6
f 231//231 6//6 7//7
f 231//231 226//226 5//5
f 231//231 225//225 226//226
f 231//231 227//227 225//225
f 232//232 63//63 229//229
f 233//233 228//228 227//227
f 233//233 230//230 228//228
f 234//234 63//63 232//232
f 234//234 62//62 63//63
f 234//234 232//232 62//62
f 235//235 7//7 8//8
f 235//235 21//21 22//22
f 235//235 22//22 23//23
f 235//235 23//23 24//24
f 235//235 24//24 25//25
f 235//235 231//231 7//7
f 236//236 231//231 235//235
f 236//236 233//233 227//227
f 236//236 227//227 231//231
f 237//237 60//60 61//61
f 238//238 8//8 9//9
f 238//238 16//16 17//17
f 238//238 17//17 18//18
f 238//238 18//18 19//19
f 238//238 19//19 20//20
f 238//238 20//20 21//21
f 238//238 235//235 8//8
f 238//238 21//21 235//235
f 239//239 9//9 10//10
f 239//239 10//10 11//11
f 239//239 11//11 12//12
f 239//239 12//12 13//13
f 239//239 13//13 14//14
f 239//239 14//14 15//15
f 239//239 15//15 16//16
f 239//239 16//16 238//238
f 239//239 238//238 9//9
f 240//240 25//25 26//26
f 240//240 26//26 27//27
f 240//240 27//27 28//28
f 240//240 28//28 29//29
f 240//240 236//236 235//235
f 240//240 235//235 25//25
f 241//241 29//29 30//30
f 241//241 30//30 31//31
f 241//241 31//31 32//32
f 241//241 32//32 33//33
f 241//241 240//240 29//29
f 242//242 236//236 240//240
f 242//242 243//243 236//236
f 242//242 240//240 241//241
f 244//244 33//33 34//34
f 244//244 34//34 35//35
f 244//244 35//35 36//36
f 244//244 36//36 37//37
f 244//244 241//241 33//33
f 244//244 37//37 39//39
f 245//245 241//241 244//244
f 245//245 48//48 49//49
f 245//245 242//242 241//241
f 246//246 48//48 245//245
f 246//246 39//39 40//40
f 246//246 43//43 44//44
f 246//246 44//44 45//45
f 246//246 45//45 46//46
f 246//246 46//46 47//47
f 246//246 47//47 48//48
f 246//246 244//244 39//39
f 246//246 245//245 244//244
f 246//246 40//40 43//43
f 247//247 245//245 49//49
f 247//247 49//49 50//50
f 247//247 50//50 51//51
f 247//247 51//51 52//52
f 247//247 52//52 53//53
f 248//248 249//249 250//250
f 248//248 53//53 54//54
f 248//248 54//54 55//55
f 248//248 55//55 56//56
f 248//248 56//56 57//57
f 248//248 247//247 53//53
f 248//248 250//250 247//247
f 248//248 57//57 249//249
f 251//251 98//98 113//113
f 251//251 113//113 127//127
f 251//251 127//127 126//126
f 251//251 99//99 98//98
f 252//252 125//125 124//124
f 252//252 126//126 125//125
f 252//252 124//124 204//204
f 252//252 209//209 251//251
f 252//252 207//207 209//209
f 252//252 204//204 207//207
f 252//252 251//251 126//126
f 253//253 251//251 209//209
f 253//253 99//99 251//251
f 254//254 99//99 253//253
f 254//254 100//100 99//99
f 255//255 100//100 254//254
f 255//255 101//101 100//100
f 256//256 254//254 253//253
f 257//257 253//253 209//209
f 257//257 256//256 253//253
f 257//257 209//209 217//217
f 258//258 101//101 255//255
f 258//258 102//102 101//101
f 259//259 257//257 217//217
f 259//259 255//255 254//254
f 259//259 254//254 256//256
f 259//259 256//256 257//257
f 260//260 255//255 259//259
f 260//260 258//258 255//255
f 261//261 258//258 260//260
f 262//262 103//103 102//102
f 262//262 104//104 103//103
f 262//262 102//102 258//258
f 263//263 104//104 262//262
f 264//264 105//105 104//104
f 264//264 104//104 263//263
f 265//265 262//262 258//258
f 265//265 258//258 261//261
f 266//266 106//106 105//105
f 266//266 107//107 106//106
f 266//266 108//108 107//107
f 266//266 105//105 264//264
f 267//267 265//265 268//268
f 267//267 263//263 262//262
f 267//267 262//262 265//265
f 269//269 259//259 217//217
f 269//269 217//217 143//143
f 269//269 265//265 261//261
f 269//269 143//143 144//144
f 269//269 144//144 145//145
f 269//269 260//260 259//259
f 269//269 261//261 260//260
f 270//270 267//267 268//268
f 270//270 263//263 267//267
f 271//271 264//264 263//263
f 271//271 263//263 270//270
f 272//272 264//264 271//271
f 273//273 264//264 272//272
f 273//273 266//266 264//264
f 274//274 266//266 273//273
f 275//275 268//268 265//265
f 275//275 270//270 268//268
f 275//275 265//265 269//269
f 275//275 145//145 146//146
f 275//275 146//146 147//147
f 275//275 269//269 145//145
f 276//276 266//266 274//274
f 277//277 271//271 270//270
f 277//277 272//272 271//271
f 277//277 270//270 275//275
f 277//277 275//275 147//147
f 277//277 147//147 148//148
f 278//278 266//266 276//276
f 279//279 266//266 278//278
f 280//280 277//277 148//148
f 280//280 272//272 277//277
f 280//280 148//148 149//149
f 280//280 274//274 273//273
f 280//280 273//273 272//272
f 281//281 266//266 279//279
f 281//281 108//108 266//266
f 282//282 109//109 108//108
f 282//282 108//108 281//281
f 283//283 276//276 274//274
f 283//283 274//274 280//280
f 283//283 280//280 149//149
f 283//283 278//278 276//276
f 284//284 109//109 282//282
f 285//285 283//283 149//149
f 285//285 281//281 279//279
f 285//285 149//149 150//150
f 285//285 278//278 283//283
f 285//285 279//279 278//278
f 286//286 109//109 284//284
f 287//287 284//284 282//282
f 287//287 285//285 150//150
f 287//287 282//282 281//281
f 287//287 150//150 151//151
f 287//287 281//281 285//285
f 288//288 110//110 109//109
f 288//288 111//111 110//110
f 288//288 109//109 286//286
f 288//288 286//286 289//289
f 290//290 286//286 284//284
f 290//290 151//151 152//152
f 290//290 287//287 151//151
f 290//290 289//289 286//286
f 290//290 284//284 287//287
f 291//291 288//288 289//289
f 292//292 152//152 153//153
f 292//292 290//290 152//152
f 292//292 289//289 290//290
f 292//292 291//291 289//289
f 292//292 153//153 1//1
f 293//293 291//291 292//292
f 293//293 288//288 291//291
f 294//294 159//159 111//111
f 294//294 1//1 155//155
f 294//294 158//158 159//159
f 294//294 111//111 288//288
f 294//294 292//292 1//1
f 294//294 288//288 293//293
f 294//294 293//293 292//292
f 295//295 203//203 157//157
f 295//295 158//158 294//294
f 295//295 157//157 158//158
f 296//296 294//294 155//155
f 296//296 295//295 294//294
f 297//297 202//202 203//203
f 297//297 295//295 296//296
f 297//297 203//203 295//295
f 297//297 201//201 202//202
f 298//298 297//297 299//299
f 300//300 222//222 223//223
f 300//300 299//299 297//297
f 300//300 156//156 222//222
f 300//300 155//155 156//156
f 300//300 296//296 155//155
f 300//300 297//297 296//296
f 300//300 298//298 299//299
f 301//301 298//298 300//300
f 301//301 297//297 298//298
f 301//301 201//201 297//297
f 301//301 200//200 201//201
f 302//302 200//200 301//301
f 302//302 197//197 198//198
f 302//302 301//301 303//303
f 302//302 198//198 199//199
f 302//302 199//199 200//200
f 304//304 302//302 303//303
f 305//305 302//302 304//304
f 306//306 305//305 304//304
f 306//306 300//300 223//223
f 306//306 304//304 303//303
f 306//306 301//301 300//300
f 306//306 303//303 301//301
f 307//307 302//302 305//305
f 307//307 305//305 306//306
f 308//308 302//302 307//307
f 308//308 307//307 306//306
f 309//309 308//308 306//306
f 309//309 302//302 308//308
f 310//310 302//302 309//309
f 310//310 309//309 306//306
f 311//311 302//302 310//310
f 311//311 310//310 306//306
f 311//311 197//197 302//302
f 311//311 193//193 194//194
f 311//311 194//194 195//195
f 311//311 195//195 196//196
f 311//311 196//196 197//197
f 311//311 2//2 224//224
f 311//311 223//223 2//2
f 311//311 306//306 223//223
f 312//312 193//193 311//311
f 312//312 311//311 224//224
f 312//312 189//189 190//190
f 312//312 190//190 191//191
f 312//312 191//191 192//192
f 312//312 192//192 193//193
f 313//313 312//312 224//224
f 314//314 313//313 224//224
f 315//315 182//182 183//183
f 315//315 183//183 184//184
f 315//315 184//184 185//185
f 315//315 185//185 186//186
f 315//315 186//186 187//187
f 316//316 189//189 312//312
f 316//316 315//315 187//187
f 316//316 187//187 188//188
f 316//316 188//188 189//189
f 317//317 315//315 316//316
f 318//318 313//313 314//314
f 318//318 312//312 313//313
f 318//318 319//319 320//320
f 318//318 314//314 319//319
f 318//318 316//316 312//312
f 318//318 320//320 321//321
f 318//318 321//321 322//322
f 323//323 315//315 317//317
f 323//323 317//317 316//316
f 324//324 323//323 316//316
f 324//324 316//316 318//318
f 325//325 326//326 323//323
f 325//325 323//323 324//324
f 327//327 320//320 319//319
f 327//327 319//319 314//314
f 327//327 321//321 320//320
f 327//327 322//322 321//321
f 327//327 318//318 322//322
f 327//327 324//324 318//318
f 327//327 228//228 326//326
f 327//327 325//325 324//324
f 327//327 326//326 325//325
f 327//327 314//314 224//224
f 327//327 224//224 228//228
f 328//328 82//82 179//179
f 328//328 182//182 315//315
f 328//328 315//315 323//323
f 328//328 65//65 74//74
f 328//328 64//64 65//65
f 328//328 74//74 75//75
f 328//328 326//326 228//228
f 328//328 75//75 76//76
f 328//328 323//323 326//326
f 328//328 76//76 77//77
f 328//328 77//77 78//78
f 328//328 179//179 180//180
f 328//328 78//78 79//79
f 328//328 180//180 181//181
f 328//328 230//230 64//64
f 328//328 79//79 80//80
f 328//328 181//181 182//182
f 328//328 80//80 81//81
f 328//328 81//81 82//82
f 328//328 228//228 230//230
f 329//329 232//232 229//229
f 329//329 233//233 330//330
f 329//329 230//230 233//233
f 329//329 229//229 230//230
f 331//331 329//329 330//330
f 332//332 237//237 61//61
f 332//332 333//333 237//237
f 334//334 331//331 330//330
f 334//334 333//333 331//331
f 335//335 60//60 237//237
f 335//335 237//237 333//333
f 336//336 334//334 330//330
f 336//336 236//236 243//243
f 336//336 233//233 236//236
f 336//336 330//330 233//233
f 337//337 336//336 243//243
f 338//338 337//337 339//339
f 338//338 340//340 59//59
f 338//338 339//339 340//340
f 341//341 339//339 337//337
f 341//341 337//337 243//243
f 342//342 59//59 340//340
f 342//342 58//58 59//59
f 342//342 340//340 339//339
f 342//342 339//339 341//341
f 343//343 341//341 243//243
f 343//343 243//243 242//242
f 344//344 245//245 247//247
f 344//344 343//343 242//242
f 344//344 242//242 245//245
f 344//344 247//247 250//250
f 345//345 344//344 250//250
f 345//345 250//250 249//249
f 345//345 249//249 57//57
f 346//346 232//232 329//329
f 346//346 62//62 232//232
f 347//347 346//346 329//329
f 347//347 62//62 346//346
f 347//347 61//61 62//62
f 347//347 329//329 331//331
f 348//348 61//61 347//347
f 348//348 347//347 331//331
f 348//348 331//331 333//333
f 348//348 332//332 61//61
f 348//348 333//333 332//332
f 349//349 333//333 334//334
f 349//349 335//335 333//333
f 350//350 349//349 334//334
f 350//350 334//334 336//336
f 351//351 336//336 337//337
f 352//352 342//342 341//341
f 353//353 341//341 343//343
f 353//353 352//352 341//341
f 354//354 343//343 344//344
f 354//354 344//344 345//345
f 355//355 335//335 349//349
f 355//355 60//60 335//335
f 356//356 349//349 350//350
f 356//356 355//355 349//349
f 356//356 60//60 355//355
f 357//357 350//350 336//336
f 357//357 336//336 351//351
f 357//357 356//356 350//350
f 357//357 60//60 356//356
f 357//357 59//59 60//60
f 358//358 337//337 338//338
f 358//358 338//338 59//59
f 358//358 357//357 351//351
f 358//358 351//351 337//337
f 358//358 59//59 357//357
f 359//359 58//58 342//342
f 359//359 342//342 352//352
f 360//360 58//58 359//359
f 360//360 352//352 353//353
f 360//360 359//359 352//352
f 361//361 353//353 343//343
f 361//361 58//58 360//360
f 361//361 57//57 58//58
f 361//361 360//360 353//353
f 361//361 343//343 354//354
f 362//362 354//354 345//345
f 362//362 361//361 354//354
f 362//362 57//57 361//361
f 362//362 345//345 57//57
f 436//436 425//425 426//426
f 436//436 426//426 427//427
f 424//424 425//425 436//436
f 420//420 421//421 422//422
f 419//419 420//420 422//422
f 418//418 419//419 422//422
f 412//412 416//416 411//411
f 413//413 416//416 412//412
f 414//414 416//416 413//413
f 415//415 416//416 414//414
f 481//481 434//434 433//433
f 481//481 435//435 434//434
f 482//482 481//481 433//433
f 482//482 435//435 481//481
f 483//483 424//424 436//436
f 483//483 482//482 433//433
f 483//483 436//436 435//435
f 483//483 435//435 482//482
f 484//484 423//423 424//424
f 484//484 424//424 483//483
f 485//485 432//432 431//431
f 486//486 432//432 485//485
f 486//486 485//485 431//431
f 486//486 433//433 432//432
f 487//487 423//423 484//484
f 487//487 422//422 423//423
f 488//488 483//483 433//433
f 488//488 433//433 486//486
f 488//488 484//484 483//483
f 489//489 422//422 487//487
f 490//490 430//430 429//429
f 491//491 487//487 484//484
f 491//491 484//484 488//488
f 492//492 430//430 490//490
f 492//492 429//429 428//428
f 492//492 490//490 429//429
f 493//493 430//430 492//492
f 493//493 492//492 428//428
f 494//494 422//422 489//489
f 494//494 403//403 404//404
f 494//494 404//404 405//405
f 494//494 405//405 406//406
f 494//494 418//418 422//422
f 495//495 487//487 491//491
f 496//496 428//428 363//363
f 497//497 428//428 496//496
f 498//498 363//363 364//364
f 498//498 364//364 365//365
f 498//498 365//365 366//366
f 498//498 366//366 367//367
f 498//498 367//367 368//368
f 498//498 496//496 363//363
f 499//499 471//471 472//472
f 499//499 472//472 473//473
f 499//499 473//473 474//474
f 499//499 487//487 495//495
f 499//499 494//494 489//489
f 499//499 489//489 487//487
f 500//500 494//494 406//406
f 500//500 406//406 407//407
f 500//500 407//407 408//408
f 500//500 408//408 409//409
f 500//500 409//409 410//410
f 500//500 410//410 411//411
f 500//500 417//417 418//418
f 500//500 418//418 494//494
f 500//500 411//411 416//416
f 501//501 493//493 428//428
f 501//501 428//428 497//497
f 502//502 496//496 498//498
f 502//502 498//498 368//368
f 502//502 497//497 496//496
f 503//503 417//417 500//500
f 503//503 416//416 417//417
f 503//503 500//500 416//416
f 504//504 368//368 369//369
f 504//504 497//497 502//502
f 504//504 502//502 368//368
f 504//504 501//501 497//497
f 505//505 474//474 475//475
f 505//505 475//475 476//476
f 505//505 403//403 494//494
f 505//505 400//400 401//401
f 505//505 401//401 402//402
f 505//505 402//402 403//403
f 505//505 494//494 499//499
f 505//505 499//499 474//474
f 506//506 501//501 504//504
f 507//507 464//464 465//465
f 507//507 465//465 466//466
f 507//507 466//466 467//467
f 507//507 467//467 468//468
f 507//507 468//468 469//469
f 508//508 369//369 370//370
f 508//508 504//504 369//369
f 508//508 370//370 506//506
f 508//508 506//506 504//504
f 509//509 370//370 371//371
f 509//509 375//375 376//376
f 509//509 506//506 370//370
f 510//510 505//505 387//387
f 510//510 387//387 388//388
f 510//510 393//393 394//394
f 510//510 394//394 395//395
f 510//510 395//395 396//396
f 510//510 396//396 397//397
f 510//510 397//397 398//398
f 510//510 398//398 399//399
f 510//510 399//399 400//400
f 510//510 400//400 505//505
f 511//511 371//371 372//372
f 511//511 372//372 373//373
f 511//511 373//373 374//374
f 511//511 374//374 375//375
f 511//511 509//509 371//371
f 511//511 375//375 509//509
f 512//512 388//388 389//389
f 512//512 389//389 390//390
f 512//512 390//390 391//391
f 512//512 391//391 392//392
f 512//512 392//392 393//393
f 512//512 393//393 510//510
f 512//512 510//510 388//388
f 513//513 376//376 377//377
f 513//513 509//509 376//376
f 514//514 387//387 505//505
f 514//514 476//476 477//477
f 514//514 477//477 478//478
f 514//514 478//478 479//479
f 514//514 479//479 480//480
f 514//514 480//480 437//437
f 514//514 505//505 476//476
f 514//514 437//437 438//438
f 514//514 438//438 439//439
f 514//514 439//439 440//440
f 515//515 377//377 378//378
f 515//515 378//378 379//379
f 515//515 379//379 380//380
f 515//515 513//513 377//377
f 515//515 380//380 513//513
f 516//516 380//380 381//381
f 516//516 513//513 380//380
f 516//516 450//450 451//451
f 516//516 451//451 452//452
f 516//516 452//452 453//453
f 516//516 453//453 454//454
f 516//516 454//454 455//455
f 516//516 455//455 456//456
f 517//517 514//514 440//440
f 517//517 385//385 386//386
f 517//517 386//386 387//387
f 517//517 387//387 514//514
f 517//517 440//440 441//441
f 517//517 441//441 442//442
f 518//518 450//450 516//516
f 518//518 444//444 445//445
f 518//518 445//445 446//446
f 518//518 446//446 447//447
f 518//518 447//447 448//448
f 518//518 448//448 449//449
f 518//518 449//449 450//450
f 519//519 381//381 382//382
f 519//519 518//518 516//516
f 519//519 516//516 381//381
f 520//520 444//444 518//518
f 520//520 384//384 385//385
f 520//520 385//385 517//517
f 520//520 519//519 382//382
f 520//520 442//442 443//443
f 520//520 518//518 519//519
f 520//520 443//443 444//444
f 520//520 517//517 442//442
f 521//521 520//520 382//382
f 521//521 382//382 383//383
f 521//521 383//383 384//384
f 521//521 384//384 520//520
f 522//522 491//491 488//488
f 522//522 523//523 524//524
f 522//522 430//430 493//493
f 522//522 486//486 431//431
f 522//522 493//493 523//523
f 522//522 488//488 486//486
f 522//522 431//431 430//430
f 525//525 469//469 470//470
f 525//525 470//470 471//471
f 525//525 499//499 495//495
f 525//525 522//522 524//524
f 525//525 471//471 499//499
f 525//525 507//507 469//469
f 525//525 491//491 522//522
f 525//525 524//524 507//507
f 525//525 495//495 491//491
f 526//526 506//506 509//509
f 526//526 501//501 506//506
f 526//526 524//524 523//523
f 526//526 523//523 493//493
f 526//526 493//493 501//501
f 527//527 524//524 526//526
f 527//527 507//507 524//524
f 528//528 509//509 513//513
f 528//528 527//527 526//526
f 528//528 526//526 509//509
f 529//529 463//463 464//464
f 529//529 507//507 527//527
f 529//529 460//460 461//461
f 529//529 464//464 507//507
f 529//529 461//461 462//462
f 529//529 462//462 463//463
f 530//530 513//513 516//516
f 530//530 529//529 527//527
f 530//530 528//528 513//513
f 530//530 527//527 528//528
f 530//530 460//460 529//529
f 530//530 456//456 457//457
f 530//530 457//457 458//458
f 530//530 516//516 456//456
f 530//530 458//458 459//459
f 530//530 459//459 460//460
f 538//538 541//541 542//542
f 538//538 542//542 545//545
f 546//546 544//544 543//543
f 546//546 545//545 544//544
f 554//554 562//562 561//561
f 554//554 555//555 562//562
f 547//547 545//545 546//546
f 539//539 547//547 548//548
f 539//539 538//538 545//545
f 539//539 545//545 547//547
f 549//549 539//539 548//548
f 540//540 549//549 550//550
f 540//540 539//539 549//549
f 531//531 550//550 551//551
f 531//531 540//540 550//550
f 532//532 551//551 552//552
f 532//532 552//552 553//553
f 532//532 553//553 554//554
f 532//532 554//554 561//561
f 532//532 531//531 551//551
f 533//533 561//561 560//560
f 533//533 532//532 561//561
f 534//534 560//560 559//559
f 534//534 533//533 560//560
f 535//535 559//559 558//558
f 535//535 534//534 559//559
f 536//536 558//558 557//557
f 536//536 535//535 558//558
f 537//537 557//557 556//556
f 537//537 536//536 557//557
f 598//598 636//636 637//637
f 599//599 637//637 638//638
f 599//599 638//638 639//639
f 599//599 598//598 637//637
f 597//597 635//635 636//636
f 597//597 636//636 598//598
f 600//600 639//639 640//640
f 600//600 599//599 639//639
f 596//596 635//635 597//597
f 596//596 634//634 635//635
f 601//601 640//640 641//641
f 601//601 600//600 640//640
f 633//633 634//634 596//596
f 595//595 633//633 596//596
f 595//595 632//632 633//633
f 602//602 641//641 642//642
f 602//602 601//601 641//641
f 643//643 602//602 642//642
f 594//594 632//632 595//595
f 594//594 631//631 632//632
f 603//603 602//602 643//643
f 603//603 643//643 573//573
f 630//630 631//631 594//594
f 572//572 603//603 573//573
f 593//593 630//630 594//594
f 604//604 603//603 572//572
f 629//629 630//630 593//593
f 571//571 604//604 572//572
f 592//592 629//629 593//593
f 605//605 604//604 571//571
f 628//628 629//629 592//592
f 570//570 605//605 571//571
f 591//591 628//628 592//592
f 606//606 605//605 570//570
f 627//627 628//628 591//591
f 569//569 606//606 570//570
f 590//590 627//627 591//591
f 607//607 606//606 569//569
f 626//626 627//627 590//590
f 568//568 607//607 569//569
f 589//589 626//626 590//590
f 608//608 607//607 568//568
f 625//625 626//626 589//589
f 567//567 608//608 568//568
f 588//588 625//625 589//589
f 609//609 608//608 567//567
f 624//624 625//625 588//588
f 566//566 609//609 567//567
f 587//587 624//624 588//588
f 610//610 609//609 566//566
f 623//623 624//624 587//587
f 565//565 610//610 566//566
f 586//586 623//623 587//587
f 611//611 610//610 565//565
f 622//622 623//623 586//586
f 564//564 611//611 565//565
f 585//585 622//622 586//586
f 612//612 611//611 564//564
f 621//621 622//622 585//585
f 563//563 612//612 564//564
f 582//582 583//583 584//584
f 620//620 582//582 584//584
f 574//574 613//613 612//612
f 574//574 612//612 563//563
f 581//581 582//582 620//620
f 619//619 581//581 620//620
f 575//575 613//613 574//574
f 575//575 614//614 613//613
f 580//580 581//581 619//619
f 618//618 580//580 619//619
f 576//576 614//614 575//575
f 576//576 615//615 614//614
f 579//579 580//580 618//618
f 579//579 618//618 617//617
f 577//577 615//615 576//576
f 577//577 616//616 615//615
f 578//578 579//579 617//617
f 578//578 616//616 577//577
f 578//578 617//617 616//616
f 680//680 682//682 679//679
f 679//679 683//683 678//678
f 682//682 683//683 679//679
f 678//678 684//684 677//677
f 683//683 684//684 678//678
f 677//677 685//685 676//676
f 684//684 685//685 677//677
f 676//676 686//686 675//675
f 685//685 686//686 676//676
f 675//675 687//687 674//674
f 686//686 687//687 675//675
f 674//674 688//688 673//673
f 687//687 688//688 674//674
f 688//688 689//689 673//673
f 673//673 689//689 672//672
f 689//689 690//690 672//672
f 672//672 690//690 671//671
f 690//690 691//691 671//671
f 671//671 691//691 670//670
f 691//691 692//692 670//670
f 670//670 692//692 669//669
f 669//669 693//693 668//668
f 692//692 693//693 669//669
f 668//668 694//694 667//667
f 693//693 694//694 668//668
f 694//694 695//695 667//667
f 667//667 695//695 666//666
f 666//666 696//696 665//665
f 695//695 696//696 666//666
f 696//696 697//697 665//665
f 665//665 698//698 664//664
f 697//697 698//698 665//665
f 663//663 699//699 662//662
f 664//664 699//699 663//663
f 698//698 699//699 664//664
f 662//662 700//700 661//661
f 699//699 700//700 662//662
f 700//700 701//701 661//661
f 661//661 702//702 660//660
f 701//701 702//702 661//661
f 660//660 703//703 659//659
f 702//702 703//703 660//660
f 658//658 704//704 657//657
f 659//659 704//704 658//658
f 703//703 704//704 659//659
f 704//704 705//705 657//657
f 656//656 706//706 655//655
f 657//657 706//706 656//656
f 705//705 706//706 657//657
f 706//706 707//707 655//655
f 654//654 708//708 653//653
f 655//655 708//708 654//654
f 707//707 708//708 655//655
f 708//708 709//709 653//653
f 653//653 710//710 652//652
f 709//709 710//710 653//653
f 652//652 711//711 651//651
f 710//710 711//711 652//652
f 651//651 712//712 650//650
f 711//711 712//712 651//651
f 712//712 713//713 650//650
f 650//650 713//713 649//649
f 648//648 714//714 647//647
f 649//649 714//714 648//648
f 713//713 714//714 649//649
f 647//647 715//715 646//646
f 714//714 715//715 647//647
f 715//715 716//716 646//646
f 646//646 717//717 645//645
f 716//716 717//717 646//646
f 645//645 681//681 644//644
f 717//717 681//681 645//645
f 719//719 740//740 739//739
f 719//719 741//741 740//740
f 719//719 742//742 741//741
f 719//719 743//743 742//742
f 719//719 744//744 743//743
f 719//719 745//745 744//744
f 719//719 746//746 745//745
f 719//719 747//747 746//746
f 719//719 748//748 747//747
f 719//719 749//749 748//748
f 719//719 750//750 749//749
f 719//719 751//751 750//750
f 719//719 752//752 751//751
f 719//719 753//753 752//752
f 719//719 754//754 753//753
f 719//719 755//755 754//754
f 719//719 756//756 755//755
f 720//720 756//756 719//719
f 718//718 731//731 730//730
f 718//718 732//732 731//731
f 718//718 733//733 732//732
f 718//718 734//734 733//733
f 718//718 735//735 734//734
f 718//718 736//736 735//735
f 718//718 737//737 736//736
f 718//718 738//738 737//737
f 718//718 739//739 738//738
f 718//718 719//719 739//739
f 729//729 718//718 730//730
f 722//722 721//721 718//718
f 728//728 718//718 729//729
f 723//723 722//722 718//718
f 727//727 718//718 728//728
f 724//724 723//723 718//718
f 726//726 718//718 727//727
f 725//725 724//724 718//718
f 725//725 718//718 726//726
f 944//944 945//945 946//946
f 947//947 946//946 948//948
f 949//949 947//947 948//948
f 949//949 948//948 950//950
f 949//949 950//950 951//951
f 952//952 953//953 950//950
f 952//952 878//878 953//953
f 952//952 950//950 954//954
f 955//955 952//952 954//954
f 955//955 879//879 878//878
f 955//955 878//878 952//952
f 955//955 954//954 956//956
f 957//957 879//879 955//955
f 957//957 955//955 956//956
f 957//957 956//956 958//958
f 957//957 958//958 879//879
f 959//959 874//874 960//960
f 959//959 960//960 961//961
f 962//962 875//875 874//874
f 962//962 959//959 961//961
f 962//962 874//874 959//959
f 962//962 961//961 963//963
f 962//962 963//963 964//964
f 965//965 962//962 964//964
f 965//965 964//964 966//966
f 965//965 875//875 962//962
f 967//967 966//966 968//968
f 967//967 875//875 965//965
f 967//967 968//968 875//875
f 967//967 965//965 966//966
f 969//969 945//945 944//944
f 969//969 876//876 970//970
f 969//969 970//970 945//945
f 971//971 969//969 944//944
f 971//971 946//946 947//947
f 971//971 877//877 876//876
f 971//971 876//876 969//969
f 971//971 944//944 946//946
f 972//972 947//947 949//949
f 972//972 971//971 947//947
f 972//972 877//877 971//971
f 973//973 949//949 951//951
f 973//973 951//951 877//877
f 973//973 972//972 949//949
f 973//973 877//877 972//972
f 915//915 916//916 840//840
f 914//914 915//915 840//840
f 913//913 914//914 840//840
f 912//912 913//913 840//840
f 841//841 912//912 840//840
f 841//841 900//900 901//901
f 841//841 901//901 902//902
f 841//841 902//902 903//903
f 841//841 903//903 904//904
f 841//841 904//904 905//905
f 841//841 905//905 906//906
f 841//841 906//906 907//907
f 841//841 907//907 908//908
f 841//841 908//908 909//909
f 841//841 909//909 910//910
f 841//841 910//910 911//911
f 841//841 911//911 912//912
f 864//864 883//883 882//882
f 865//865 883//883 864//864
f 866//866 883//883 865//865
f 867//867 883//883 866//866
f 868//868 883//883 867//867
f 869//869 883//883 868//868
f 870//870 883//883 869//869
f 871//871 883//883 870//870
f 872//872 883//883 871//871
f 855//855 856//856 897//897
f 844//844 843//843 846//846
f 844//844 846//846 847//847
f 844//844 847//847 848//848
f 844//844 848//848 849//849
f 844//844 849//849 850//850
f 844//844 850//850 851//851
f 844//844 851//851 852//852
f 844//844 852//852 853//853
f 844//844 853//853 854//854
f 845//845 855//855 897//897
f 845//845 897//897 898//898
f 845//845 844//844 854//854
f 845//845 854//854 855//855
f 842//842 898//898 899//899
f 842//842 899//899 900//900
f 842//842 845//845 898//898
f 842//842 900//900 841//841
f 974//974 817//817 818//818
f 975//975 816//816 817//817
f 975//975 817//817 974//974
f 976//976 974//974 818//818
f 976//976 818//818 819//819
f 977//977 816//816 975//975
f 977//977 975//975 974//974
f 978//978 977//977 974//974
f 978//978 816//816 977//977
f 978//978 974//974 976//976
f 979//979 976//976 819//819
f 979//979 819//819 820//820
f 980//980 814//814 815//815
f 981//981 814//814 980//980
f 981//981 980//980 815//815
f 981//981 815//815 816//816
f 982//982 978//978 976//976
f 982//982 976//976 979//979
f 983//983 814//814 981//981
f 983//983 981//981 816//816
f 983//983 813//813 814//814
f 984//984 982//982 979//979
f 984//984 820//820 821//821
f 984//984 979//979 820//820
f 985//985 983//983 816//816
f 985//985 813//813 983//983
f 985//985 816//816 978//978
f 985//985 811//811 812//812
f 985//985 812//812 813//813
f 985//985 978//978 982//982
f 986//986 982//982 984//984
f 987//987 984//984 821//821
f 987//987 821//821 822//822
f 987//987 822//822 823//823
f 988//988 811//811 985//985
f 988//988 810//810 811//811
f 988//988 985//985 982//982
f 989//989 986//986 984//984
f 989//989 987//987 823//823
f 989//989 984//984 987//987
f 990//990 986//986 989//989
f 990//990 988//988 982//982
f 990//990 810//810 988//988
f 990//990 982//982 986//986
f 991//991 990//990 989//989
f 992//992 808//808 809//809
f 992//992 809//809 810//810
f 992//992 810//810 990//990
f 992//992 990//990 991//991
f 993//993 806//806 807//807
f 993//993 807//807 808//808
f 993//993 992//992 991//991
f 993//993 808//808 992//992
f 994//994 778//778 779//779
f 994//994 779//779 780//780
f 994//994 780//780 781//781
f 994//994 781//781 782//782
f 995//995 776//776 777//777
f 995//995 777//777 778//778
f 995//995 782//782 783//783
f 995//995 994//994 782//782
f 995//995 778//778 994//994
f 996//996 792//792 795//795
f 996//996 795//795 796//796
f 997//997 773//773 774//774
f 997//997 776//776 995//995
f 997//997 774//774 775//775
f 997//997 775//775 776//776
f 997//997 995//995 783//783
f 997//997 783//783 784//784
f 998//998 792//792 996//996
f 999//999 770//770 771//771
f 999//999 771//771 772//772
f 999//999 772//772 773//773
f 999//999 784//784 785//785
f 999//999 997//997 784//784
f 999//999 773//773 997//997
f 1000//1000 758//758 757//757
f 1000//1000 757//757 761//761
f 1001//1001 758//758 1000//1000
f 1001//1001 761//761 762//762
f 1001//1001 762//762 763//763
f 1001//1001 763//763 764//764
f 1001//1001 1000//1000 761//761
f 1002//1002 1001//1001 764//764
f 1002//1002 764//764 765//765
f 1002//1002 765//765 766//766
f 1002//1002 766//766 767//767
f 1003//1003 760//760 759//759
f 1003//1003 895//895 896//896
f 1003//1003 896//896 760//760
f 1004//1004 1003//1003 759//759
f 1004//1004 891//891 892//892
f 1004//1004 892//892 893//893
f 1004//1004 893//893 894//894
f 1004//1004 894//894 895//895
f 1004//1004 895//895 1003//1003
f 1005//1005 759//759 758//758
f 1005//1005 1004//1004 759//759
f 1005//1005 889//889 890//890
f 1005//1005 890//890 891//891
f 1005//1005 891//891 1004//1004
f 1005//1005 758//758 1001//1001
f 1006//1006 788//788 789//789
f 1006//1006 789//789 790//790
f 1006//1006 790//790 791//791
f 1007//1007 999//999 785//785
f 1007//1007 788//788 1006//1006
f 1007//1007 785//785 786//786
f 1007//1007 786//786 787//787
f 1007//1007 787//787 788//788
f 1008//1008 767//767 768//768
f 1008//1008 768//768 769//769
f 1008//1008 769//769 770//770
f 1008//1008 770//770 999//999
f 1008//1008 1002//1002 767//767
f 1009//1009 1001//1001 1002//1002
f 1009//1009 888//888 889//889
f 1009//1009 1002//1002 1008//1008
f 1009//1009 1005//1005 1001//1001
f 1009//1009 889//889 1005//1005
f 1010//1010 888//888 1009//1009
f 1010//1010 884//884 886//886
f 1010//1010 886//886 887//887
f 1010//1010 887//887 888//888
f 1011//1011 884//884 1010//1010
f 1011//1011 874//874 873//873
f 1011//1011 885//885 884//884
f 1011//1011 873//873 885//885
f 1012//1012 1009//1009 1008//1008
f 1013//1013 1006//1006 791//791
f 1013//1013 791//791 792//792
f 1014//1014 1007//1007 1006//1006
f 1015//1015 1008//1008 999//999
f 1015//1015 999//999 1007//1007
f 1016//1016 1011//1011 1010//1010
f 1016//1016 874//874 1011//1011
f 1016//1016 1010//1010 1017//1017
f 1018//1018 1008//1008 1015//1015
f 1018//1018 1012//1012 1008//1008
f 1019//1019 1006//1006 1013//1013
f 1019//1019 1014//1014 1006//1006
f 1020//1020 1015//1015 1007//1007
f 1020//1020 1007//1007 1014//1014
f 1021//1021 1014//1014 1019//1019
f 1021//1021 1020//1020 1014//1014
f 1022//1022 878//878 877//877
f 1023//1023 881//881 880//880
f 1023//1023 1021//1021 881//881
f 958//958 1023//1023 880//880
f 1024//1024 880//880 879//879
f 1024//1024 958//958 880//880
f 1024//1024 879//879 958//958
f 1025//1025 989//989 823//823
f 1025//1025 991//991 989//989
f 1025//1025 823//823 824//824
f 1026//1026 1025//1025 824//824
f 1026//1026 824//824 825//825
f 1026//1026 825//825 826//826
f 1026//1026 826//826 827//827
f 1026//1026 827//827 828//828
f 1027//1027 993//993 991//991
f 1028//1028 1026//1026 828//828
f 1028//1028 991//991 1025//1025
f 1028//1028 1025//1025 1026//1026
f 1028//1028 1027//1027 991//991
f 1029//1029 1027//1027 1028//1028
f 1030//1030 1027//1027 1029//1029
f 1030//1030 993//993 1027//1027
f 1031//1031 1030//1030 1029//1029
f 1031//1031 1029//1029 1028//1028
f 1031//1031 828//828 829//829
f 1031//1031 1028//1028 828//828
f 1032//1032 993//993 1030//1030
f 1032//1032 805//805 806//806
f 1032//1032 1030//1030 1033//1033
f 1032//1032 806//806 993//993
f 1034//1034 1032//1032 1033//1033
f 1035//1035 1033//1033 1030//1030
f 1035//1035 829//829 830//830
f 1035//1035 1030//1030 1031//1031
f 1035//1035 1031//1031 829//829
f 1036//1036 1034//1034 1033//1033
f 1036//1036 1033//1033 1035//1035
f 1036//1036 1035//1035 830//830
f 1036//1036 830//830 831//831
f 1037//1037 1034//1034 1036//1036
f 1037//1037 1032//1032 1034//1034
f 1038//1038 804//804 805//805
f 1038//1038 1032//1032 1037//1037
f 1038//1038 805//805 1032//1032
f 1039//1039 1038//1038 1037//1037
f 1040//1040 1036//1036 831//831
f 1040//1040 831//831 832//832
f 1040//1040 832//832 833//833
f 1040//1040 1039//1039 1037//1037
f 1040//1040 1037//1037 1036//1036
f 1041//1041 1038//1038 1039//1039
f 1041//1041 1039//1039 1040//1040
f 1042//1042 803//803 804//804
f 1042//1042 804//804 1038//1038
f 1043//1043 1038//1038 1041//1041
f 1043//1043 1042//1042 1038//1038
f 1044//1044 1042//1042 1043//1043
f 1045//1045 1040//1040 833//833
f 1045//1045 833//833 834//834
f 1045//1045 1041//1041 1040//1040
f 1046//1046 802//802 803//803
f 1046//1046 803//803 1042//1042
f 1047//1047 1042//1042 1044//1044
f 1048//1048 1047//1047 1044//1044
f 1048//1048 1044//1044 1043//1043
f 1048//1048 834//834 835//835
f 1048//1048 1045//1045 834//834
f 1048//1048 1043//1043 1041//1041
f 1048//1048 1041//1041 1045//1045
f 1049//1049 1042//1042 1047//1047
f 1049//1049 1046//1046 1042//1042
f 1050//1050 801//801 802//802
f 1050//1050 802//802 1046//1046
f 1051//1051 1046//1046 1049//1049
f 1052//1052 1046//1046 1051//1051
f 1053//1053 1050//1050 1046//1046
f 1053//1053 1046//1046 1052//1052
f 1054//1054 1051//1051 1049//1049
f 1054//1054 1047//1047 1048//1048
f 1054//1054 1053//1053 1052//1052
f 1054//1054 1052//1052 1051//1051
f 1054//1054 1049//1049 1047//1047
f 1054//1054 835//835 836//836
f 1054//1054 836//836 837//837
f 1054//1054 837//837 838//838
f 1054//1054 1048//1048 835//835
f 1055//1055 800//800 801//801
f 1055//1055 801//801 1050//1050
f 1056//1056 1050//1050 1053//1053
f 1056//1056 1053//1053 1054//1054
f 1056//1056 1054//1054 838//838
f 1057//1057 799//799 800//800
f 1057//1057 800//800 1055//1055
f 1058//1058 1050//1050 1056//1056
f 1058//1058 1055//1055 1050//1050
f 1058//1058 1056//1056 838//838
f 1059//1059 1055//1055 1058//1058
f 1059//1059 1058//1058 838//838
f 1059//1059 838//838 839//839
f 1060//1060 1057//1057 1055//1055
f 1060//1060 1055//1055 1059//1059
f 1061//1061 1057//1057 1060//1060
f 1062//1062 1057//1057 1061//1061
f 1062//1062 798//798 799//799
f 1062//1062 794//794 798//798
f 1062//1062 799//799 1057//1057
f 1063//1063 1062//1062 1061//1061
f 1064//1064 840//840 916//916
f 1064//1064 916//916 917//917
f 1064//1064 1062//1062 1063//1063
f 1065//1065 1059//1059 839//839
f 1065//1065 1060//1060 1059//1059
f 1065//1065 1061//1061 1060//1060
f 1065//1065 840//840 1064//1064
f 1065//1065 1064//1064 1063//1063
f 1065//1065 839//839 840//840
f 1065//1065 1063//1063 1061//1061
f 1066//1066 797//797 793//793
f 1066//1066 796//796 797//797
f 1066//1066 996//996 796//796
f 1066//1066 998//998 996//996
f 1067//1067 1066//1066 793//793
f 1067//1067 794//794 1062//1062
f 1067//1067 793//793 794//794
f 1068//1068 1062//1062 1064//1064
f 1068//1068 1064//1064 917//917
f 1068//1068 1067//1067 1062//1062
f 1068//1068 917//917 918//918
f 1068//1068 918//918 919//919
f 1069//1069 1070//1070 1066//1066
f 1069//1069 1066//1066 1067//1067
f 1071//1071 1066//1066 1070//1070
f 1072//1072 1067//1067 1068//1068
f 1072//1072 1070//1070 1069//1069
f 1072//1072 919//919 920//920
f 1072//1072 1071//1071 1070//1070
f 1072//1072 920//920 921//921
f 1072//1072 921//921 922//922
f 1072//1072 1068//1068 919//919
f 1072//1072 1069//1069 1067//1067
f 1073//1073 922//922 923//923
f 1073//1073 923//923 924//924
f 1073//1073 924//924 925//925
f 1073//1073 1066//1066 1071//1071
f 1073//1073 1071//1071 1072//1072
f 1073//1073 1072//1072 922//922
f 1074//1074 1066//1066 1073//1073
f 1075//1075 1074//1074 1073//1073
f 1075//1075 1066//1066 1074//1074
f 1076//1076 1075//1075 1073//1073
f 1076//1076 1066//1066 1075//1075
f 1077//1077 1076//1076 1073//1073
f 1077//1077 1066//1066 1076//1076
f 1078//1078 1077//1077 1073//1073
f 1078//1078 1066//1066 1077//1077
f 1079//1079 792//792 998//998
f 1079//1079 1073//1073 925//925
f 1079//1079 1013//1013 792//792
f 1079//1079 925//925 926//926
f 1079//1079 926//926 927//927
f 1079//1079 927//927 928//928
f 1079//1079 998//998 1066//1066
f 1079//1079 1078//1078 1073//1073
f 1079//1079 1066//1066 1078//1078
f 1080//1080 1009//1009 1012//1012
f 1080//1080 1017//1017 1010//1010
f 1080//1080 1010//1010 1009//1009
f 960//960 1017//1017 1080//1080
f 960//960 874//874 1016//1016
f 960//960 1016//1016 1017//1017
f 963//963 1080//1080 1012//1012
f 963//963 1012//1012 1018//1018
f 1081//1081 963//963 1018//1018
f 1082//1082 1079//1079 928//928
f 1082//1082 928//928 929//929
f 1082//1082 929//929 930//930
f 1082//1082 930//930 931//931
f 1082//1082 931//931 932//932
f 1082//1082 1013//1013 1079//1079
f 1083//1083 1013//1013 1082//1082
f 1084//1084 1013//1013 1083//1083
f 1085//1085 1013//1013 1084//1084
f 968//968 1086//1086 876//876
f 968//968 1081//1081 1087//1087
f 968//968 876//876 875//875
f 968//968 1087//1087 1086//1086
f 945//945 1081//1081 1018//1018
f 945//945 1087//1087 1081//1081
f 1088//1088 1089//1089 1090//1090
f 1088//1088 1090//1090 1091//1091
f 1088//1088 1019//1019 1013//1013
f 1088//1088 1085//1085 1092//1092
f 1088//1088 1092//1092 1089//1089
f 1088//1088 1013//1013 1085//1085
f 1093//1093 1083//1083 1082//1082
f 1093//1093 1084//1084 1083//1083
f 1093//1093 1090//1090 1089//1089
f 1093//1093 1091//1091 1090//1090
f 1093//1093 1085//1085 1084//1084
f 1093//1093 1088//1088 1091//1091
f 1093//1093 1092//1092 1085//1085
f 1093//1093 1089//1089 1092//1092
f 970//970 876//876 1086//1086
f 970//970 1087//1087 945//945
f 970//970 1086//1086 1087//1087
f 946//946 945//945 1018//1018
f 946//946 1018//1018 1015//1015
f 946//946 1015//1015 1020//1020
f 946//946 1020//1020 1094//1094
f 1095//1095 1088//1088 1093//1093
f 1096//1096 1088//1088 1095//1095
f 1097//1097 1088//1088 1096//1096
f 1097//1097 1019//1019 1088//1088
f 1098//1098 1096//1096 1095//1095
f 1098//1098 1019//1019 1097//1097
f 1098//1098 1097//1097 1096//1096
f 948//948 946//946 1094//1094
f 1099//1099 1095//1095 1093//1093
f 1099//1099 1082//1082 932//932
f 1099//1099 1098//1098 1095//1095
f 1099//1099 1093//1093 1082//1082
f 1099//1099 932//932 933//933
f 1099//1099 933//933 934//934
f 1099//1099 934//934 935//935
f 1100//1100 1098//1098 1099//1099
f 1101//1101 1099//1099 935//935
f 1101//1101 1098//1098 1100//1100
f 1101//1101 1100//1100 1099//1099
f 1101//1101 935//935 936//936
f 1101//1101 936//936 937//937
f 1101//1101 937//937 938//938
f 1101//1101 938//938 939//939
f 1101//1101 939//939 940//940
f 951//951 950//950 1022//1022
f 951//951 1022//1022 877//877
f 954//954 948//948 1094//1094
f 954//954 950//950 948//948
f 953//953 1022//1022 950//950
f 953//953 878//878 1022//1022
f 956//956 1020//1020 1021//1021
f 956//956 1021//1021 1023//1023
f 956//956 1023//1023 958//958
f 956//956 954//954 1094//1094
f 956//956 1094//1094 1020//1020
f 1102//1102 857//857 858//858
f 1102//1102 858//858 859//859
f 1102//1102 859//859 860//860
f 1102//1102 860//860 861//861
f 1102//1102 1019//1019 1098//1098
f 1102//1102 861//861 862//862
f 1102//1102 862//862 863//863
f 1102//1102 863//863 864//864
f 1102//1102 897//897 856//856
f 1102//1102 882//882 881//881
f 1102//1102 881//881 1021//1021
f 1102//1102 1098//1098 1101//1101
f 1102//1102 864//864 882//882
f 1102//1102 1101//1101 940//940
f 1102//1102 1021//1021 1019//1019
f 1102//1102 940//940 941//941
f 1102//1102 941//941 942//942
f 1102//1102 942//942 943//943
f 1102//1102 943//943 897//897
f 1102//1102 856//856 857//857
f 961//961 960//960 1080//1080
f 961//961 1080//1080 963//963
f 964//964 963//963 1081//1081
f 966//966 964//964 1081//1081
f 966//966 1081//1081 968//968
f 1104//1104 1105//1105 1103//1103
f 1104//1104 1106//1106 1105//1105
f 1107//1107 1108//1108 1109//1109
f 1112//1112 1111//1111 1110//1110
f 1115//1115 1114//1114 1113//1113
f 1116//1116 1117//1117 1118//1118
f 1155//1155 1157//1157 1156//1156
f 1155//1155 1154//1154 1157//1157
f 1154//1154 1158//1158 1157//1157
f 1154//1154 1153//1153 1158//1158
f 1153//1153 1159//1159 1158//1158
f 1153//1153 1152//1152 1159//1159
f 1152//1152 1160//1160 1159//1159
f 1152//1152 1151//1151 1160//1160
f 1151//1151 1161//1161 1160//1160
f 1151//1151 1150//1150 1161//1161
f 1150//1150 1162//1162 1161//1161
f 1150//1150 1149//1149 1162//1162
f 1149//1149 1163//1163 1162//1162
f 1149//1149 1148//1148 1163//1163
f 1148//1148 1164//1164 1163//1163
f 1148//1148 1147//1147 1164//1164
f 1147//1147 1165//1165 1164//1164
f 1147//1147 1146//1146 1165//1165
f 1146//1146 1166//1166 1165//1165
f 1146//1146 1145//1145 1166//1166
f 1145//1145 1167//1167 1166//1166
f 1145//1145 1144//1144 1167//1167
f 1119//1119 1120//1120 1121//1121
f 1144//1144 1120//1120 1167//1167
f 1144//1144 1143//1143 1120//1120
f 1143//1143 1142//1142 1120//1120
f 1120//1120 1142//1142 1121//1121
f 1121//1121 1141//1141 1122//1122
f 1142//1142 1141//1141 1121//1121
f 1122//1122 1140//1140 1123//1123
f 1141//1141 1140//1140 1122//1122
f 1123//1123 1139//1139 1124//1124
f 1140//1140 1139//1139 1123//1123
f 1124//1124 1138//1138 1125//1125
f 1139//1139 1138//1138 1124//1124
f 1138//1138 1137//1137 1125//1125
f 1125//1125 1136//1136 1126//1126
f 1137//1137 1136//1136 1125//1125
f 1126//1126 1135//1135 1127//1127
f 1136//1136 1135//1135 1126//1126
f 1127//1127 1134//1134 1128//1128
f 1135//1135 1134//1134 1127//1127
f 1128//1128 1133//1133 1129//1129
f 1134//1134 1133//1133 1128//1128
f 1129//1129 1132//1132 1130//1130
f 1133//1133 1132//1132 1129//1129
f 1132//1132 1131//1131 1130//1130
f 1180//1180 1179//1179 1181//1181
f 1181//1181 1179//1179 1182//1182
f 1179//1179 1178//1178 1182//1182
f 1178//1178 1183//1183 1182//1182
f 1183//1183 1177//1177 1184//1184
f 1178//1178 1177//1177 1183//1183
f 1177//1177 1185//1185 1184//1184
f 1185//1185 1176//1176 1186//1186
f 1177//1177 1176//1176 1185//1185
f 1186//1186 1175//1175 1187//1187
f 1176//1176 1175//1175 1186//1186
f 1187//1187 1174//1174 1188//1188
f 1188//1188 1174//1174 1189//1189
f 1175//1175 1174//1174 1187//1187
f 1189//1189 1173//1173 1190//1190
f 1174//1174 1173//1173 1189//1189
f 1190//1190 1172//1172 1191//1191
f 1173//1173 1172//1172 1190//1190
f 1172//1172 1171//1171 1191//1191
f 1193//1193 1195//1195 1194//1194
f 1191//1191 1170//1170 1192//1192
f 1171//1171 1170//1170 1191//1191
f 1170//1170 1169//1169 1192//1192
f 1192//1192 1169//1169 1193//1193
f 1169//1169 1168//1168 1193//1193
f 1168//1168 1216//1216 1193//1193
f 1216//1216 1215//1215 1193//1193
f 1193//1193 1215//1215 1195//1195
f 1215//1215 1214//1214 1195//1195
f 1214//1214 1213//1213 1195//1195
f 1195//1195 1213//1213 1196//1196
f 1213//1213 1212//1212 1196//1196
f 1196//1196 1212//1212 1197//1197
f 1212//1212 1211//1211 1197//1197
f 1211//1211 1210//1210 1197//1197
f 1197//1197 1210//1210 1198//1198
f 1210//1210 1209//1209 1198//1198
f 1198//1198 1209//1209 1199//1199
f 1199//1199 1208//1208 1200//1200
f 1200//1200 1208//1208 1201//1201
f 1209//1209 1208//1208 1199//1199
f 1201//1201 1207//1207 1202//1202
f 1202//1202 1207//1207 1203//1203
f 1208//1208 1207//1207 1201//1201
f 1207//1207 1206//1206 1203//1203
f 1206//1206 1204//1204 1203//1203
f 1206//1206 1205//1205 1204//1204
f 1253//1253 1255//1255 1254//1254
f 1253//1253 1252//1252 1255//1255
f 1252//1252 1256//1256 1255//1255
f 1252//1252 1251//1251 1256//1256
f 1251//1251 1257//1257 1256//1256
f 1251//1251 1250//1250 1257//1257
f 1250//1250 1258//1258 1257//1257
f 1250//1250 1249//1249 1258//1258
f 1249//1249 1259//1259 1258//1258
f 1249//1249 1248//1248 1259//1259
f 1248//1248 1260//1260 1259//1259
f 1248//1248 1247//1247 1260//1260
f 1260//1260 1246//1246 1261//1261
f 1247//1247 1246//1246 1260//1260
f 1261//1261 1245//1245 1262//1262
f 1246//1246 1245//1245 1261//1261
f 1262//1262 1244//1244 1263//1263
f 1245//1245 1244//1244 1262//1262
f 1244//1244 1264//1264 1263//1263
f 1244//1244 1243//1243 1264//1264
f 1243//1243 1265//1265 1264//1264
f 1243//1243 1242//1242 1265//1265
f 1217//1217 1218//1218 1219//1219
f 1242//1242 1218//1218 1265//1265
f 1242//1242 1241//1241 1218//1218
f 1241//1241 1240//1240 1218//1218
f 1218//1218 1240//1240 1219//1219
f 1219//1219 1239//1239 1220//1220
f 1240//1240 1239//1239 1219//1219
f 1220//1220 1238//1238 1221//1221
f 1239//1239 1238//1238 1220//1220
f 1221//1221 1237//1237 1222//1222
f 1238//1238 1237//1237 1221//1221
f 1222//1222 1236//1236 1223//1223
f 1237//1237 1236//1236 1222//1222
f 1236//1236 1235//1235 1223//1223
f 1223//1223 1234//1234 1224//1224
f 1235//1235 1234//1234 1223//1223
f 1224//1224 1233//1233 1225//1225
f 1234//1234 1233//1233 1224//1224
f 1225//1225 1232//1232 1226//1226
f 1233//1233 1232//1232 1225//1225
f 1226//1226 1231//1231 1227//1227
f 1232//1232 1231//1231 1226//1226
f 1227//1227 1230//1230 1228//1228
f 1231//1231 1230//1230 1227//1227
f 1230//1230 1229//1229 1228//1228
f 1302//1302 1304//1304 1303//1303
f 1302//1302 1301//1301 1304//1304
f 1301//1301 1305//1305 1304//1304
f 1301//1301 1300//1300 1305//1305
f 1300//1300 1306//1306 1305//1305
f 1300//1300 1299//1299 1306//1306
f 1299//1299 1307//1307 1306//1306
f 1299//1299 1298//1298 1307//1307
f 1298//1298 1308//1308 1307//1307
f 1298//1298 1297//1297 1308//1308
f 1297//1297 1309//1309 1308//1308
f 1297//1297 1296//1296 1309//1309
f 1296//1296 1310//1310 1309//1309
f 1296//1296 1295//1295 1310//1310
f 1295//1295 1311//1311 1310//1310
f 1295//1295 1294//1294 1311//1311
f 1294//1294 1312//1312 1311//1311
f 1294//1294 1293//1293 1312//1312
f 1293//1293 1313//1313 1312//1312
f 1293//1293 1292//1292 1313//1313
f 1292//1292 1314//1314 1313//1313
f 1292//1292 1291//1291 1314//1314
f 1266//1266 1267//1267 1268//1268
f 1291//1291 1267//1267 1314//1314
f 1291//1291 1290//1290 1267//1267
f 1267//1267 1289//1289 1268//1268
f 1290//1290 1289//1289 1267//1267
f 1268//1268 1288//1288 1269//1269
f 1289//1289 1288//1288 1268//1268
f 1269//1269 1287//1287 1270//1270
f 1288//1288 1287//1287 1269//1269
f 1270//1270 1286//1286 1271//1271
f 1287//1287 1286//1286 1270//1270
f 1271//1271 1285//1285 1272//1272
f 1286//1286 1285//1285 1271//1271
f 1285//1285 1284//1284 1272//1272
f 1272//1272 1283//1283 1273//1273
f 1284//1284 1283//1283 1272//1272
f 1273//1273 1282//1282 1274//1274
f 1283//1283 1282//1282 1273//1273
f 1274//1274 1281//1281 1275//1275
f 1282//1282 1281//1281 1274//1274
f 1275//1275 1280//1280 1276//1276
f 1281//1281 1280//1280 1275//1275
f 1276//1276 1279//1279 1277//1277
f 1280//1280 1279//1279 1276//1276
f 1279//1279 1278//1278 1277//1277
f 1351//1351 1353//1353 1352//1352
f 1351//1351 1350//1350 1353//1353
f 1350//1350 1354//1354 1353//1353
f 1350//1350 1349//1349 1354//1354
f 1349//1349 1355//1355 1354//1354
f 1349//1349 1348//1348 1355//1355
f 1348//1348 1356//1356 1355//1355
f 1348//1348 1347//1347 1356//1356
f 1347//1347 1357//1357 1356//1356
f 1347//1347 1346//1346 1357//1357
f 1346//1346 1358//1358 1357//1357
f 1346//1346 1345//1345 1358//1358
f 1345//1345 1359//1359 1358//1358
f 1345//1345 1344//1344 1359//1359
f 1344//1344 1360//1360 1359//1359
f 1344//1344 1343//1343 1360//1360
f 1343//1343 1361//1361 1360//1360
f 1343//1343 1342//1342 1361//1361
f 1342//1342 1362//1362 1361//1361
f 1342//1342 1341//1341 1362//1362
f 1341//1341 1363//1363 1362//1362
f 1341//1341 1340//1340 1363//1363
f 1315//1315 1316//1316 1317//1317
f 1340//1340 1316//1316 1363//1363
f 1340//1340 1339//1339 1316//1316
f 1316//1316 1338//1338 1317//1317
f 1339//1339 1338//1338 1316//1316
f 1317//1317 1337//1337 1318//1318
f 1338//1338 1337//1337 1317//1317
f 1318//1318 1336//1336 1319//1319
f 1337//1337 1336//1336 1318//1318
f 1319//1319 1335//1335 1320//1320
f 1336//1336 1335//1335 1319//1319
f 1320//1320 1334//1334 1321//1321
f 1335//1335 1334//1334 1320//1320
f 1334//1334 1333//1333 1321//1321
f 1321//1321 1332//1332 1322//1322
f 1333//1333 1332//1332 1321//1321
f 1322//1322 1331//1331 1323//1323
f 1332//1332 1331//1331 1322//1322
f 1323//1323 1330//1330 1324//1324
f 1331//1331 1330//1330 1323//1323
f 1324//1324 1329//1329 1325//1325
f 1330//1330 1329//1329 1324//1324
f 1325//1325 1328//1328 1326//1326
f 1329//1329 1328//1328 1325//1325
f 1328//1328 1327//1327 1326//1326
f 1365//1365 1364//1364 1366//1366
f 1365//1365 1366//1366 1377//1377
f 1385//1385 1376//1376 1375//1375
f 1385//1385 1377//1377 1376//1376
f 1385//1385 1365//1365 1377//1377
f 1386//1386 1375//1375 1374//1374
f 1386//1386 1385//1385 1375//1375
f 1387//1387 1386//1386 1374//1374
f 1388//1388 1374//1374 1373//1373
f 1388//1388 1387//1387 1374//1374
f 1389//1389 1373//1373 1372//1372
f 1389//1389 1388//1388 1373//1373
f 1379//1379 1372//1372 1371//1371
f 1379//1379 1389//1389 1372//1372
f 1380//1380 1371//1371 1370//1370
f 1380//1380 1379//1379 1371//1371
f 1381//1381 1370//1370 1369//1369
f 1381//1381 1380//1380 1370//1370
f 1382//1382 1369//1369 1368//1368
f 1382//1382 1381//1381 1369//1369
f 1383//1383 1382//1382 1368//1368
f 1384//1384 1368//1368 1367//1367
f 1384//1384 1383//1383 1368//1368
f 1378//1378 1384//1384 1367//1367
f 1390//1390 1391//1391 1392//1392
f 1408//1408 1392//1392 1393//1393
f 1408//1408 1393//1393 1394//1394
f 1408//1408 1390//1390 1392//1392
f 1409//1409 1394//1394 1395//1395
f 1409//1409 1408//1408 1394//1394
f 1410//1410 1395//1395 1396//1396
f 1410//1410 1409//1409 1395//1395
f 1411//1411 1396//1396 1397//1397
f 1411//1411 1397//1397 1398//1398
f 1411//1411 1410//1410 1396//1396
f 1412//1412 1398//1398 1399//1399
f 1412//1412 1411//1411 1398//1398
f 1407//1407 1399//1399 1400//1400
f 1407//1407 1412//1412 1399//1399
f 1406//1406 1400//1400 1401//1401
f 1406//1406 1407//1407 1400//1400
f 1405//1405 1401//1401 1402//1402
f 1405//1405 1406//1406 1401//1401
f 1404//1404 1402//1402 1403//1403
f 1404//1404 1405//1405 1402//1402
f 1424//1424 1425//1425 1426//1426
f 1423//1423 1426//1426 1427//1427
f 1423//1423 1424//1424 1426//1426
f 1422//1422 1423//1423 1427//1427
f 1421//1421 1427//1427 1428//1428
f 1421//1421 1428//1428 1429//1429
f 1421//1421 1422//1422 1427//1427
f 1420//1420 1421//1421 1429//1429
f 1419//1419 1429//1429 1430//1430
f 1419//1419 1420//1420 1429//1429
f 1418//1418 1430//1430 1431//1431
f 1418//1418 1419//1419 1430//1430
f 1417//1417 1431//1431 1432//1432
f 1417//1417 1418//1418 1431//1431
f 1416//1416 1432//1432 1433//1433
f 1416//1416 1433//1433 1434//1434
f 1416//1416 1417//1417 1432//1432
f 1415//1415 1416//1416 1434//1434
f 1414//1414 1434//1434 1435//1435
f 1414//1414 1435//1435 1436//1436
f 1414//1414 1415//1415 1434//1434
f 1413//1413 1436//1436 1437//1437
f 1413//1413 1414//1414 1436//1436
f 1538//1538 1459//1459 1537//1537
f 1539//1539 1460//1460 1459//1459
f 1539//1539 1459//1459 1538//1538
f 1540//1540 1460//1460 1539//1539
f 1541//1541 1460//1460 1540//1540
f 1542//1542 1460//1460 1541//1541
f 1442//1442 1551//1551 1552//1552
f 1442//1442 1552//1552 1553//1553
f 1442//1442 1443//1443 1551//1551
f 1479//1479 1462//1462 1461//1461
f 1478//1478 1462//1462 1479//1479
f 1503//1503 1504//1504 1440//1440
f 1505//1505 1440//1440 1504//1504
f 1506//1506 1440//1440 1505//1505
f 1507//1507 1440//1440 1506//1506
f 1508//1508 1440//1440 1507//1507
f 1509//1509 1440//1440 1508//1508
f 1439//1439 1440//1440 1509//1509
f 1438//1438 1440//1440 1439//1439
f 1484//1484 1485//1485 1486//1486
f 1484//1484 1486//1486 1487//1487
f 1484//1484 1487//1487 1488//1488
f 1484//1484 1488//1488 1489//1489
f 1484//1484 1489//1489 1490//1490
f 1554//1554 1472//1472 1471//1471
f 1554//1554 1473//1473 1472//1472
f 1555//1555 1473//1473 1554//1554
f 1555//1555 1554//1554 1471//1471
f 1556//1556 1447//1447 1446//1446
f 1556//1556 1446//1446 1473//1473
f 1556//1556 1473//1473 1555//1555
f 1556//1556 1555//1555 1471//1471
f 1557//1557 1448//1448 1447//1447
f 1557//1557 1449//1449 1448//1448
f 1557//1557 1447//1447 1556//1556
f 1558//1558 1469//1469 1468//1468
f 1559//1559 1450//1450 1449//1449
f 1559//1559 1451//1451 1450//1450
f 1559//1559 1452//1452 1451//1451
f 1559//1559 1453//1453 1452//1452
f 1559//1559 1454//1454 1453//1453
f 1559//1559 1449//1449 1557//1557
f 1560//1560 1469//1469 1558//1558
f 1560//1560 1470//1470 1469//1469
f 1560//1560 1558//1558 1468//1468
f 1561//1561 1468//1468 1467//1467
f 1561//1561 1560//1560 1468//1468
f 1561//1561 1470//1470 1560//1560
f 1562//1562 1455//1455 1454//1454
f 1562//1562 1456//1456 1455//1455
f 1562//1562 1457//1457 1456//1456
f 1562//1562 1458//1458 1457//1457
f 1562//1562 1525//1525 1526//1526
f 1562//1562 1526//1526 1527//1527
f 1562//1562 1527//1527 1528//1528
f 1562//1562 1528//1528 1529//1529
f 1562//1562 1529//1529 1530//1530
f 1562//1562 1454//1454 1559//1559
f 1563//1563 1459//1459 1458//1458
f 1563//1563 1562//1562 1530//1530
f 1563//1563 1458//1458 1562//1562
f 1563//1563 1537//1537 1459//1459
f 1563//1563 1530//1530 1531//1531
f 1563//1563 1531//1531 1532//1532
f 1563//1563 1532//1532 1533//1533
f 1563//1563 1533//1533 1534//1534
f 1563//1563 1534//1534 1535//1535
f 1563//1563 1535//1535 1536//1536
f 1563//1563 1536//1536 1537//1537
f 1564//1564 1466//1466 1465//1465
f 1564//1564 1467//1467 1466//1466
f 1565//1565 1561//1561 1467//1467
f 1565//1565 1465//1465 1464//1464
f 1565//1565 1467//1467 1564//1564
f 1565//1565 1564//1564 1465//1465
f 1566//1566 1542//1542 1543//1543
f 1566//1566 1543//1543 1544//1544
f 1566//1566 1544//1544 1545//1545
f 1566//1566 1545//1545 1546//1546
f 1566//1566 1546//1546 1547//1547
f 1566//1566 1547//1547 1548//1548
f 1566//1566 1460//1460 1542//1542
f 1567//1567 1525//1525 1562//1562
f 1567//1567 1562//1562 1559//1559
f 1567//1567 1559//1559 1568//1568
f 1567//1567 1521//1521 1522//1522
f 1567//1567 1522//1522 1523//1523
f 1567//1567 1523//1523 1524//1524
f 1567//1567 1524//1524 1525//1525
f 1569//1569 1570//1570 1561//1561
f 1569//1569 1561//1561 1565//1565
f 1569//1569 1565//1565 1464//1464
f 1571//1571 1516//1516 1517//1517
f 1571//1571 1517//1517 1518//1518
f 1571//1571 1518//1518 1519//1519
f 1571//1571 1519//1519 1520//1520
f 1571//1571 1520//1520 1521//1521
f 1571//1571 1521//1521 1567//1567
f 1572//1572 1443//1443 1444//1444
f 1572//1572 1444//1444 1445//1445
f 1572//1572 1548//1548 1549//1549
f 1572//1572 1549//1549 1550//1550
f 1572//1572 1550//1550 1551//1551
f 1572//1572 1445//1445 1460//1460
f 1572//1572 1551//1551 1443//1443
f 1572//1572 1566//1566 1548//1548
f 1572//1572 1460//1460 1566//1566
f 1573//1573 1463//1463 1462//1462
f 1573//1573 1464//1464 1463//1463
f 1573//1573 1462//1462 1478//1478
f 1574//1574 1516//1516 1571//1571
f 1574//1574 1510//1510 1511//1511
f 1574//1574 1511//1511 1512//1512
f 1574//1574 1512//1512 1513//1513
f 1574//1574 1513//1513 1514//1514
f 1574//1574 1514//1514 1515//1515
f 1574//1574 1515//1515 1516//1516
f 1574//1574 1503//1503 1440//1440
f 1575//1575 1464//1464 1573//1573
f 1575//1575 1576//1576 1569//1569
f 1575//1575 1478//1478 1477//1477
f 1575//1575 1573//1573 1478//1478
f 1575//1575 1569//1569 1464//1464
f 1577//1577 1553//1553 1510//1510
f 1577//1577 1574//1574 1440//1440
f 1577//1577 1510//1510 1574//1574
f 1577//1577 1442//1442 1553//1553
f 1578//1578 1575//1575 1477//1477
f 1578//1578 1477//1477 1476//1476
f 1578//1578 1576//1576 1575//1575
f 1579//1579 1440//1440 1441//1441
f 1579//1579 1441//1441 1442//1442
f 1579//1579 1442//1442 1577//1577
f 1579//1579 1577//1577 1440//1440
f 1580//1580 1571//1571 1581//1581
f 1580//1580 1482//1482 1483//1483
f 1580//1580 1503//1503 1574//1574
f 1580//1580 1574//1574 1571//1571
f 1580//1580 1500//1500 1501//1501
f 1580//1580 1501//1501 1502//1502
f 1580//1580 1502//1502 1503//1503
f 1582//1582 1583//1583 1576//1576
f 1582//1582 1576//1576 1578//1578
f 1582//1582 1476//1476 1475//1475
f 1582//1582 1578//1578 1476//1476
f 1584//1584 1583//1583 1582//1582
f 1584//1584 1581//1581 1583//1583
f 1584//1584 1582//1582 1475//1475
f 1585//1585 1484//1484 1490//1490
f 1585//1585 1500//1500 1580//1580
f 1585//1585 1483//1483 1484//1484
f 1585//1585 1580//1580 1483//1483
f 1585//1585 1490//1490 1491//1491
f 1585//1585 1491//1491 1492//1492
f 1585//1585 1492//1492 1493//1493
f 1585//1585 1493//1493 1494//1494
f 1585//1585 1494//1494 1495//1495
f 1585//1585 1495//1495 1496//1496
f 1585//1585 1496//1496 1497//1497
f 1585//1585 1497//1497 1498//1498
f 1585//1585 1498//1498 1499//1499
f 1585//1585 1499//1499 1500//1500
f 1586//1586 1581//1581 1584//1584
f 1586//1586 1482//1482 1580//1580
f 1586//1586 1580//1580 1581//1581
f 1586//1586 1584//1584 1475//1475
f 1587//1587 1482//1482 1586//1586
f 1587//1587 1475//1475 1474//1474
f 1587//1587 1474//1474 1480//1480
f 1587//1587 1481//1481 1482//1482
f 1587//1587 1586//1586 1475//1475
f 1588//1588 1587//1587 1480//1480
f 1588//1588 1480//1480 1481//1481
f 1588//1588 1481//1481 1587//1587
f 1589//1589 1557//1557 1556//1556
f 1589//1589 1470//1470 1561//1561
f 1589//1589 1471//1471 1470//1470
f 1589//1589 1561//1561 1570//1570
f 1589//1589 1556//1556 1471//1471
f 1590//1590 1576//1576 1583//1583
f 1590//1590 1570//1570 1569//1569
f 1590//1590 1581//1581 1571//1571
f 1590//1590 1569//1569 1576//1576
f 1590//1590 1567//1567 1568//1568
f 1590//1590 1583//1583 1581//1581
f 1590//1590 1571//1571 1567//1567
f 1590//1590 1568//1568 1570//1570
f 1591//1591 1557//1557 1589//1589
f 1591//1591 1559//1559 1557//1557
f 1591//1591 1568//1568 1559//1559
f 1591//1591 1570//1570 1568//1568
f 1591//1591 1589//1589 1570//1570
f 1592//1592 1593//1593 1594//1594
f 1607//1607 1594//1594 1595//1595
f 1607//1607 1592//1592 1594//1594
f 1608//1608 1595//1595 1596//1596
f 1608//1608 1607//1607 1595//1595
f 1609//1609 1596//1596 1597//1597
f 1609//1609 1608//1608 1596//1596
f 1610//1610 1597//1597 1598//1598
f 1610//1610 1609//1609 1597//1597
f 1611//1611 1598//1598 1599//1599
f 1611//1611 1610//1610 1598//1598
f 1612//1612 1599//1599 1600//1600
f 1612//1612 1611//1611 1599//1599
f 1613//1613 1600//1600 1601//1601
f 1613//1613 1612//1612 1600//1600
f 1614//1614 1601//1601 1602//1602
f 1614//1614 1613//1613 1601//1601
f 1615//1615 1602//1602 1603//1603
f 1615//1615 1614//1614 1602//1602
f 1616//1616 1603//1603 1604//1604
f 1616//1616 1615//1615 1603//1603
f 1606//1606 1604//1604 1605//1605
f 1606//1606 1616//1616 1604//1604
f 1678//1678 1649//1649 1718//1718
f 1719//1719 1720//1720 1766//1766
f 1766//1766 1721//1721 1765//1765
f 1720//1720 1721//1721 1766//1766
f 1765//1765 1722//1722 1764//1764
f 1721//1721 1722//1722 1765//1765
f 1764//1764 1723//1723 1763//1763
f 1722//1722 1723//1723 1764//1764
f 1763//1763 1724//1724 1762//1762
f 1723//1723 1724//1724 1763//1763
f 1762//1762 1725//1725 1761//1761
f 1724//1724 1725//1725 1762//1762
f 1761//1761 1726//1726 1760//1760
f 1725//1725 1726//1726 1761//1761
f 1759//1759 1727//1727 1758//1758
f 1760//1760 1727//1727 1759//1759
f 1726//1726 1727//1727 1760//1760
f 1758//1758 1728//1728 1757//1757
f 1727//1727 1728//1728 1758//1758
f 1728//1728 1729//1729 1757//1757
f 1757//1757 1729//1729 1756//1756
f 1729//1729 1730//1730 1756//1756
f 1755//1755 1730//1730 1754//1754
f 1756//1756 1730//1730 1755//1755
f 1730//1730 1731//1731 1754//1754
f 1753//1753 1731//1731 1752//1752
f 1754//1754 1731//1731 1753//1753
f 1731//1731 1732//1732 1752//1752
f 1752//1752 1732//1732 1751//1751
f 1732//1732 1733//1733 1751//1751
f 1750//1750 1733//1733 1749//1749
f 1751//1751 1733//1733 1750//1750
f 1733//1733 1734//1734 1749//1749
f 1781//1781 1734//1734 1780//1780
f 1749//1749 1734//1734 1781//1781
f 1734//1734 1735//1735 1780//1780
f 1780//1780 1735//1735 1779//1779
f 1735//1735 1736//1736 1779//1779
f 1778//1778 1736//1736 1777//1777
f 1779//1779 1736//1736 1778//1778
f 1736//1736 1737//1737 1777//1777
f 1777//1777 1737//1737 1776//1776
f 1737//1737 1738//1738 1776//1776
f 1776//1776 1738//1738 1775//1775
f 1738//1738 1739//1739 1775//1775
f 1775//1775 1739//1739 1774//1774
f 1774//1774 1740//1740 1773//1773
f 1739//1739 1740//1740 1774//1774
f 1773//1773 1741//1741 1772//1772
f 1740//1740 1741//1741 1773//1773
f 1741//1741 1742//1742 1772//1772
f 1742//1742 1771//1771 1772//1772
f 1742//1742 1743//1743 1771//1771
f 1743//1743 1770//1770 1771//1771
f 1743//1743 1744//1744 1770//1770
f 1744//1744 1769//1769 1770//1770
f 1744//1744 1745//1745 1769//1769
f 1745//1745 1768//1768 1769//1769
f 1745//1745 1746//1746 1768//1768
f 1746//1746 1767//1767 1768//1768
f 1746//1746 1747//1747 1767//1767
f 1747//1747 1748//1748 1767//1767
f 1798//1798 1800//1800 1799//1799
f 1803//1803 1801//1801 1800//1800
f 1803//1803 1802//1802 1801//1801
f 1805//1805 1804//1804 1803//1803
f 1805//1805 1803//1803 1800//1800
f 1806//1806 1805//1805 1800//1800
f 1809//1809 1808//1808 1807//1807
f 1785//1785 1791//1791 1786//1786
f 1811//1811 1792//1792 1791//1791
f 1811//1811 1793//1793 1792//1792
f 1811//1811 1794//1794 1793//1793
f 1811//1811 1795//1795 1794//1794
f 1811//1811 1796//1796 1795//1795
f 1811//1811 1797//1797 1796//1796
f 1811//1811 1798//1798 1797//1797
f 1811//1811 1807//1807 1806//1806
f 1811//1811 1810//1810 1809//1809
f 1811//1811 1800//1800 1798//1798
f 1811//1811 1806//1806 1800//1800
f 1811//1811 1809//1809 1807//1807
f 1813//1813 1812//1812 1811//1811
f 1813//1813 1811//1811 1791//1791
f 1790//1790 1783//1783 1782//1782
f 1790//1790 1784//1784 1783//1783
f 1790//1790 1785//1785 1784//1784
f 1790//1790 1791//1791 1785//1785
f 1816//1816 1814//1814 1813//1813
f 1816//1816 1815//1815 1814//1814
f 1817//1817 1816//1816 1813//1813
f 1787//1787 1789//1789 1788//1788
f 1787//1787 1790//1790 1789//1789
f 1818//1818 1791//1791 1790//1790
f 1818//1818 1817//1817 1813//1813
f 1818//1818 1790//1790 1787//1787
f 1818//1818 1813//1813 1791//1791
f 1824//1824 1820//1820 1819//1819
f 1822//1822 1823//1823 1821//1821
f 1820//1820 1823//1823 1822//1822
f 1824//1824 1823//1823 1820//1820
f 1826//1826 1827//1827 1825//1825
f 1828//1828 1827//1827 1826//1826
f 1828//1828 1829//1829 1827//1827
f 1830//1830 1835//1835 1829//1829
f 1837//1837 1835//1835 1836//1836
f 1827//1827 1835//1835 1837//1837
f 1829//1829 1835//1835 1827//1827
f 1831//1831 1832//1832 1830//1830
f 1835//1835 1833//1833 1834//1834
f 1830//1830 1833//1833 1835//1835
f 1832//1832 1833//1833 1830//1830
f 1841//1841 1839//1839 1842//1842
f 1842//1842 1839//1839 1838//1838
f 1841//1841 1840//1840 1839//1839
f 1844//1844 1845//1845 1843//1843
f 1846//1846 1845//1845 1844//1844
f 1846//1846 1847//1847 1845//1845
f 1848//1848 1849//1849 1847//1847
f 1855//1855 1853//1853 1854//1854
f 1845//1845 1853//1853 1855//1855
f 1850//1850 1851//1851 1849//1849
f 1853//1853 1851//1851 1852//1852
f 1847//1847 1851//1851 1845//1845
f 1845//1845 1851//1851 1853//1853
f 1849//1849 1851//1851 1847//1847
f 1858//1858 1857//1857 1859//1859
f 1859//1859 1857//1857 1860//1860
f 1858//1858 1856//1856 1857//1857
f 1862//1862 1863//1863 1861//1861
f 1864//1864 1863//1863 1862//1862
f 1864//1864 1865//1865 1863//1863
f 1863//1863 1872//1872 1873//1873
f 1866//1866 1867//1867 1865//1865
f 1865//1865 1867//1867 1863//1863
f 1863//1863 1871//1871 1872//1872
f 1868//1868 1869//1869 1867//1867
f 1871//1871 1869//1869 1870//1870
f 1867//1867 1869//1869 1863//1863
f 1863//1863 1869//1869 1871//1871
f 1876//1876 1875//1875 1877//1877
f 1877//1877 1875//1875 1878//1878
f 1876//1876 1874//1874 1875//1875
f 1880//1880 1881//1881 1879//1879
f 1882//1882 1881//1881 1880//1880
f 1882//1882 1883//1883 1881//1881
f 1881//1881 1890//1890 1891//1891
f 1890//1890 1888//1888 1889//1889
f 1884//1884 1887//1887 1883//1883
f 1885//1885 1887//1887 1884//1884
f 1886//1886 1887//1887 1885//1885
f 1883//1883 1887//1887 1881//1881
f 1881//1881 1887//1887 1890//1890
f 1890//1890 1887//1887 1888//1888
f 1895//1895 1893//1893 1896//1896
f 1896//1896 1893//1893 1892//1892
f 1895//1895 1894//1894 1893//1893
f 1898//1898 1899//1899 1897//1897
f 1900//1900 1899//1899 1898//1898
f 1900//1900 1901//1901 1899//1899
f 1909//1909 1907//1907 1908//1908
f 1899//1899 1907//1907 1909//1909
f 1902//1902 1904//1904 1901//1901
f 1903//1903 1904//1904 1902//1902
f 1907//1907 1905//1905 1906//1906
f 1901//1901 1905//1905 1899//1899
f 1899//1899 1905//1905 1907//1907
f 1904//1904 1905//1905 1901//1901
f 1975//1975 1942//1942 1943//1943
f 1974//1974 1941//1941 1942//1942
f 1974//1974 1942//1942 1975//1975
f 1976//1976 1943//1943 1944//1944
f 1976//1976 1975//1975 1943//1943
f 1973//1973 1941//1941 1974//1974
f 1973//1973 1940//1940 1941//1941
f 1977//1977 1976//1976 1944//1944
f 1977//1977 1944//1944 1945//1945
f 1972//1972 1940//1940 1973//1973
f 1972//1972 1939//1939 1940//1940
f 1978//1978 1977//1977 1945//1945
f 1978//1978 1945//1945 1946//1946
f 1971//1971 1939//1939 1972//1972
f 1971//1971 1938//1938 1939//1939
f 1979//1979 1978//1978 1946//1946
f 1979//1979 1946//1946 1910//1910
f 1970//1970 1938//1938 1971//1971
f 1970//1970 1937//1937 1938//1938
f 1980//1980 1910//1910 1911//1911
f 1980//1980 1979//1979 1910//1910
f 1969//1969 1937//1937 1970//1970
f 1969//1969 1936//1936 1937//1937
f 1981//1981 1911//1911 1912//1912
f 1981//1981 1980//1980 1911//1911
f 1968//1968 1936//1936 1969//1969
f 1968//1968 1935//1935 1936//1936
f 1934//1934 1935//1935 1968//1968
f 1982//1982 1912//1912 1913//1913
f 1982//1982 1981//1981 1912//1912
f 1967//1967 1934//1934 1968//1968
f 1947//1947 1913//1913 1914//1914
f 1947//1947 1982//1982 1913//1913
f 1933//1933 1934//1934 1967//1967
f 1966//1966 1933//1933 1967//1967
f 1948//1948 1947//1947 1914//1914
f 1915//1915 1948//1948 1914//1914
f 1949//1949 1948//1948 1915//1915
f 1932//1932 1933//1933 1966//1966
f 1932//1932 1966//1966 1965//1965
f 1916//1916 1950//1950 1949//1949
f 1916//1916 1949//1949 1915//1915
f 1931//1931 1965//1965 1964//1964
f 1931//1931 1932//1932 1965//1965
f 1917//1917 1951//1951 1950//1950
f 1917//1917 1950//1950 1916//1916
f 1930//1930 1964//1964 1963//1963
f 1930//1930 1931//1931 1964//1964
f 1918//1918 1952//1952 1951//1951
f 1918//1918 1951//1951 1917//1917
f 1929//1929 1963//1963 1962//1962
f 1929//1929 1930//1930 1963//1963
f 1919//1919 1953//1953 1952//1952
f 1919//1919 1952//1952 1918//1918
f 1928//1928 1962//1962 1961//1961
f 1928//1928 1929//1929 1962//1962
f 1920//1920 1954//1954 1953//1953
f 1920//1920 1953//1953 1919//1919
f 1927//1927 1928//1928 1961//1961
f 1927//1927 1961//1961 1960//1960
f 1921//1921 1955//1955 1954//1954
f 1921//1921 1954//1954 1920//1920
f 1926//1926 1927//1927 1960//1960
f 1926//1926 1960//1960 1959//1959
f 1922//1922 1956//1956 1955//1955
f 1922//1922 1955//1955 1921//1921
f 1925//1925 1926//1926 1959//1959
f 1925//1925 1959//1959 1958//1958
f 1923//1923 1957//1957 1956//1956
f 1923//1923 1956//1956 1922//1922
f 1924//1924 1925//1925 1958//1958
f 1924//1924 1957//1957 1923//1923
f 1924//1924 1958//1958 1957//1957
f 1984//1984 1985//1985 1986//1986
f 1983//1983 1984//1984 1986//1986
f 1988//1988 1989//1989 1990//1990
f 1987//1987 1988//1988 1990//1990
f 1991//1991 1992//1992 1993//1993
f 1991//1991 1993//1993 1994//1994
f 1995//1995 1996//1996 1997//1997
f 1995//1995 1997//1997 1998//1998
f 2002//2002 2000//2000 1999//1999
f 2002//2002 1999//1999 2001//2001
f 2014//2014 2012//2012 2013//2013
f 2012//2012 2010//2010 2011//2011
f 2008//2008 2004//2004 2007//2007
f 2009//2009 2004//2004 2008//2008
f 2010//2010 2004//2004 2009//2009
f 2006//2006 2004//2004 2014//2014
f 2014//2014 2004//2004 2012//2012
f 2012//2012 2004//2004 2010//2010
f 2006//2006 2005//2005 2004//2004
f 2005//2005 2003//2003 2004//2004
f 2017//2017 2026//2026 2027//2027
f 2018//2018 2027//2027 2028//2028
f 2018//2018 2017//2017 2027//2027
f 2019//2019 2028//2028 2029//2029
f 2019//2019 2018//2018 2028//2028
f 2020//2020 2029//2029 2030//2030
f 2020//2020 2030//2030 2031//2031
f 2020//2020 2019//2019 2029//2029
f 2021//2021 2031//2031 2032//2032
f 2021//2021 2020//2020 2031//2031
f 2022//2022 2032//2032 2033//2033
f 2022//2022 2021//2021 2032//2032
f 2023//2023 2033//2033 2034//2034
f 2023//2023 2034//2034 2035//2035
f 2023//2023 2022//2022 2033//2033
f 2024//2024 2035//2035 2036//2036
f 2024//2024 2023//2023 2035//2035
f 2025//2025 2036//2036 2037//2037
f 2025//2025 2024//2024 2036//2036
f 2015//2015 2037//2037 2016//2016
f 2015//2015 2025//2025 2037//2037
f 2068//2068 2067//2067 2078//2078
f 2068//2068 2078//2078 2109//2109
f 2069//2069 2068//2068 2109//2109
f 2069//2069 2109//2109 2108//2108
f 2070//2070 2069//2069 2108//2108
f 2071//2071 2070//2070 2108//2108
f 2071//2071 2108//2108 2107//2107
f 2072//2072 2071//2071 2107//2107
f 2072//2072 2107//2107 2106//2106
f 2073//2073 2072//2072 2106//2106
f 2074//2074 2106//2106 2105//2105
f 2074//2074 2073//2073 2106//2106
f 2075//2075 2105//2105 2104//2104
f 2075//2075 2074//2074 2105//2105
f 2076//2076 2075//2075 2104//2104
f 2077//2077 2104//2104 2103//2103
f 2077//2077 2076//2076 2104//2104
f 2066//2066 2077//2077 2103//2103
f 2065//2065 2066//2066 2103//2103
f 2055//2055 2054//2054 2053//2053
f 2056//2056 2055//2055 2053//2053
f 2057//2057 2056//2056 2053//2053
f 2058//2058 2057//2057 2053//2053
f 2059//2059 2058//2058 2053//2053
f 2060//2060 2059//2059 2053//2053
f 2061//2061 2060//2060 2053//2053
f 2062//2062 2061//2061 2053//2053
f 2062//2062 2053//2053 2065//2065
f 2279//2279 2065//2065 2103//2103
f 2268//2268 2279//2279 2103//2103
f 2268//2268 2103//2103 2102//2102
f 2063//2063 2062//2062 2065//2065
f 2064//2064 2063//2063 2065//2065
f 2052//2052 2064//2064 2065//2065
f 2052//2052 2065//2065 2279//2279
f 2051//2051 2052//2052 2279//2279
f 2050//2050 2051//2051 2279//2279
f 2038//2038 2049//2049 2050//2050
f 2038//2038 2050//2050 2279//2279
f 2048//2048 2049//2049 2038//2038
f 2047//2047 2048//2048 2038//2038
f 2046//2046 2038//2038 2039//2039
f 2046//2046 2047//2047 2038//2038
f 2042//2042 2040//2040 2041//2041
f 2045//2045 2046//2046 2039//2039
f 2043//2043 2040//2040 2042//2042
f 2044//2044 2039//2039 2040//2040
f 2044//2044 2045//2045 2039//2039
f 2044//2044 2040//2040 2043//2043
f 2269//2269 2268//2268 2102//2102
f 2269//2269 2102//2102 2101//2101
f 2270//2270 2269//2269 2101//2101
f 2271//2271 2270//2270 2101//2101
f 2271//2271 2101//2101 2100//2100
f 2272//2272 2271//2271 2100//2100
f 2273//2273 2100//2100 2099//2099
f 2273//2273 2272//2272 2100//2100
f 2274//2274 2099//2099 2098//2098
f 2274//2274 2273//2273 2099//2099
f 2275//2275 2274//2274 2098//2098
f 2276//2276 2098//2098 2097//2097
f 2276//2276 2275//2275 2098//2098
f 2277//2277 2276//2276 2097//2097
f 2278//2278 2097//2097 2096//2096
f 2278//2278 2277//2277 2097//2097
f 2267//2267 2278//2278 2096//2096
f 2266//2266 2267//2267 2096//2096
f 2256//2256 2255//2255 2254//2254
f 2257//2257 2256//2256 2254//2254
f 2258//2258 2257//2257 2254//2254
f 2259//2259 2258//2258 2254//2254
f 2260//2260 2259//2259 2254//2254
f 2261//2261 2260//2260 2254//2254
f 2262//2262 2261//2261 2254//2254
f 2263//2263 2262//2262 2254//2254
f 2263//2263 2254//2254 2266//2266
f 2238//2238 2096//2096 2095//2095
f 2238//2238 2266//2266 2096//2096
f 2237//2237 2238//2238 2095//2095
f 2264//2264 2263//2263 2266//2266
f 2265//2265 2264//2264 2266//2266
f 2253//2253 2266//2266 2238//2238
f 2253//2253 2265//2265 2266//2266
f 2252//2252 2253//2253 2238//2238
f 2251//2251 2252//2252 2238//2238
f 2239//2239 2250//2250 2251//2251
f 2239//2239 2251//2251 2238//2238
f 2249//2249 2250//2250 2239//2239
f 2248//2248 2249//2249 2239//2239
f 2247//2247 2239//2239 2240//2240
f 2247//2247 2248//2248 2239//2239
f 2243//2243 2241//2241 2242//2242
f 2246//2246 2247//2247 2240//2240
f 2244//2244 2241//2241 2243//2243
f 2245//2245 2240//2240 2241//2241
f 2245//2245 2246//2246 2240//2240
f 2245//2245 2241//2241 2244//2244
f 2236//2236 2237//2237 2095//2095
f 2235//2235 2236//2236 2095//2095
f 2235//2235 2095//2095 2094//2094
f 2234//2234 2235//2235 2094//2094
f 2233//2233 2234//2234 2094//2094
f 2232//2232 2233//2233 2094//2094
f 2232//2232 2094//2094 2093//2093
f 2231//2231 2093//2093 2092//2092
f 2231//2231 2232//2232 2093//2093
f 2230//2230 2231//2231 2092//2092
f 2229//2229 2092//2092 2091//2091
f 2229//2229 2230//2230 2092//2092
f 2228//2228 2091//2091 2090//2090
f 2228//2228 2229//2229 2091//2091
f 2227//2227 2090//2090 2089//2089
f 2227//2227 2228//2228 2090//2090
f 2226//2226 2227//2227 2089//2089
f 2225//2225 2089//2089 2088//2088
f 2225//2225 2226//2226 2089//2089
f 2215//2215 2214//2214 2213//2213
f 2216//2216 2215//2215 2213//2213
f 2217//2217 2216//2216 2213//2213
f 2218//2218 2217//2217 2213//2213
f 2219//2219 2218//2218 2213//2213
f 2220//2220 2219//2219 2213//2213
f 2221//2221 2220//2220 2213//2213
f 2222//2222 2213//2213 2225//2225
f 2222//2222 2221//2221 2213//2213
f 2198//2198 2225//2225 2088//2088
f 2197//2197 2198//2198 2088//2088
f 2223//2223 2222//2222 2225//2225
f 2224//2224 2223//2223 2225//2225
f 2212//2212 2225//2225 2198//2198
f 2212//2212 2224//2224 2225//2225
f 2211//2211 2212//2212 2198//2198
f 2210//2210 2211//2211 2198//2198
f 2199//2199 2210//2210 2198//2198
f 2199//2199 2209//2209 2210//2210
f 2208//2208 2209//2209 2199//2199
f 2207//2207 2208//2208 2199//2199
f 2206//2206 2207//2207 2199//2199
f 2202//2202 2200//2200 2201//2201
f 2205//2205 2206//2206 2199//2199
f 2203//2203 2200//2200 2202//2202
f 2204//2204 2205//2205 2199//2199
f 2204//2204 2200//2200 2203//2203
f 2204//2204 2199//2199 2200//2200
f 2196//2196 2197//2197 2088//2088
f 2196//2196 2088//2088 2087//2087
f 2195//2195 2196//2196 2087//2087
f 2194//2194 2195//2195 2087//2087
f 2194//2194 2087//2087 2086//2086
f 2193//2193 2194//2194 2086//2086
f 2192//2192 2193//2193 2086//2086
f 2192//2192 2086//2086 2085//2085
f 2191//2191 2085//2085 2084//2084
f 2191//2191 2192//2192 2085//2085
f 2190//2190 2191//2191 2084//2084
f 2189//2189 2084//2084 2083//2083
f 2189//2189 2190//2190 2084//2084
f 2188//2188 2189//2189 2083//2083
f 2187//2187 2083//2083 2082//2082
f 2187//2187 2188//2188 2083//2083
f 2186//2186 2082//2082 2081//2081
f 2186//2186 2187//2187 2082//2082
f 2185//2185 2186//2186 2081//2081
f 2175//2175 2174//2174 2173//2173
f 2176//2176 2175//2175 2173//2173
f 2177//2177 2176//2176 2173//2173
f 2178//2178 2177//2177 2173//2173
f 2179//2179 2178//2178 2173//2173
f 2180//2180 2179//2179 2173//2173
f 2181//2181 2180//2180 2173//2173
f 2182//2182 2173//2173 2185//2185
f 2182//2182 2181//2181 2173//2173
f 2158//2158 2185//2185 2081//2081
f 2147//2147 2081//2081 2116//2116
f 2147//2147 2158//2158 2081//2081
f 2183//2183 2182//2182 2185//2185
f 2184//2184 2183//2183 2185//2185
f 2172//2172 2185//2185 2158//2158
f 2172//2172 2184//2184 2185//2185
f 2171//2171 2172//2172 2158//2158
f 2170//2170 2171//2171 2158//2158
f 2159//2159 2170//2170 2158//2158
f 2159//2159 2169//2169 2170//2170
f 2168//2168 2169//2169 2159//2159
f 2167//2167 2168//2168 2159//2159
f 2166//2166 2167//2167 2159//2159
f 2162//2162 2160//2160 2161//2161
f 2165//2165 2166//2166 2159//2159
f 2163//2163 2160//2160 2162//2162
f 2164//2164 2159//2159 2160//2160
f 2164//2164 2165//2165 2159//2159
f 2164//2164 2160//2160 2163//2163
f 2148//2148 2147//2147 2116//2116
f 2148//2148 2116//2116 2115//2115
f 2149//2149 2148//2148 2115//2115
f 2150//2150 2149//2149 2115//2115
f 2150//2150 2115//2115 2114//2114
f 2151//2151 2150//2150 2114//2114
f 2151//2151 2114//2114 2113//2113
f 2152//2152 2151//2151 2113//2113
f 2153//2153 2152//2152 2113//2113
f 2153//2153 2113//2113 2112//2112
f 2154//2154 2153//2153 2112//2112
f 2155//2155 2154//2154 2112//2112
f 2155//2155 2112//2112 2111//2111
f 2156//2156 2155//2155 2111//2111
f 2156//2156 2111//2111 2110//2110
f 2157//2157 2156//2156 2110//2110
f 2146//2146 2157//2157 2110//2110
f 2145//2145 2146//2146 2110//2110
f 2145//2145 2110//2110 2079//2079
f 2135//2135 2134//2134 2133//2133
f 2136//2136 2135//2135 2133//2133
f 2137//2137 2136//2136 2133//2133
f 2138//2138 2137//2137 2133//2133
f 2139//2139 2138//2138 2133//2133
f 2140//2140 2139//2139 2133//2133
f 2141//2141 2140//2140 2133//2133
f 2142//2142 2133//2133 2145//2145
f 2142//2142 2141//2141 2133//2133
f 2117//2117 2145//2145 2079//2079
f 2080//2080 2117//2117 2079//2079
f 2143//2143 2142//2142 2145//2145
f 2144//2144 2143//2143 2145//2145
f 2132//2132 2145//2145 2117//2117
f 2132//2132 2144//2144 2145//2145
f 2131//2131 2132//2132 2117//2117
f 2130//2130 2131//2131 2117//2117
f 2118//2118 2129//2129 2130//2130
f 2118//2118 2130//2130 2117//2117
f 2128//2128 2129//2129 2118//2118
f 2127//2127 2128//2128 2118//2118
f 2126//2126 2127//2127 2118//2118
f 2126//2126 2118//2118 2119//2119
f 2122//2122 2120//2120 2121//2121
f 2125//2125 2126//2126 2119//2119
f 2123//2123 2120//2120 2122//2122
f 2124//2124 2125//2125 2119//2119
f 2124//2124 2120//2120 2123//2123
f 2124//2124 2119//2119 2120//2120
f 2280//2280 2281//2281 2282//2282
f 2281//2281 2283//2283 2282//2282
f 2284//2284 2285//2285 2281//2281
f 2283//2283 2290//2290 2291//2291
f 2286//2286 2288//2288 2285//2285
f 2287//2287 2288//2288 2286//2286
f 2290//2290 2288//2288 2289//2289
f 2281//2281 2288//2288 2283//2283
f 2283//2283 2288//2288 2290//2290
f 2285//2285 2288//2288 2281//2281
f 2294//2294 2303//2303 2304//2304
f 2295//2295 2304//2304 2305//2305
f 2295//2295 2294//2294 2304//2304
f 2296//2296 2305//2305 2306//2306
f 2296//2296 2295//2295 2305//2305
f 2297//2297 2306//2306 2307//2307
f 2297//2297 2307//2307 2308//2308
f 2297//2297 2296//2296 2306//2306
f 2298//2298 2308//2308 2309//2309
f 2298//2298 2297//2297 2308//2308
f 2299//2299 2309//2309 2310//2310
f 2299//2299 2298//2298 2309//2309
f 2300//2300 2310//2310 2311//2311
f 2300//2300 2311//2311 2312//2312
f 2300//2300 2299//2299 2310//2310
f 2301//2301 2312//2312 2313//2313
f 2301//2301 2300//2300 2312//2312
f 2302//2302 2313//2313 2314//2314
f 2302//2302 2301//2301 2313//2313
f 2292//2292 2314//2314 2293//2293
f 2292//2292 2302//2302 2314//2314
f 2325//2325 2323//2323 2324//2324
f 2326//2326 2323//2323 2325//2325
f 2320//2320 2316//2316 2319//2319
f 2321//2321 2316//2316 2320//2320
f 2322//2322 2316//2316 2321//2321
f 2323//2323 2316//2316 2322//2322
f 2318//2318 2316//2316 2326//2326
f 2326//2326 2316//2316 2323//2323
f 2318//2318 2317//2317 2316//2316
f 2317//2317 2315//2315 2316//2316
f 2329//2329 2338//2338 2339//2339
f 2330//2330 2339//2339 2340//2340
f 2330//2330 2329//2329 2339//2339
f 2331//2331 2340//2340 2341//2341
f 2331//2331 2330//2330 2340//2340
f 2332//2332 2341//2341 2342//2342
f 2332//2332 2342//2342 2343//2343
f 2332//2332 2331//2331 2341//2341
f 2333//2333 2343//2343 2344//2344
f 2333//2333 2332//2332 2343//2343
f 2334//2334 2344//2344 2345//2345
f 2334//2334 2333//2333 2344//2344
f 2335//2335 2345//2345 2346//2346
f 2335//2335 2346//2346 2347//2347
f 2335//2335 2334//2334 2345//2345
f 2336//2336 2347//2347 2348//2348
f 2336//2336 2335//2335 2347//2347
f 2337//2337 2348//2348 2349//2349
f 2337//2337 2336//2336 2348//2348
f 2327//2327 2349//2349 2328//2328
f 2327//2327 2337//2337 2349//2349
f 2353//2353 2360//2360 2361//2361
f 2360//2360 2358//2358 2359//2359
f 2358//2358 2356//2356 2357//2357
f 2360//2360 2355//2355 2358//2358
f 2358//2358 2355//2355 2356//2356
f 2355//2355 2351//2351 2354//2354
f 2353//2353 2351//2351 2360//2360
f 2360//2360 2351//2351 2355//2355
f 2353//2353 2352//2352 2351//2351
f 2352//2352 2350//2350 2351//2351
f 2364//2364 2373//2373 2374//2374
f 2365//2365 2374//2374 2375//2375
f 2365//2365 2364//2364 2374//2374
f 2366//2366 2375//2375 2376//2376
f 2366//2366 2365//2365 2375//2375
f 2367//2367 2376//2376 2377//2377
f 2367//2367 2377//2377 2378//2378
f 2367//2367 2366//2366 2376//2376
f 2368//2368 2378//2378 2379//2379
f 2368//2368 2367//2367 2378//2378
f 2369//2369 2379//2379 2380//2380
f 2369//2369 2368//2368 2379//2379
f 2370//2370 2380//2380 2381//2381
f 2370//2370 2381//2381 2382//2382
f 2370//2370 2369//2369 2380//2380
f 2371//2371 2382//2382 2383//2383
f 2371//2371 2370//2370 2382//2382
f 2372//2372 2383//2383 2384//2384
f 2372//2372 2371//2371 2383//2383
f 2362//2362 2384//2384 2363//2363
f 2362//2362 2372//2372 2384//2384
f 2396//2396 2394//2394 2395//2395
f 2388//2388 2393//2393 2396//2396
f 2396//2396 2393//2393 2394//2394
f 2392//2392 2390//2390 2391//2391
f 2392//2392 2389//2389 2390//2390
f 2393//2393 2386//2386 2392//2392
f 2388//2388 2386//2386 2393//2393
f 2392//2392 2386//2386 2389//2389
f 2388//2388 2387//2387 2386//2386
f 2387//2387 2385//2385 2386//2386
f 2399//2399 2408//2408 2409//2409
f 2400//2400 2409//2409 2410//2410
f 2400//2400 2399//2399 2409//2409
f 2401//2401 2410//2410 2411//2411
f 2401//2401 2400//2400 2410//2410
f 2402//2402 2411//2411 2412//2412
f 2402//2402 2412//2412 2413//2413
f 2402//2402 2401//2401 2411//2411
f 2403//2403 2413//2413 2414//2414
f 2403//2403 2402//2402 2413//2413
f 2404//2404 2414//2414 2415//2415
f 2404//2404 2403//2403 2414//2414
f 2405//2405 2415//2415 2416//2416
f 2405//2405 2416//2416 2417//2417
f 2405//2405 2404//2404 2415//2415
f 2406//2406 2417//2417 2418//2418
f 2406//2406 2405//2405 2417//2417
f 2407//2407 2418//2418 2419//2419
f 2407//2407 2406//2406 2418//2418
f 2397//2397 2419//2419 2398//2398
f 2397//2397 2407//2407 2419//2419
f 2423//2423 2420//2420 2424//2424
f 2421//2421 2420//2420 2423//2423
f 2422//2422 2421//2421 2423//2423
f 2429//2429 2428//2428 2425//2425
f 2428//2428 2426//2426 2425//2425
f 2427//2427 2426//2426 2428//2428
f 2430//2430 2433//2433 2431//2431
f 2434//2434 2433//2433 2430//2430
f 2432//2432 2431//2431 2433//2433
f 2436//2436 2435//2435 2438//2438
f 2435//2435 2439//2439 2438//2438
f 2437//2437 2436//2436 2438//2438
f 2441//2441 2440//2440 2443//2443
f 2440//2440 2444//2444 2443//2443
f 2442//2442 2441//2441 2443//2443
f 2495//2495 2497//2497 2496//2496
f 2498//2498 2497//2497 2495//2495
f 2447//2447 2448//2448 2449//2449
f 2499//2499 2471//2471 2498//2498
f 2500//2500 2470//2470 2471//2471
f 2500//2500 2471//2471 2499//2499
f 2500//2500 2495//2495 2494//2494
f 2500//2500 2499//2499 2498//2498
f 2500//2500 2498//2498 2495//2495
f 2501//2501 2500//2500 2494//2494
f 2501//2501 2494//2494 2493//2493
f 2501//2501 2470//2470 2500//2500
f 2502//2502 2501//2501 2493//2493
f 2502//2502 2493//2493 2492//2492
f 2502//2502 2470//2470 2501//2501
f 2503//2503 2469//2469 2470//2470
f 2503//2503 2492//2492 2491//2491
f 2503//2503 2502//2502 2492//2492
f 2503//2503 2470//2470 2502//2502
f 2504//2504 2490//2490 2489//2489
f 2504//2504 2491//2491 2490//2490
f 2504//2504 2503//2503 2491//2491
f 2504//2504 2469//2469 2503//2503
f 2505//2505 2469//2469 2504//2504
f 2505//2505 2504//2504 2489//2489
f 2505//2505 2489//2489 2488//2488
f 2506//2506 2469//2469 2505//2505
f 2506//2506 2468//2468 2469//2469
f 2506//2506 2505//2505 2488//2488
f 2507//2507 2487//2487 2486//2486
f 2507//2507 2488//2488 2487//2487
f 2507//2507 2468//2468 2506//2506
f 2507//2507 2506//2506 2488//2488
f 2508//2508 2485//2485 2484//2484
f 2508//2508 2486//2486 2485//2485
f 2508//2508 2468//2468 2507//2507
f 2508//2508 2507//2507 2486//2486
f 2509//2509 2467//2467 2468//2468
f 2509//2509 2508//2508 2484//2484
f 2509//2509 2484//2484 2483//2483
f 2509//2509 2468//2468 2508//2508
f 2510//2510 2467//2467 2509//2509
f 2510//2510 2483//2483 2482//2482
f 2510//2510 2509//2509 2483//2483
f 2511//2511 2510//2510 2482//2482
f 2511//2511 2467//2467 2510//2510
f 2512//2512 2482//2482 2481//2481
f 2512//2512 2511//2511 2482//2482
f 2513//2513 2481//2481 2480//2480
f 2513//2513 2512//2512 2481//2481
f 2514//2514 2450//2450 2451//2451
f 2514//2514 2515//2515 2450//2450
f 2514//2514 2461//2461 2515//2515
f 2514//2514 2460//2460 2461//2461
f 2516//2516 2460//2460 2514//2514
f 2516//2516 2514//2514 2451//2451
f 2517//2517 2451//2451 2452//2452
f 2517//2517 2460//2460 2516//2516
f 2517//2517 2516//2516 2451//2451
f 2518//2518 2460//2460 2517//2517
f 2518//2518 2517//2517 2452//2452
f 2519//2519 2459//2459 2460//2460
f 2519//2519 2518//2518 2452//2452
f 2519//2519 2460//2460 2518//2518
f 2520//2520 2452//2452 2453//2453
f 2520//2520 2519//2519 2452//2452
f 2520//2520 2459//2459 2519//2519
f 2521//2521 2453//2453 2454//2454
f 2521//2521 2459//2459 2520//2520
f 2521//2521 2520//2520 2453//2453
f 2522//2522 2459//2459 2521//2521
f 2522//2522 2521//2521 2454//2454
f 2523//2523 2454//2454 2455//2455
f 2523//2523 2522//2522 2454//2454
f 2523//2523 2459//2459 2522//2522
f 2524//2524 2458//2458 2459//2459
f 2524//2524 2459//2459 2523//2523
f 2524//2524 2523//2523 2455//2455
f 2525//2525 2455//2455 2456//2456
f 2525//2525 2524//2524 2455//2455
f 2525//2525 2458//2458 2524//2524
f 2526//2526 2456//2456 2457//2457
f 2526//2526 2457//2457 2458//2458
f 2526//2526 2458//2458 2525//2525
f 2526//2526 2525//2525 2456//2456
f 2527//2527 2480//2480 2479//2479
f 2527//2527 2513//2513 2480//2480
f 2527//2527 2528//2528 2513//2513
f 2529//2529 2527//2527 2479//2479
f 2529//2529 2528//2528 2527//2527
f 2529//2529 2530//2530 2528//2528
f 2531//2531 2479//2479 2478//2478
f 2531//2531 2529//2529 2479//2479
f 2531//2531 2530//2530 2529//2529
f 2531//2531 2532//2532 2530//2530
f 2533//2533 2467//2467 2511//2511
f 2533//2533 2512//2512 2513//2513
f 2533//2533 2511//2511 2512//2512
f 2534//2534 2532//2532 2531//2531
f 2534//2534 2531//2531 2478//2478
f 2535//2535 2478//2478 2477//2477
f 2535//2535 2534//2534 2478//2478
f 2536//2536 2537//2537 2532//2532
f 2536//2536 2532//2532 2534//2534
f 2536//2536 2534//2534 2535//2535
f 2538//2538 2466//2466 2467//2467
f 2538//2538 2533//2533 2513//2513
f 2538//2538 2467//2467 2533//2533
f 2539//2539 2536//2536 2535//2535
f 2540//2540 2538//2538 2513//2513
f 2540//2540 2513//2513 2528//2528
f 2541//2541 2466//2466 2538//2538
f 2541//2541 2538//2538 2540//2540
f 2542//2542 2477//2477 2476//2476
f 2542//2542 2535//2535 2477//2477
f 2543//2543 2528//2528 2530//2530
f 2543//2543 2540//2540 2528//2528
f 2544//2544 2539//2539 2535//2535
f 2544//2544 2535//2535 2542//2542
f 2545//2545 2537//2537 2536//2536
f 2545//2545 2546//2546 2537//2537
f 2545//2545 2536//2536 2539//2539
f 2545//2545 2539//2539 2544//2544
f 2547//2547 2530//2530 2532//2532
f 2547//2547 2543//2543 2530//2530
f 2548//2548 2466//2466 2541//2541
f 2548//2548 2541//2541 2540//2540
f 2548//2548 2540//2540 2543//2543
f 2549//2549 2466//2466 2548//2548
f 2549//2549 2543//2543 2547//2547
f 2549//2549 2548//2548 2543//2543
f 2550//2550 2532//2532 2537//2537
f 2550//2550 2547//2547 2532//2532
f 2551//2551 2544//2544 2542//2542
f 2551//2551 2545//2545 2544//2544
f 2552//2552 2466//2466 2549//2549
f 2552//2552 2547//2547 2550//2550
f 2552//2552 2549//2549 2547//2547
f 2553//2553 2552//2552 2550//2550
f 2553//2553 2466//2466 2552//2552
f 2554//2554 2542//2542 2476//2476
f 2554//2554 2476//2476 2475//2475
f 2554//2554 2551//2551 2542//2542
f 2555//2555 2551//2551 2554//2554
f 2556//2556 2545//2545 2551//2551
f 2556//2556 2557//2557 2546//2546
f 2556//2556 2551//2551 2555//2555
f 2556//2556 2546//2546 2545//2545
f 2558//2558 2555//2555 2554//2554
f 2559//2559 2537//2537 2546//2546
f 2560//2560 2475//2475 2474//2474
f 2560//2560 2554//2554 2475//2475
f 2561//2561 2553//2553 2550//2550
f 2561//2561 2466//2466 2553//2553
f 2561//2561 2465//2465 2466//2466
f 2561//2561 2537//2537 2559//2559
f 2561//2561 2550//2550 2537//2537
f 2562//2562 2558//2558 2554//2554
f 2562//2562 2554//2554 2560//2560
f 2563//2563 2555//2555 2558//2558
f 2563//2563 2557//2557 2556//2556
f 2563//2563 2556//2556 2555//2555
f 2563//2563 2558//2558 2562//2562
f 2563//2563 2564//2564 2557//2557
f 2565//2565 2465//2465 2561//2561
f 2565//2565 2561//2561 2559//2559
f 2566//2566 2562//2562 2560//2560
f 2567//2567 2546//2546 2557//2557
f 2567//2567 2559//2559 2546//2546
f 2568//2568 2465//2465 2565//2565
f 2568//2568 2565//2565 2559//2559
f 2568//2568 2559//2559 2567//2567
f 2569//2569 2560//2560 2474//2474
f 2569//2569 2566//2566 2560//2560
f 2570//2570 2563//2563 2562//2562
f 2570//2570 2564//2564 2563//2563
f 2570//2570 2562//2562 2566//2566
f 2570//2570 2566//2566 2569//2569
f 2570//2570 2571//2571 2564//2564
f 2572//2572 2474//2474 2473//2473
f 2572//2572 2569//2569 2474//2474
f 2573//2573 2569//2569 2572//2572
f 2574//2574 2567//2567 2557//2557
f 2574//2574 2557//2557 2564//2564
f 2575//2575 2465//2465 2568//2568
f 2575//2575 2568//2568 2567//2567
f 2575//2575 2567//2567 2574//2574
f 2576//2576 2577//2577 2571//2571
f 2576//2576 2570//2570 2569//2569
f 2576//2576 2569//2569 2573//2573
f 2576//2576 2571//2571 2570//2570
f 2578//2578 2575//2575 2574//2574
f 2578//2578 2465//2465 2575//2575
f 2579//2579 2573//2573 2572//2572
f 2579//2579 2576//2576 2573//2573
f 2579//2579 2572//2572 2473//2473
f 2580//2580 2579//2579 2473//2473
f 2581//2581 2473//2473 2472//2472
f 2581//2581 2580//2580 2473//2473
f 2582//2582 2577//2577 2576//2576
f 2582//2582 2576//2576 2579//2579
f 2582//2582 2579//2579 2580//2580
f 2582//2582 2583//2583 2577//2577
f 2582//2582 2580//2580 2583//2583
f 2584//2584 2574//2574 2564//2564
f 2584//2584 2564//2564 2571//2571
f 2585//2585 2464//2464 2465//2465
f 2585//2585 2465//2465 2578//2578
f 2585//2585 2578//2578 2574//2574
f 2585//2585 2574//2574 2584//2584
f 2586//2586 2464//2464 2585//2585
f 2586//2586 2585//2585 2584//2584
f 2587//2587 2584//2584 2571//2571
f 2587//2587 2571//2571 2577//2577
f 2588//2588 2580//2580 2581//2581
f 2589//2589 2584//2584 2587//2587
f 2589//2589 2464//2464 2586//2586
f 2589//2589 2586//2586 2584//2584
f 2590//2590 2581//2581 2472//2472
f 2590//2590 2588//2588 2581//2581
f 2591//2591 2583//2583 2580//2580
f 2591//2591 2592//2592 2583//2583
f 2591//2591 2580//2580 2588//2588
f 2591//2591 2588//2588 2590//2590
f 2593//2593 2589//2589 2587//2587
f 2593//2593 2464//2464 2589//2589
f 2594//2594 2593//2593 2587//2587
f 2594//2594 2577//2577 2583//2583
f 2594//2594 2587//2587 2577//2577
f 2595//2595 2590//2590 2472//2472
f 2596//2596 2591//2591 2590//2590
f 2596//2596 2592//2592 2591//2591
f 2596//2596 2597//2597 2592//2592
f 2596//2596 2590//2590 2595//2595
f 2598//2598 2595//2595 2472//2472
f 2598//2598 2472//2472 2446//2446
f 2599//2599 2595//2595 2598//2598
f 2600//2600 2464//2464 2593//2593
f 2600//2600 2593//2593 2594//2594
f 2600//2600 2594//2594 2583//2583
f 2601//2601 2596//2596 2595//2595
f 2601//2601 2595//2595 2599//2599
f 2601//2601 2597//2597 2596//2596
f 2601//2601 2602//2602 2597//2597
f 2603//2603 2446//2446 2445//2445
f 2603//2603 2445//2445 2447//2447
f 2603//2603 2598//2598 2446//2446
f 2604//2604 2599//2599 2598//2598
f 2604//2604 2601//2601 2599//2599
f 2604//2604 2598//2598 2603//2603
f 2605//2605 2600//2600 2583//2583
f 2605//2605 2583//2583 2592//2592
f 2606//2606 2464//2464 2600//2600
f 2606//2606 2463//2463 2464//2464
f 2606//2606 2600//2600 2605//2605
f 2607//2607 2604//2604 2603//2603
f 2608//2608 2607//2607 2603//2603
f 2609//2609 2601//2601 2604//2604
f 2609//2609 2602//2602 2601//2601
f 2609//2609 2604//2604 2607//2607
f 2609//2609 2607//2607 2608//2608
f 2609//2609 2610//2610 2602//2602
f 2611//2611 2463//2463 2606//2606
f 2611//2611 2606//2606 2605//2605
f 2612//2612 2608//2608 2603//2603
f 2612//2612 2609//2609 2608//2608
f 2612//2612 2610//2610 2609//2609
f 2612//2612 2613//2613 2610//2610
f 2614//2614 2605//2605 2592//2592
f 2614//2614 2592//2592 2597//2597
f 2615//2615 2612//2612 2603//2603
f 2615//2615 2613//2613 2612//2612
f 2615//2615 2603//2603 2447//2447
f 2616//2616 2605//2605 2614//2614
f 2616//2616 2463//2463 2611//2611
f 2616//2616 2611//2611 2605//2605
f 2617//2617 2615//2615 2447//2447
f 2617//2617 2613//2613 2615//2615
f 2617//2617 2618//2618 2613//2613
f 2619//2619 2614//2614 2597//2597
f 2619//2619 2597//2597 2602//2602
f 2620//2620 2463//2463 2616//2616
f 2620//2620 2616//2616 2614//2614
f 2620//2620 2614//2614 2619//2619
f 2621//2621 2619//2619 2602//2602
f 2621//2621 2602//2602 2610//2610
f 2622//2622 2619//2619 2621//2621
f 2622//2622 2463//2463 2620//2620
f 2622//2622 2620//2620 2619//2619
f 2623//2623 2463//2463 2622//2622
f 2623//2623 2622//2622 2621//2621
f 2624//2624 2447//2447 2449//2449
f 2624//2624 2617//2617 2447//2447
f 2624//2624 2618//2618 2617//2617
f 2624//2624 2625//2625 2618//2618
f 2626//2626 2625//2625 2624//2624
f 2626//2626 2624//2624 2449//2449
f 2627//2627 2628//2628 2625//2625
f 2627//2627 2625//2625 2626//2626
f 2627//2627 2626//2626 2449//2449
f 2629//2629 2630//2630 2628//2628
f 2629//2629 2628//2628 2627//2627
f 2629//2629 2627//2627 2449//2449
f 2631//2631 2621//2621 2610//2610
f 2631//2631 2610//2610 2613//2613
f 2631//2631 2613//2613 2618//2618
f 2632//2632 2462//2462 2463//2463
f 2632//2632 2621//2621 2631//2631
f 2632//2632 2463//2463 2623//2623
f 2632//2632 2623//2623 2621//2621
f 2633//2633 2634//2634 2630//2630
f 2633//2633 2449//2449 2450//2450
f 2633//2633 2450//2450 2515//2515
f 2633//2633 2515//2515 2634//2634
f 2633//2633 2630//2630 2629//2629
f 2633//2633 2629//2629 2449//2449
f 2635//2635 2631//2631 2618//2618
f 2636//2636 2632//2632 2631//2631
f 2636//2636 2462//2462 2632//2632
f 2636//2636 2631//2631 2635//2635
f 2637//2637 2636//2636 2635//2635
f 2637//2637 2462//2462 2636//2636
f 2638//2638 2635//2635 2618//2618
f 2638//2638 2618//2618 2625//2625
f 2639//2639 2637//2637 2635//2635
f 2639//2639 2462//2462 2637//2637
f 2639//2639 2635//2635 2638//2638
f 2640//2640 2638//2638 2625//2625
f 2641//2641 2462//2462 2639//2639
f 2641//2641 2639//2639 2638//2638
f 2641//2641 2638//2638 2640//2640
f 2642//2642 2640//2640 2625//2625
f 2642//2642 2625//2625 2628//2628
f 2642//2642 2628//2628 2630//2630
f 2643//2643 2641//2641 2640//2640
f 2643//2643 2462//2462 2641//2641
f 2644//2644 2640//2640 2642//2642
f 2644//2644 2643//2643 2640//2640
f 2644//2644 2462//2462 2643//2643
f 2645//2645 2461//2461 2462//2462
f 2645//2645 2644//2644 2642//2642
f 2645//2645 2462//2462 2644//2644
f 2646//2646 2630//2630 2634//2634
f 2646//2646 2461//2461 2645//2645
f 2646//2646 2634//2634 2515//2515
f 2646//2646 2515//2515 2461//2461
f 2646//2646 2642//2642 2630//2630
f 2646//2646 2645//2645 2642//2642
f 2649//2649 2648//2648 2650//2650
f 2648//2648 2651//2651 2650//2650
f 2678//2678 2677//2677 2689//2689
f 2688//2688 2689//2689 2677//2677
f 2647//2647 2703//2703 2648//2648
f 2651//2651 2704//2704 2652//2652
f 2702//2702 2704//2704 2647//2647
f 2703//2703 2704//2704 2648//2648
f 2647//2647 2704//2704 2703//2703
f 2648//2648 2704//2704 2651//2651
f 2652//2652 2705//2705 2653//2653
f 2704//2704 2705//2705 2652//2652
f 2702//2702 2705//2705 2704//2704
f 2705//2705 2706//2706 2653//2653
f 2702//2702 2706//2706 2705//2705
f 2653//2653 2707//2707 2654//2654
f 2701//2701 2707//2707 2702//2702
f 2702//2702 2707//2707 2706//2706
f 2706//2706 2707//2707 2653//2653
f 2654//2654 2708//2708 2655//2655
f 2655//2655 2708//2708 2656//2656
f 2707//2707 2708//2708 2654//2654
f 2701//2701 2708//2708 2707//2707
f 2656//2656 2709//2709 2657//2657
f 2708//2708 2709//2709 2656//2656
f 2701//2701 2709//2709 2708//2708
f 2709//2709 2710//2710 2657//2657
f 2701//2701 2710//2710 2709//2709
f 2700//2700 2710//2710 2701//2701
f 2657//2657 2711//2711 2658//2658
f 2710//2710 2711//2711 2657//2657
f 2700//2700 2711//2711 2710//2710
f 2658//2658 2712//2712 2659//2659
f 2659//2659 2712//2712 2660//2660
f 2660//2660 2712//2712 2661//2661
f 2711//2711 2712//2712 2658//2658
f 2700//2700 2712//2712 2711//2711
f 2661//2661 2713//2713 2662//2662
f 2699//2699 2713//2713 2700//2700
f 2712//2712 2713//2713 2661//2661
f 2700//2700 2713//2713 2712//2712
f 2662//2662 2714//2714 2663//2663
f 2699//2699 2714//2714 2713//2713
f 2713//2713 2714//2714 2662//2662
f 2699//2699 2715//2715 2714//2714
f 2663//2663 2715//2715 2664//2664
f 2714//2714 2715//2715 2663//2663
f 2664//2664 2716//2716 2665//2665
f 2665//2665 2716//2716 2666//2666
f 2715//2715 2716//2716 2664//2664
f 2716//2716 2717//2717 2666//2666
f 2719//2719 2718//2718 2687//2687
f 2693//2693 2718//2718 2719//2719
f 2687//2687 2718//2718 2686//2686
f 2692//2692 2718//2718 2693//2693
f 2718//2718 2720//2720 2686//2686
f 2692//2692 2720//2720 2718//2718
f 2686//2686 2720//2720 2685//2685
f 2720//2720 2721//2721 2685//2685
f 2692//2692 2721//2721 2720//2720
f 2721//2721 2722//2722 2685//2685
f 2692//2692 2722//2722 2721//2721
f 2685//2685 2722//2722 2684//2684
f 2722//2722 2723//2723 2684//2684
f 2691//2691 2723//2723 2692//2692
f 2692//2692 2723//2723 2722//2722
f 2723//2723 2724//2724 2684//2684
f 2691//2691 2724//2724 2723//2723
f 2684//2684 2724//2724 2683//2683
f 2724//2724 2725//2725 2683//2683
f 2683//2683 2725//2725 2682//2682
f 2691//2691 2725//2725 2724//2724
f 2725//2725 2726//2726 2682//2682
f 2691//2691 2726//2726 2725//2725
f 2682//2682 2727//2727 2681//2681
f 2691//2691 2727//2727 2726//2726
f 2726//2726 2727//2727 2682//2682
f 2681//2681 2728//2728 2680//2680
f 2727//2727 2728//2728 2681//2681
f 2728//2728 2729//2729 2680//2680
f 2680//2680 2730//2730 2679//2679
f 2729//2729 2730//2730 2680//2680
f 2666//2666 2731//2731 2667//2667
f 2667//2667 2731//2731 2668//2668
f 2717//2717 2731//2731 2666//2666
f 2732//2732 2731//2731 2733//2733
f 2733//2733 2731//2731 2717//2717
f 2731//2731 2734//2734 2668//2668
f 2735//2735 2734//2734 2732//2732
f 2668//2668 2734//2734 2669//2669
f 2732//2732 2734//2734 2731//2731
f 2699//2699 2736//2736 2715//2715
f 2715//2715 2736//2736 2716//2716
f 2716//2716 2736//2736 2717//2717
f 2734//2734 2737//2737 2669//2669
f 2737//2737 2738//2738 2669//2669
f 2669//2669 2738//2738 2670//2670
f 2670//2670 2739//2739 2671//2671
f 2738//2738 2739//2739 2670//2670
f 2738//2738 2740//2740 2739//2739
f 2742//2742 2741//2741 2735//2735
f 2735//2735 2741//2741 2734//2734
f 2737//2737 2741//2741 2738//2738
f 2734//2734 2741//2741 2737//2737
f 2738//2738 2741//2741 2740//2740
f 2740//2740 2743//2743 2739//2739
f 2741//2741 2743//2743 2740//2740
f 2699//2699 2744//2744 2736//2736
f 2698//2698 2744//2744 2699//2699
f 2736//2736 2744//2744 2717//2717
f 2744//2744 2745//2745 2717//2717
f 2717//2717 2745//2745 2733//2733
f 2671//2671 2746//2746 2672//2672
f 2739//2739 2746//2746 2671//2671
f 2743//2743 2746//2746 2739//2739
f 2698//2698 2747//2747 2744//2744
f 2744//2744 2747//2747 2745//2745
f 2745//2745 2748//2748 2733//2733
f 2733//2733 2748//2748 2732//2732
f 2743//2743 2749//2749 2746//2746
f 2742//2742 2750//2750 2741//2741
f 2741//2741 2750//2750 2743//2743
f 2743//2743 2750//2750 2749//2749
f 2751//2751 2750//2750 2742//2742
f 2732//2732 2752//2752 2735//2735
f 2748//2748 2752//2752 2732//2732
f 2672//2672 2753//2753 2673//2673
f 2746//2746 2753//2753 2672//2672
f 2698//2698 2754//2754 2747//2747
f 2747//2747 2754//2754 2745//2745
f 2745//2745 2754//2754 2748//2748
f 2746//2746 2755//2755 2753//2753
f 2749//2749 2755//2755 2746//2746
f 2750//2750 2755//2755 2749//2749
f 2751//2751 2755//2755 2750//2750
f 2754//2754 2756//2756 2748//2748
f 2748//2748 2756//2756 2752//2752
f 2698//2698 2756//2756 2754//2754
f 2735//2735 2757//2757 2742//2742
f 2752//2752 2757//2757 2735//2735
f 2698//2698 2758//2758 2756//2756
f 2752//2752 2758//2758 2757//2757
f 2756//2756 2758//2758 2752//2752
f 2755//2755 2759//2759 2753//2753
f 2698//2698 2760//2760 2758//2758
f 2758//2758 2760//2760 2757//2757
f 2753//2753 2761//2761 2673//2673
f 2759//2759 2761//2761 2753//2753
f 2751//2751 2762//2762 2755//2755
f 2755//2755 2762//2762 2759//2759
f 2763//2763 2762//2762 2751//2751
f 2759//2759 2762//2762 2761//2761
f 2761//2761 2764//2764 2673//2673
f 2673//2673 2764//2764 2674//2674
f 2765//2765 2764//2764 2761//2761
f 2763//2763 2766//2766 2762//2762
f 2762//2762 2766//2766 2761//2761
f 2761//2761 2766//2766 2765//2765
f 2767//2767 2766//2766 2763//2763
f 2742//2742 2768//2768 2751//2751
f 2757//2757 2769//2769 2742//2742
f 2742//2742 2769//2769 2768//2768
f 2698//2698 2769//2769 2760//2760
f 2760//2760 2769//2769 2757//2757
f 2697//2697 2769//2769 2698//2698
f 2769//2769 2770//2770 2768//2768
f 2697//2697 2770//2770 2769//2769
f 2764//2764 2771//2771 2674//2674
f 2765//2765 2771//2771 2764//2764
f 2766//2766 2771//2771 2765//2765
f 2751//2751 2772//2772 2763//2763
f 2768//2768 2772//2772 2751//2751
f 2771//2771 2773//2773 2674//2674
f 2770//2770 2774//2774 2768//2768
f 2697//2697 2774//2774 2770//2770
f 2768//2768 2774//2774 2772//2772
f 2776//2776 2775//2775 2767//2767
f 2767//2767 2775//2775 2766//2766
f 2766//2766 2775//2775 2771//2771
f 2771//2771 2775//2775 2773//2773
f 2773//2773 2777//2777 2674//2674
f 2674//2674 2778//2778 2675//2675
f 2777//2777 2778//2778 2674//2674
f 2772//2772 2779//2779 2763//2763
f 2763//2763 2779//2779 2767//2767
f 2697//2697 2780//2780 2774//2774
f 2774//2774 2780//2780 2772//2772
f 2772//2772 2780//2780 2779//2779
f 2773//2773 2781//2781 2777//2777
f 2776//2776 2781//2781 2775//2775
f 2775//2775 2781//2781 2773//2773
f 2782//2782 2781//2781 2776//2776
f 2697//2697 2783//2783 2780//2780
f 2780//2780 2783//2783 2779//2779
f 2778//2778 2784//2784 2675//2675
f 2781//2781 2784//2784 2777//2777
f 2777//2777 2784//2784 2778//2778
f 2782//2782 2784//2784 2781//2781
f 2784//2784 2785//2785 2675//2675
f 2787//2787 2786//2786 2782//2782
f 2782//2782 2786//2786 2784//2784
f 2784//2784 2786//2786 2785//2785
f 2767//2767 2788//2788 2776//2776
f 2779//2779 2788//2788 2767//2767
f 2696//2696 2789//2789 2697//2697
f 2779//2779 2789//2789 2788//2788
f 2697//2697 2789//2789 2783//2783
f 2783//2783 2789//2789 2779//2779
f 2785//2785 2790//2790 2675//2675
f 2675//2675 2791//2791 2676//2676
f 2790//2790 2791//2791 2675//2675
f 2696//2696 2792//2792 2789//2789
f 2789//2789 2792//2792 2788//2788
f 2788//2788 2793//2793 2776//2776
f 2776//2776 2793//2793 2782//2782
f 2785//2785 2794//2794 2790//2790
f 2787//2787 2794//2794 2786//2786
f 2795//2795 2794//2794 2787//2787
f 2786//2786 2794//2794 2785//2785
f 2792//2792 2796//2796 2788//2788
f 2696//2696 2796//2796 2792//2792
f 2788//2788 2796//2796 2793//2793
f 2796//2796 2797//2797 2793//2793
f 2696//2696 2797//2797 2796//2796
f 2793//2793 2798//2798 2782//2782
f 2797//2797 2798//2798 2793//2793
f 2782//2782 2798//2798 2787//2787
f 2790//2790 2799//2799 2791//2791
f 2791//2791 2799//2799 2676//2676
f 2799//2799 2800//2800 2676//2676
f 2790//2790 2801//2801 2799//2799
f 2795//2795 2801//2801 2794//2794
f 2799//2799 2801//2801 2800//2800
f 2802//2802 2801//2801 2795//2795
f 2794//2794 2801//2801 2790//2790
f 2797//2797 2803//2803 2798//2798
f 2696//2696 2803//2803 2797//2797
f 2798//2798 2803//2803 2787//2787
f 2800//2800 2804//2804 2676//2676
f 2804//2804 2805//2805 2676//2676
f 2676//2676 2805//2805 2677//2677
f 2800//2800 2806//2806 2804//2804
f 2801//2801 2806//2806 2800//2800
f 2802//2802 2806//2806 2801//2801
f 2807//2807 2806//2806 2802//2802
f 2803//2803 2808//2808 2787//2787
f 2787//2787 2808//2808 2795//2795
f 2804//2804 2809//2809 2805//2805
f 2805//2805 2809//2809 2677//2677
f 2803//2803 2810//2810 2808//2808
f 2695//2695 2810//2810 2696//2696
f 2696//2696 2810//2810 2803//2803
f 2810//2810 2811//2811 2808//2808
f 2695//2695 2811//2811 2810//2810
f 2809//2809 2812//2812 2677//2677
f 2808//2808 2813//2813 2795//2795
f 2795//2795 2813//2813 2802//2802
f 2806//2806 2814//2814 2804//2804
f 2804//2804 2814//2814 2809//2809
f 2807//2807 2814//2814 2806//2806
f 2809//2809 2814//2814 2812//2812
f 2815//2815 2814//2814 2807//2807
f 2816//2816 2814//2814 2815//2815
f 2814//2814 2817//2817 2812//2812
f 2812//2812 2817//2817 2677//2677
f 2816//2816 2817//2817 2814//2814
f 2808//2808 2818//2818 2813//2813
f 2695//2695 2818//2818 2811//2811
f 2811//2811 2818//2818 2808//2808
f 2817//2817 2819//2819 2677//2677
f 2816//2816 2819//2819 2817//2817
f 2813//2813 2820//2820 2802//2802
f 2802//2802 2820//2820 2807//2807
f 2818//2818 2821//2821 2813//2813
f 2695//2695 2821//2821 2818//2818
f 2813//2813 2821//2821 2820//2820
f 2820//2820 2822//2822 2807//2807
f 2807//2807 2822//2822 2815//2815
f 2688//2688 2823//2823 2824//2824
f 2824//2824 2823//2823 2825//2825
f 2677//2677 2823//2823 2688//2688
f 2819//2819 2823//2823 2677//2677
f 2820//2820 2826//2826 2822//2822
f 2821//2821 2826//2826 2820//2820
f 2695//2695 2826//2826 2821//2821
f 2828//2828 2827//2827 2816//2816
f 2825//2825 2827//2827 2828//2828
f 2816//2816 2827//2827 2819//2819
f 2823//2823 2827//2827 2825//2825
f 2819//2819 2827//2827 2823//2823
f 2695//2695 2829//2829 2826//2826
f 2826//2826 2829//2829 2822//2822
f 2816//2816 2830//2830 2828//2828
f 2822//2822 2830//2830 2815//2815
f 2815//2815 2830//2830 2816//2816
f 2694//2694 2831//2831 2695//2695
f 2829//2829 2831//2831 2822//2822
f 2695//2695 2831//2831 2829//2829
f 2822//2822 2831//2831 2830//2830
f 2830//2830 2832//2832 2828//2828
f 2830//2830 2833//2833 2832//2832
f 2694//2694 2833//2833 2831//2831
f 2831//2831 2833//2833 2830//2830
f 2833//2833 2834//2834 2832//2832
f 2694//2694 2834//2834 2833//2833
f 2828//2828 2835//2835 2825//2825
f 2832//2832 2835//2835 2828//2828
f 2832//2832 2836//2836 2835//2835
f 2834//2834 2836//2836 2832//2832
f 2694//2694 2836//2836 2834//2834
f 2824//2824 2837//2837 2688//2688
f 2838//2838 2837//2837 2824//2824
f 2839//2839 2837//2837 2838//2838
f 2687//2687 2837//2837 2719//2719
f 2719//2719 2837//2837 2839//2839
f 2688//2688 2837//2837 2687//2687
f 2835//2835 2840//2840 2825//2825
f 2835//2835 2841//2841 2840//2840
f 2836//2836 2841//2841 2835//2835
f 2694//2694 2841//2841 2836//2836
f 2824//2824 2842//2842 2838//2838
f 2840//2840 2842//2842 2825//2825
f 2825//2825 2842//2842 2824//2824
f 2841//2841 2843//2843 2840//2840
f 2694//2694 2843//2843 2841//2841
f 2840//2840 2844//2844 2842//2842
f 2843//2843 2844//2844 2840//2840
f 2694//2694 2844//2844 2843//2843
f 2844//2844 2845//2845 2842//2842
f 2694//2694 2845//2845 2844//2844
f 2693//2693 2845//2845 2694//2694
f 2842//2842 2846//2846 2838//2838
f 2838//2838 2846//2846 2839//2839
f 2719//2719 2846//2846 2693//2693
f 2839//2839 2846//2846 2719//2719
f 2845//2845 2846//2846 2842//2842
f 2693//2693 2846//2846 2845//2845
f 2691//2691 2847//2847 2727//2727
f 2727//2727 2847//2847 2728//2728
f 2728//2728 2847//2847 2729//2729
f 2729//2729 2847//2847 2730//2730
f 2847//2847 2848//2848 2730//2730
f 2848//2848 2849//2849 2730//2730
f 2730//2730 2849//2849 2679//2679
f 2847//2847 2850//2850 2848//2848
f 2848//2848 2850//2850 2849//2849
f 2691//2691 2850//2850 2847//2847
f 2850//2850 2851//2851 2849//2849
f 2849//2849 2852//2852 2679//2679
f 2851//2851 2852//2852 2849//2849
f 2691//2691 2853//2853 2850//2850
f 2850//2850 2853//2853 2851//2851
f 2851//2851 2853//2853 2852//2852
f 2853//2853 2854//2854 2852//2852
f 2852//2852 2855//2855 2679//2679
f 2854//2854 2855//2855 2852//2852
f 2691//2691 2856//2856 2853//2853
f 2853//2853 2856//2856 2854//2854
f 2854//2854 2856//2856 2855//2855
f 2856//2856 2857//2857 2855//2855
f 2679//2679 2858//2858 2690//2690
f 2855//2855 2858//2858 2679//2679
f 2857//2857 2858//2858 2855//2855
f 2690//2690 2859//2859 2691//2691
f 2691//2691 2859//2859 2856//2856
f 2856//2856 2859//2859 2857//2857
f 2857//2857 2859//2859 2858//2858
f 2690//2690 2860//2860 2859//2859
f 2858//2858 2860//2860 2690//2690
f 2859//2859 2860//2860 2858//2858
f 2891//2891 2890//2890 2889//2889
f 2891//2891 2889//2889 2899//2899
f 2891//2891 2899//2899 2892//2892
f 2892//2892 2899//2899 2893//2893
f 2893//2893 2899//2899 2894//2894
f 2894//2894 2899//2899 2895//2895
f 2895//2895 2899//2899 2896//2896
f 2896//2896 2899//2899 2897//2897
f 2897//2897 2899//2899 2898//2898
f 2925//2925 2903//2903 2902//2902
f 2904//2904 2903//2903 2925//2925
f 2924//2924 2904//2904 2925//2925
f 2939//2939 2908//2908 2907//2907
f 2939//2939 2909//2909 2908//2908
f 2940//2940 2939//2939 2907//2907
f 2938//2938 2911//2911 2910//2910
f 2937//2937 2911//2911 2938//2938
f 2928//2928 2958//2958 2929//2929
f 2927//2927 2958//2958 2928//2928
f 2926//2926 2958//2958 2927//2927
f 2959//2959 2905//2905 2904//2904
f 2959//2959 2906//2906 2905//2905
f 2959//2959 2907//2907 2906//2906
f 2959//2959 2922//2922 2921//2921
f 2959//2959 2923//2923 2922//2922
f 2959//2959 2924//2924 2923//2923
f 2959//2959 2941//2941 2940//2940
f 2959//2959 2942//2942 2941//2941
f 2959//2959 2943//2943 2942//2942
f 2959//2959 2904//2904 2924//2924
f 2959//2959 2940//2940 2907//2907
f 2960//2960 2944//2944 2943//2943
f 2960//2960 2945//2945 2944//2944
f 2960//2960 2946//2946 2945//2945
f 2960//2960 2943//2943 2959//2959
f 2960//2960 2959//2959 2921//2921
f 2961//2961 2933//2933 2932//2932
f 2962//2962 2920//2920 2919//2919
f 2962//2962 2921//2921 2920//2920
f 2962//2962 2963//2963 2960//2960
f 2962//2962 2960//2960 2921//2921
f 2964//2964 2919//2919 2918//2918
f 2964//2964 2962//2962 2919//2919
f 2964//2964 2963//2963 2962//2962
f 2965//2965 2946//2946 2960//2960
f 2965//2965 2947//2947 2946//2946
f 2965//2965 2960//2960 2963//2963
f 2966//2966 2918//2918 2917//2917
f 2966//2966 2964//2964 2918//2918
f 2967//2967 2947//2947 2965//2965
f 2967//2967 2948//2948 2947//2947
f 2967//2967 2965//2965 2963//2963
f 2968//2968 2917//2917 2916//2916
f 2968//2968 2969//2969 2966//2966
f 2968//2968 2966//2966 2917//2917
f 2970//2970 2949//2949 2948//2948
f 2970//2970 2948//2948 2967//2967
f 2971//2971 2949//2949 2970//2970
f 2971//2971 2950//2950 2949//2949
f 2971//2971 2970//2970 2969//2969
f 2972//2972 2916//2916 2915//2915
f 2972//2972 2968//2968 2916//2916
f 2973//2973 2971//2971 2969//2969
f 2973//2973 2950//2950 2971//2971
f 2974//2974 2975//2975 2972//2972
f 2974//2974 2972//2972 2915//2915
f 2976//2976 2951//2951 2950//2950
f 2976//2976 2950//2950 2973//2973
f 2977//2977 2915//2915 2914//2914
f 2977//2977 2974//2974 2915//2915
f 2978//2978 2951//2951 2976//2976
f 2978//2978 2952//2952 2951//2951
f 2979//2979 2977//2977 2914//2914
f 2979//2979 2914//2914 2913//2913
f 2980//2980 2978//2978 2975//2975
f 2980//2980 2952//2952 2978//2978
f 2981//2981 2953//2953 2952//2952
f 2981//2981 2952//2952 2980//2980
f 2982//2982 2979//2979 2913//2913
f 2982//2982 2983//2983 2979//2979
f 2984//2984 2953//2953 2981//2981
f 2984//2984 2954//2954 2953//2953
f 2985//2985 2913//2913 2912//2912
f 2985//2985 2982//2982 2913//2913
f 2986//2986 2984//2984 2983//2983
f 2986//2986 2954//2954 2984//2984
f 2987//2987 2985//2985 2912//2912
f 2988//2988 2986//2986 2983//2983
f 2988//2988 2955//2955 2954//2954
f 2988//2988 2954//2954 2986//2986
f 2989//2989 2912//2912 2911//2911
f 2989//2989 2934//2934 2933//2933
f 2989//2989 2935//2935 2934//2934
f 2989//2989 2936//2936 2935//2935
f 2989//2989 2937//2937 2936//2936
f 2989//2989 2911//2911 2937//2937
f 2989//2989 2987//2987 2912//2912
f 2989//2989 2933//2933 2961//2961
f 2989//2989 2961//2961 2987//2987
f 2990//2990 2956//2956 2955//2955
f 2990//2990 2955//2955 2988//2988
f 2991//2991 2956//2956 2990//2990
f 2991//2991 2990//2990 2961//2961
f 2992//2992 2991//2991 2961//2961
f 2992//2992 2930//2930 2929//2929
f 2992//2992 2931//2931 2930//2930
f 2992//2992 2932//2932 2931//2931
f 2992//2992 2957//2957 2956//2956
f 2992//2992 2958//2958 2957//2957
f 2992//2992 2929//2929 2958//2958
f 2992//2992 2961//2961 2932//2932
f 2992//2992 2956//2956 2991//2991
f 2993//2993 2970//2970 2967//2967
f 2993//2993 2963//2963 2964//2964
f 2993//2993 2966//2966 2969//2969
f 2993//2993 2967//2967 2963//2963
f 2993//2993 2969//2969 2970//2970
f 2993//2993 2964//2964 2966//2966
f 2994//2994 2973//2973 2969//2969
f 2994//2994 2976//2976 2973//2973
f 2994//2994 2969//2969 2968//2968
f 2995//2995 2976//2976 2994//2994
f 2995//2995 2994//2994 2968//2968
f 2995//2995 2975//2975 2978//2978
f 2995//2995 2968//2968 2972//2972
f 2995//2995 2972//2972 2975//2975
f 2995//2995 2978//2978 2976//2976
f 2996//2996 2974//2974 2977//2977
f 2996//2996 2977//2977 2979//2979
f 2996//2996 2983//2983 2984//2984
f 2996//2996 2975//2975 2974//2974
f 2996//2996 2979//2979 2983//2983
f 2996//2996 2981//2981 2980//2980
f 2996//2996 2984//2984 2981//2981
f 2996//2996 2980//2980 2975//2975
f 2997//2997 2990//2990 2988//2988
f 2997//2997 2988//2988 2983//2983
f 2997//2997 2983//2983 2982//2982
f 2997//2997 2982//2982 2985//2985
f 2998//2998 2997//2997 2985//2985
f 2998//2998 2961//2961 2990//2990
f 2998//2998 2985//2985 2987//2987
f 2998//2998 2987//2987 2961//2961
f 2998//2998 2990//2990 2997//2997
f 3004//3004 3023//3023 3005//3005
f 3024//3024 3023//3023 3004//3004
f 3006//3006 3000//3000 2999//2999
f 3007//3007 3000//3000 3006//3006
f 3021//3021 3033//3033 3032//3032
f 3021//3021 3022//3022 3033//3033
f 3018//3018 3019//3019 3017//3017
f 3034//3034 3028//3028 3027//3027
f 3034//3034 3029//3029 3028//3028
f 3035//3035 3030//3030 3029//3029
f 3035//3035 3029//3029 3034//3034
f 3035//3035 3034//3034 3027//3027
f 3036//3036 3010//3010 3011//3011
f 3036//3036 3011//3011 3012//3012
f 3037//3037 3003//3003 3002//3002
f 3037//3037 3004//3004 3003//3003
f 3037//3037 3025//3025 3024//3024
f 3037//3037 3026//3026 3025//3025
f 3037//3037 3027//3027 3026//3026
f 3037//3037 3035//3035 3027//3027
f 3037//3037 3024//3024 3004//3004
f 3038//3038 3037//3037 3002//3002
f 3038//3038 3035//3035 3037//3037
f 3039//3039 3002//3002 3001//3001
f 3039//3039 3035//3035 3038//3038
f 3039//3039 3036//3036 3035//3035
f 3039//3039 3038//3038 3002//3002
f 3040//3040 3001//3001 3000//3000
f 3040//3040 3007//3007 3008//3008
f 3040//3040 3008//3008 3009//3009
f 3040//3040 3009//3009 3010//3010
f 3040//3040 3039//3039 3001//3001
f 3040//3040 3000//3000 3007//3007
f 3040//3040 3010//3010 3036//3036
f 3040//3040 3036//3036 3039//3039
f 3041//3041 3020//3020 3021//3021
f 3041//3041 3031//3031 3030//3030
f 3041//3041 3032//3032 3031//3031
f 3041//3041 3030//3030 3035//3035
f 3041//3041 3021//3021 3032//3032
f 3042//3042 3019//3019 3020//3020
f 3042//3042 3020//3020 3041//3041
f 3042//3042 3035//3035 3036//3036
f 3042//3042 3041//3041 3035//3035
f 3043//3043 3012//3012 3013//3013
f 3043//3043 3013//3013 3014//3014
f 3043//3043 3014//3014 3015//3015
f 3043//3043 3036//3036 3012//3012
f 3044//3044 3017//3017 3019//3019
f 3044//3044 3015//3015 3016//3016
f 3044//3044 3016//3016 3017//3017
f 3044//3044 3042//3042 3036//3036
f 3044//3044 3019//3019 3042//3042
f 3044//3044 3043//3043 3015//3015
f 3044//3044 3036//3036 3043//3043
f 3098//3098 3070//3070 3069//3069
f 3098//3098 3071//3071 3070//3070
f 3054//3054 3081//3081 3080//3080
f 3054//3054 3053//3053 3081//3081
f 3046//3046 3082//3082 3045//3045
f 3047//3047 3083//3083 3082//3082
f 3047//3047 3082//3082 3046//3046
f 3068//3068 3067//3067 3050//3050
f 3051//3051 3068//3068 3050//3050
f 3052//3052 3068//3068 3051//3051
f 3099//3099 3076//3076 3075//3075
f 3100//3100 3064//3064 3063//3063
f 3100//3100 3087//3087 3086//3086
f 3101//3101 3064//3064 3100//3100
f 3101//3101 3047//3047 3048//3048
f 3101//3101 3048//3048 3049//3049
f 3101//3101 3049//3049 3050//3050
f 3101//3101 3100//3100 3086//3086
f 3101//3101 3065//3065 3064//3064
f 3101//3101 3066//3066 3065//3065
f 3101//3101 3067//3067 3066//3066
f 3101//3101 3084//3084 3083//3083
f 3101//3101 3085//3085 3084//3084
f 3101//3101 3086//3086 3085//3085
f 3101//3101 3083//3083 3047//3047
f 3101//3101 3050//3050 3067//3067
f 3102//3102 3072//3072 3071//3071
f 3102//3102 3073//3073 3072//3072
f 3102//3102 3074//3074 3073//3073
f 3102//3102 3075//3075 3074//3074
f 3102//3102 3099//3099 3075//3075
f 3102//3102 3098//3098 3097//3097
f 3102//3102 3071//3071 3098//3098
f 3103//3103 3099//3099 3102//3102
f 3103//3103 3102//3102 3097//3097
f 3104//3104 3097//3097 3096//3096
f 3104//3104 3103//3103 3097//3097
f 3105//3105 3055//3055 3054//3054
f 3105//3105 3077//3077 3076//3076
f 3105//3105 3078//3078 3077//3077
f 3105//3105 3079//3079 3078//3078
f 3105//3105 3080//3080 3079//3079
f 3105//3105 3076//3076 3099//3099
f 3105//3105 3054//3054 3080//3080
f 3106//3106 3104//3104 3096//3096
f 3107//3107 3105//3105 3099//3099
f 3107//3107 3055//3055 3105//3105
f 3108//3108 3096//3096 3095//3095
f 3108//3108 3106//3106 3096//3096
f 3108//3108 3109//3109 3106//3106
f 3110//3110 3056//3056 3055//3055
f 3110//3110 3055//3055 3107//3107
f 3111//3111 3108//3108 3095//3095
f 3111//3111 3095//3095 3094//3094
f 3112//3112 3056//3056 3110//3110
f 3113//3113 3111//3111 3094//3094
f 3114//3114 3057//3057 3056//3056
f 3114//3114 3112//3112 3109//3109
f 3114//3114 3056//3056 3112//3112
f 3115//3115 3094//3094 3093//3093
f 3115//3115 3113//3113 3094//3094
f 3115//3115 3116//3116 3113//3113
f 3117//3117 3058//3058 3057//3057
f 3117//3117 3057//3057 3114//3114
f 3118//3118 3093//3093 3092//3092
f 3118//3118 3115//3115 3093//3093
f 3119//3119 3058//3058 3117//3117
f 3119//3119 3117//3117 3116//3116
f 3120//3120 3092//3092 3091//3091
f 3120//3120 3118//3118 3092//3092
f 3120//3120 3121//3121 3118//3118
f 3122//3122 3059//3059 3058//3058
f 3122//3122 3058//3058 3119//3119
f 3123//3123 3060//3060 3059//3059
f 3123//3123 3059//3059 3122//3122
f 3124//3124 3091//3091 3090//3090
f 3124//3124 3120//3120 3091//3091
f 3125//3125 3060//3060 3123//3123
f 3125//3125 3123//3123 3121//3121
f 3126//3126 3090//3090 3089//3089
f 3126//3126 3124//3124 3090//3090
f 3126//3126 3127//3127 3124//3124
f 3128//3128 3061//3061 3060//3060
f 3128//3128 3060//3060 3125//3125
f 3128//3128 3125//3125 3121//3121
f 3129//3129 3100//3100 3127//3127
f 3129//3129 3087//3087 3100//3100
f 3129//3129 3088//3088 3087//3087
f 3129//3129 3089//3089 3088//3088
f 3129//3129 3126//3126 3089//3089
f 3129//3129 3127//3127 3126//3126
f 3130//3130 3061//3061 3128//3128
f 3131//3131 3100//3100 3063//3063
f 3131//3131 3127//3127 3100//3100
f 3131//3131 3062//3062 3061//3061
f 3131//3131 3063//3063 3062//3062
f 3131//3131 3061//3061 3130//3130
f 3131//3131 3130//3130 3127//3127
f 3132//3132 3107//3107 3099//3099
f 3132//3132 3109//3109 3112//3112
f 3132//3132 3112//3112 3110//3110
f 3132//3132 3103//3103 3104//3104
f 3132//3132 3104//3104 3106//3106
f 3132//3132 3110//3110 3107//3107
f 3132//3132 3099//3099 3103//3103
f 3132//3132 3106//3106 3109//3109
f 3133//3133 3111//3111 3113//3113
f 3133//3133 3108//3108 3111//3111
f 3133//3133 3109//3109 3108//3108
f 3133//3133 3116//3116 3117//3117
f 3133//3133 3117//3117 3114//3114
f 3133//3133 3114//3114 3109//3109
f 3133//3133 3113//3113 3116//3116
f 3134//3134 3116//3116 3115//3115
f 3134//3134 3119//3119 3116//3116
f 3134//3134 3122//3122 3119//3119
f 3135//3135 3122//3122 3134//3134
f 3135//3135 3118//3118 3121//3121
f 3135//3135 3134//3134 3115//3115
f 3135//3135 3115//3115 3118//3118
f 3135//3135 3123//3123 3122//3122
f 3135//3135 3121//3121 3123//3123
f 3136//3136 3121//3121 3120//3120
f 3136//3136 3120//3120 3124//3124
f 3136//3136 3124//3124 3127//3127
f 3136//3136 3128//3128 3121//3121
f 3136//3136 3127//3127 3130//3130
f 3136//3136 3130//3130 3128//3128
f 3170//3170 3165//3165 3166//3166
f 3164//3164 3165//3165 3170//3170
f 3138//3138 3167//3167 3137//3137
f 3139//3139 3167//3167 3138//3138
f 3152//3152 3153//3153 3154//3154
f 3148//3148 3150//3150 3147//3147
f 3149//3149 3150//3150 3148//3148
f 3171//3171 3159//3159 3160//3160
f 3171//3171 3160//3160 3161//3161
f 3172//3172 3141//3141 3142//3142
f 3172//3172 3142//3142 3143//3143
f 3172//3172 3143//3143 3144//3144
f 3172//3172 3144//3144 3145//3145
f 3173//3173 3161//3161 3162//3162
f 3173//3173 3162//3162 3163//3163
f 3173//3173 3163//3163 3164//3164
f 3173//3173 3170//3170 3169//3169
f 3173//3173 3171//3171 3161//3161
f 3173//3173 3164//3164 3170//3170
f 3174//3174 3169//3169 3168//3168
f 3174//3174 3171//3171 3173//3173
f 3174//3174 3173//3173 3169//3169
f 3174//3174 3172//3172 3171//3171
f 3175//3175 3139//3139 3140//3140
f 3175//3175 3140//3140 3141//3141
f 3175//3175 3168//3168 3167//3167
f 3175//3175 3174//3174 3168//3168
f 3175//3175 3167//3167 3139//3139
f 3175//3175 3141//3141 3172//3172
f 3175//3175 3172//3172 3174//3174
f 3176//3176 3159//3159 3171//3171
f 3176//3176 3156//3156 3157//3157
f 3176//3176 3157//3157 3158//3158
f 3176//3176 3158//3158 3159//3159
f 3177//3177 3154//3154 3155//3155
f 3177//3177 3155//3155 3156//3156
f 3177//3177 3156//3156 3176//3176
f 3177//3177 3152//3152 3154//3154
f 3177//3177 3176//3176 3171//3171
f 3178//3178 3151//3151 3152//3152
f 3178//3178 3152//3152 3177//3177
f 3178//3178 3177//3177 3171//3171
f 3178//3178 3171//3171 3172//3172
f 3179//3179 3147//3147 3150//3150
f 3179//3179 3145//3145 3146//3146
f 3179//3179 3146//3146 3147//3147
f 3179//3179 3150//3150 3151//3151
f 3179//3179 3178//3178 3172//3172
f 3179//3179 3172//3172 3145//3145
f 3179//3179 3151//3151 3178//3178
f 3216//3216 3219//3219 3215//3215
f 3218//3218 3219//3219 3216//3216
f 3215//3215 3220//3220 3214//3214
f 3219//3219 3220//3220 3215//3215
f 3214//3214 3221//3221 3213//3213
f 3220//3220 3221//3221 3214//3214
f 3213//3213 3222//3222 3212//3212
f 3221//3221 3222//3222 3213//3213
f 3212//3212 3223//3223 3211//3211
f 3222//3222 3223//3223 3212//3212
f 3223//3223 3224//3224 3211//3211
f 3211//3211 3224//3224 3210//3210
f 3224//3224 3225//3225 3210//3210
f 3210//3210 3225//3225 3209//3209
f 3225//3225 3226//3226 3209//3209
f 3209//3209 3226//3226 3208//3208
f 3226//3226 3227//3227 3208//3208
f 3208//3208 3227//3227 3207//3207
f 3227//3227 3228//3228 3207//3207
f 3207//3207 3228//3228 3206//3206
f 3228//3228 3229//3229 3206//3206
f 3206//3206 3229//3229 3205//3205
f 3205//3205 3230//3230 3204//3204
f 3229//3229 3230//3230 3205//3205
f 3204//3204 3231//3231 3203//3203
f 3230//3230 3231//3231 3204//3204
f 3231//3231 3232//3232 3203//3203
f 3203//3203 3232//3232 3202//3202
f 3202//3202 3233//3233 3201//3201
f 3232//3232 3233//3233 3202//3202
f 3201//3201 3234//3234 3200//3200
f 3233//3233 3234//3234 3201//3201
f 3200//3200 3235//3235 3199//3199
f 3234//3234 3235//3235 3200//3200
f 3199//3199 3236//3236 3198//3198
f 3235//3235 3236//3236 3199//3199
f 3198//3198 3237//3237 3197//3197
f 3236//3236 3237//3237 3198//3198
f 3197//3197 3238//3238 3196//3196
f 3237//3237 3238//3238 3197//3197
f 3196//3196 3239//3239 3195//3195
f 3238//3238 3239//3239 3196//3196
f 3195//3195 3240//3240 3194//3194
f 3239//3239 3240//3240 3195//3195
f 3194//3194 3241//3241 3193//3193
f 3240//3240 3241//3241 3194//3194
f 3192//3192 3242//3242 3191//3191
f 3193//3193 3242//3242 3192//3192
f 3241//3241 3242//3242 3193//3193
f 3242//3242 3243//3243 3191//3191
f 3191//3191 3244//3244 3190//3190
f 3243//3243 3244//3244 3191//3191
f 3190//3190 3245//3245 3189//3189
f 3244//3244 3245//3245 3190//3190
f 3189//3189 3246//3246 3188//3188
f 3245//3245 3246//3246 3189//3189
f 3188//3188 3247//3247 3187//3187
f 3246//3246 3247//3247 3188//3188
f 3187//3187 3248//3248 3186//3186
f 3247//3247 3248//3248 3187//3187
f 3248//3248 3249//3249 3186//3186
f 3186//3186 3249//3249 3185//3185
f 3184//3184 3250//3250 3183//3183
f 3185//3185 3250//3250 3184//3184
f 3249//3249 3250//3250 3185//3185
f 3250//3250 3251//3251 3183//3183
f 3183//3183 3252//3252 3182//3182
f 3251//3251 3252//3252 3183//3183
f 3181//3181 3253//3253 3180//3180
f 3182//3182 3253//3253 3181//3181
f 3252//3252 3253//3253 3182//3182
f 3253//3253 3217//3217 3180//3180
f 3278//3278 3277//3277 3276//3276
f 3275//3275 3278//3278 3276//3276
f 3274//3274 3278//3278 3275//3275
f 3280//3280 3279//3279 3278//3278
f 3282//3282 3281//3281 3280//3280
f 3271//3271 3273//3273 3272//3272
f 3271//3271 3274//3274 3273//3273
f 3271//3271 3278//3278 3274//3274
f 3270//3270 3278//3278 3271//3271
f 3284//3284 3283//3283 3282//3282
f 3284//3284 3280//3280 3278//3278
f 3284//3284 3282//3282 3280//3280
f 3268//3268 3270//3270 3269//3269
f 3286//3286 3285//3285 3284//3284
f 3266//3266 3268//3268 3267//3267
f 3266//3266 3270//3270 3268//3268
f 3289//3289 3287//3287 3286//3286
f 3289//3289 3288//3288 3287//3287
f 3289//3289 3284//3284 3278//3278
f 3289//3289 3286//3286 3284//3284
f 3264//3264 3266//3266 3265//3265
f 3264//3264 3270//3270 3266//3266
f 3255//3255 3254//3254 3289//3289
f 3262//3262 3264//3264 3263//3263
f 3262//3262 3278//3278 3270//3270
f 3262//3262 3270//3270 3264//3264
f 3260//3260 3262//3262 3261//3261
f 3260//3260 3278//3278 3262//3262
f 3257//3257 3256//3256 3255//3255
f 3259//3259 3258//3258 3257//3257
f 3259//3259 3278//3278 3260//3260
f 3259//3259 3289//3289 3278//3278
f 3259//3259 3255//3255 3289//3289
f 3259//3259 3257//3257 3255//3255
f 3293//3293 3290//3290 3291//3291
f 3292//3292 3293//3293 3291//3291
f 3295//3295 3294//3294 3296//3296
f 3295//3295 3296//3296 3297//3297
f 3303//3303 3300//3300 3301//3301
f 3303//3303 3301//3301 3302//3302
f 3298//3298 3299//3299 3300//3300
f 3308//3308 3303//3303 3304//3304
f 3308//3308 3304//3304 3305//3305
f 3308//3308 3305//3305 3306//3306
f 3308//3308 3306//3306 3307//3307
f 3308//3308 3300//3300 3303//3303
f 3308//3308 3298//3298 3300//3300
f 3310//3310 3308//3308 3309//3309
f 3311//3311 3298//3298 3308//3308
f 3311//3311 3308//3308 3310//3310
f 3331//3331 3330//3330 3332//3332
f 3332//3332 3330//3330 3333//3333
f 3333//3333 3330//3330 3334//3334
f 3334//3334 3329//3329 3335//3335
f 3330//3330 3329//3329 3334//3334
f 3329//3329 3328//3328 3335//3335
f 3335//3335 3327//3327 3336//3336
f 3328//3328 3327//3327 3335//3335
f 3327//3327 3326//3326 3336//3336
f 3336//3336 3325//3325 3312//3312
f 3326//3326 3325//3325 3336//3336
f 3312//3312 3324//3324 3313//3313
f 3325//3325 3324//3324 3312//3312
f 3324//3324 3323//3323 3313//3313
f 3313//3313 3322//3322 3314//3314
f 3323//3323 3322//3322 3313//3313
f 3322//3322 3321//3321 3314//3314
f 3314//3314 3320//3320 3315//3315
f 3321//3321 3320//3320 3314//3314
f 3315//3315 3319//3319 3316//3316
f 3320//3320 3319//3319 3315//3315
f 3319//3319 3317//3317 3316//3316
f 3319//3319 3318//3318 3317//3317
f 3340//3340 3338//3338 3337//3337
f 3340//3340 3337//3337 3339//3339
f 3344//3344 3341//3341 3343//3343
f 3342//3342 3341//3341 3344//3344
f 3346//3346 3347//3347 3348//3348
f 3345//3345 3346//3346 3348//3348
f 3358//3358 3359//3359 3360//3360
f 3357//3357 3358//3358 3360//3360
f 3353//3353 3354//3354 3355//3355
f 3353//3353 3355//3355 3356//3356
f 3353//3353 3356//3356 3357//3357
f 3353//3353 3357//3357 3360//3360
f 3352//3352 3360//3360 3361//3361
f 3352//3352 3353//3353 3360//3360
f 3349//3349 3351//3351 3352//3352
f 3349//3349 3361//3361 3362//3362
f 3349//3349 3362//3362 3363//3363
f 3349//3349 3352//3352 3361//3361
f 3350//3350 3363//3363 3364//3364
f 3350//3350 3349//3349 3363//3363
f 3365//3365 3386//3386 3366//3366
f 3387//3387 3386//3386 3365//3365
f 3386//3386 3385//3385 3366//3366
f 3366//3366 3384//3384 3367//3367
f 3385//3385 3384//3384 3366//3366
f 3367//3367 3383//3383 3368//3368
f 3384//3384 3383//3383 3367//3367
f 3383//3383 3382//3382 3368//3368
f 3368//3368 3381//3381 3369//3369
f 3382//3382 3381//3381 3368//3368
f 3369//3369 3380//3380 3370//3370
f 3381//3381 3380//3380 3369//3369
f 3370//3370 3379//3379 3371//3371
f 3380//3380 3379//3379 3370//3370
f 3379//3379 3378//3378 3371//3371
f 3371//3371 3377//3377 3372//3372
f 3378//3378 3377//3377 3371//3371
f 3377//3377 3376//3376 3372//3372
f 3372//3372 3375//3375 3373//3373
f 3376//3376 3375//3375 3372//3372
f 3375//3375 3374//3374 3373//3373
f 3419//3419 3421//3421 3418//3418
f 3420//3420 3421//3421 3419//3419
f 3417//3417 3422//3422 3416//3416
f 3418//3418 3422//3422 3417//3417
f 3421//3421 3422//3422 3418//3418
f 3416//3416 3423//3423 3415//3415
f 3422//3422 3423//3423 3416//3416
f 3415//3415 3424//3424 3414//3414
f 3423//3423 3424//3424 3415//3415
f 3414//3414 3425//3425 3413//3413
f 3424//3424 3425//3425 3414//3414
f 3412//3412 3426//3426 3411//3411
f 3413//3413 3426//3426 3412//3412
f 3425//3425 3426//3426 3413//3413
f 3411//3411 3427//3427 3410//3410
f 3426//3426 3427//3427 3411//3411
f 3410//3410 3428//3428 3409//3409
f 3427//3427 3428//3428 3410//3410
f 3428//3428 3429//3429 3409//3409
f 3408//3408 3429//3429 3407//3407
f 3409//3409 3429//3429 3408//3408
f 3429//3429 3430//3430 3407//3407
f 3407//3407 3430//3430 3406//3406
f 3430//3430 3431//3431 3406//3406
f 3406//3406 3431//3431 3405//3405
f 3405//3405 3432//3432 3404//3404
f 3431//3431 3432//3432 3405//3405
f 3432//3432 3433//3433 3404//3404
f 3403//3403 3433//3433 3402//3402
f 3404//3404 3433//3433 3403//3403
f 3402//3402 3434//3434 3401//3401
f 3433//3433 3434//3434 3402//3402
f 3401//3401 3435//3435 3400//3400
f 3434//3434 3435//3435 3401//3401
f 3400//3400 3436//3436 3399//3399
f 3435//3435 3436//3436 3400//3400
f 3399//3399 3437//3437 3398//3398
f 3436//3436 3437//3437 3399//3399
f 3398//3398 3438//3438 3397//3397
f 3437//3437 3438//3438 3398//3398
f 3397//3397 3439//3439 3396//3396
f 3438//3438 3439//3439 3397//3397
f 3396//3396 3440//3440 3395//3395
f 3439//3439 3440//3440 3396//3396
f 3395//3395 3441//3441 3394//3394
f 3440//3440 3441//3441 3395//3395
f 3394//3394 3442//3442 3393//3393
f 3441//3441 3442//3442 3394//3394
f 3393//3393 3443//3443 3392//3392
f 3442//3442 3443//3443 3393//3393
f 3392//3392 3444//3444 3391//3391
f 3443//3443 3444//3444 3392//3392
f 3391//3391 3445//3445 3390//3390
f 3444//3444 3445//3445 3391//3391
f 3390//3390 3446//3446 3389//3389
f 3445//3445 3446//3446 3390//3390
f 3446//3446 3388//3388 3389//3389
f 3498//3498 3464//3464 3463//3463
f 3497//3497 3463//3463 3462//3462
f 3497//3497 3498//3498 3463//3463
f 3499//3499 3465//3465 3464//3464
f 3499//3499 3464//3464 3498//3498
f 3496//3496 3462//3462 3461//3461
f 3496//3496 3497//3497 3462//3462
f 3500//3500 3465//3465 3499//3499
f 3500//3500 3466//3466 3465//3465
f 3495//3495 3461//3461 3460//3460
f 3495//3495 3496//3496 3461//3461
f 3501//3501 3467//3467 3466//3466
f 3501//3501 3466//3466 3500//3500
f 3494//3494 3495//3495 3460//3460
f 3494//3494 3460//3460 3459//3459
f 3502//3502 3467//3467 3501//3501
f 3502//3502 3468//3468 3467//3467
f 3493//3493 3459//3459 3458//3458
f 3493//3493 3494//3494 3459//3459
f 3503//3503 3469//3469 3468//3468
f 3503//3503 3468//3468 3502//3502
f 3492//3492 3458//3458 3457//3457
f 3492//3492 3493//3493 3458//3458
f 3504//3504 3470//3470 3469//3469
f 3504//3504 3469//3469 3503//3503
f 3491//3491 3457//3457 3456//3456
f 3491//3491 3492//3492 3457//3457
f 3505//3505 3470//3470 3504//3504
f 3505//3505 3471//3471 3470//3470
f 3490//3490 3456//3456 3455//3455
f 3490//3490 3491//3491 3456//3456
f 3506//3506 3472//3472 3471//3471
f 3506//3506 3471//3471 3505//3505
f 3489//3489 3490//3490 3455//3455
f 3454//3454 3489//3489 3455//3455
f 3507//3507 3472//3472 3506//3506
f 3488//3488 3489//3489 3454//3454
f 3473//3473 3472//3472 3507//3507
f 3508//3508 3473//3473 3507//3507
f 3453//3453 3487//3487 3488//3488
f 3453//3453 3488//3488 3454//3454
f 3474//3474 3473//3473 3508//3508
f 3474//3474 3508//3508 3509//3509
f 3452//3452 3486//3486 3487//3487
f 3452//3452 3487//3487 3453//3453
f 3475//3475 3474//3474 3509//3509
f 3451//3451 3485//3485 3486//3486
f 3451//3451 3486//3486 3452//3452
f 3476//3476 3509//3509 3510//3510
f 3476//3476 3475//3475 3509//3509
f 3450//3450 3484//3484 3485//3485
f 3450//3450 3485//3485 3451//3451
f 3477//3477 3510//3510 3511//3511
f 3477//3477 3476//3476 3510//3510
f 3449//3449 3519//3519 3484//3484
f 3449//3449 3484//3484 3450//3450
f 3478//3478 3511//3511 3512//3512
f 3478//3478 3477//3477 3511//3511
f 3448//3448 3518//3518 3519//3519
f 3448//3448 3519//3519 3449//3449
f 3479//3479 3512//3512 3513//3513
f 3479//3479 3478//3478 3512//3512
f 3447//3447 3518//3518 3448//3448
f 3447//3447 3517//3517 3518//3518
f 3480//3480 3479//3479 3513//3513
f 3480//3480 3513//3513 3514//3514
f 3483//3483 3517//3517 3447//3447
f 3483//3483 3516//3516 3517//3517
f 3481//3481 3480//3480 3514//3514
f 3481//3481 3514//3514 3515//3515
f 3482//3482 3516//3516 3483//3483
f 3482//3482 3481//3481 3515//3515
f 3482//3482 3515//3515 3516//3516
f 3522//3522 3523//3523 3597//3597
f 3597//3597 3552//3552 3596//3596
f 3523//3523 3552//3552 3597//3597
f 3596//3596 3553//3553 3595//3595
f 3552//3552 3553//3553 3596//3596
f 3595//3595 3554//3554 3594//3594
f 3553//3553 3554//3554 3595//3595
f 3594//3594 3555//3555 3593//3593
f 3554//3554 3555//3555 3594//3594
f 3593//3593 3556//3556 3592//3592
f 3555//3555 3556//3556 3593//3593
f 3556//3556 3557//3557 3592//3592
f 3592//3592 3557//3557 3591//3591
f 3557//3557 3558//3558 3591//3591
f 3591//3591 3558//3558 3590//3590
f 3558//3558 3559//3559 3590//3590
f 3590//3590 3559//3559 3589//3589
f 3559//3559 3524//3524 3589//3589
f 3589//3589 3524//3524 3588//3588
f 3524//3524 3525//3525 3588//3588
f 3587//3587 3525//3525 3586//3586
f 3588//3588 3525//3525 3587//3587
f 3525//3525 3526//3526 3586//3586
f 3586//3586 3526//3526 3585//3585
f 3526//3526 3527//3527 3585//3585
f 3585//3585 3527//3527 3584//3584
f 3527//3527 3528//3528 3584//3584
f 3584//3584 3528//3528 3583//3583
f 3528//3528 3529//3529 3583//3583
f 3583//3583 3529//3529 3582//3582
f 3529//3529 3530//3530 3582//3582
f 3582//3582 3530//3530 3581//3581
f 3530//3530 3531//3531 3581//3581
f 3581//3581 3531//3531 3580//3580
f 3531//3531 3532//3532 3580//3580
f 3580//3580 3532//3532 3579//3579
f 3532//3532 3533//3533 3579//3579
f 3579//3579 3533//3533 3578//3578
f 3578//3578 3534//3534 3577//3577
f 3533//3533 3534//3534 3578//3578
f 3577//3577 3535//3535 3576//3576
f 3534//3534 3535//3535 3577//3577
f 3576//3576 3536//3536 3575//3575
f 3535//3535 3536//3536 3576//3576
f 3575//3575 3537//3537 3574//3574
f 3536//3536 3537//3537 3575//3575
f 3574//3574 3538//3538 3573//3573
f 3537//3537 3538//3538 3574//3574
f 3573//3573 3539//3539 3572//3572
f 3538//3538 3539//3539 3573//3573
f 3572//3572 3540//3540 3571//3571
f 3539//3539 3540//3540 3572//3572
f 3571//3571 3541//3541 3570//3570
f 3540//3540 3541//3541 3571//3571
f 3570//3570 3542//3542 3569//3569
f 3541//3541 3542//3542 3570//3570
f 3569//3569 3543//3543 3568//3568
f 3542//3542 3543//3543 3569//3569
f 3568//3568 3544//3544 3567//3567
f 3543//3543 3544//3544 3568//3568
f 3567//3567 3545//3545 3566//3566
f 3544//3544 3545//3545 3567//3567
f 3545//3545 3546//3546 3566//3566
f 3566//3566 3546//3546 3565//3565
f 3546//3546 3547//3547 3565//3565
f 3565//3565 3547//3547 3564//3564
f 3547//3547 3548//3548 3564//3564
f 3564//3564 3548//3548 3563//3563
f 3548//3548 3549//3549 3563//3563
f 3563//3563 3549//3549 3562//3562
f 3549//3549 3550//3550 3562//3562
f 3562//3562 3550//3550 3561//3561
f 3550//3550 3551//3551 3561//3561
f 3561//3561 3551//3551 3560//3560
f 3551//3551 3521//3521 3560//3560
f 3560//3560 3521//3521 3520//3520
f 3649//3649 3622//3622 3621//3621
f 3648//3648 3621//3621 3620//3620
f 3648//3648 3649//3649 3621//3621
f 3650//3650 3623//3623 3622//3622
f 3650//3650 3622//3622 3649//3649
f 3647//3647 3648//3648 3620//3620
f 3647//3647 3620//3620 3619//3619
f 3651//3651 3623//3623 3650//3650
f 3651//3651 3624//3624 3623//3623
f 3646//3646 3619//3619 3618//3618
f 3646//3646 3647//3647 3619//3619
f 3652//3652 3625//3625 3624//3624
f 3652//3652 3624//3624 3651//3651
f 3645//3645 3646//3646 3618//3618
f 3645//3645 3618//3618 3617//3617
f 3653//3653 3625//3625 3652//3652
f 3653//3653 3626//3626 3625//3625
f 3644//3644 3617//3617 3616//3616
f 3644//3644 3645//3645 3617//3617
f 3654//3654 3626//3626 3653//3653
f 3654//3654 3627//3627 3626//3626
f 3643//3643 3616//3616 3615//3615
f 3643//3643 3644//3644 3616//3616
f 3655//3655 3627//3627 3654//3654
f 3655//3655 3628//3628 3627//3627
f 3642//3642 3615//3615 3614//3614
f 3642//3642 3643//3643 3615//3615
f 3656//3656 3629//3629 3628//3628
f 3656//3656 3628//3628 3655//3655
f 3641//3641 3614//3614 3613//3613
f 3641//3641 3642//3642 3614//3614
f 3657//3657 3629//3629 3656//3656
f 3657//3657 3630//3630 3629//3629
f 3640//3640 3641//3641 3613//3613
f 3612//3612 3640//3640 3613//3613
f 3658//3658 3630//3630 3657//3657
f 3639//3639 3640//3640 3612//3612
f 3631//3631 3630//3630 3658//3658
f 3659//3659 3631//3631 3658//3658
f 3611//3611 3638//3638 3639//3639
f 3611//3611 3639//3639 3612//3612
f 3632//3632 3631//3631 3659//3659
f 3632//3632 3659//3659 3660//3660
f 3610//3610 3637//3637 3638//3638
f 3610//3610 3638//3638 3611//3611
f 3633//3633 3660//3660 3661//3661
f 3633//3633 3632//3632 3660//3660
f 3609//3609 3636//3636 3637//3637
f 3609//3609 3637//3637 3610//3610
f 3634//3634 3661//3661 3662//3662
f 3634//3634 3633//3633 3661//3661
f 3608//3608 3635//3635 3636//3636
f 3608//3608 3636//3636 3609//3609
f 3598//3598 3634//3634 3662//3662
f 3607//3607 3670//3670 3635//3635
f 3607//3607 3635//3635 3608//3608
f 3599//3599 3662//3662 3663//3663
f 3599//3599 3598//3598 3662//3662
f 3606//3606 3670//3670 3607//3607
f 3606//3606 3669//3669 3670//3670
f 3600//3600 3663//3663 3664//3664
f 3600//3600 3599//3599 3663//3663
f 3605//3605 3669//3669 3606//3606
f 3605//3605 3668//3668 3669//3669
f 3601//3601 3600//3600 3664//3664
f 3601//3601 3664//3664 3665//3665
f 3604//3604 3668//3668 3605//3605
f 3604//3604 3667//3667 3668//3668
f 3602//3602 3601//3601 3665//3665
f 3602//3602 3665//3665 3666//3666
f 3603//3603 3667//3667 3604//3604
f 3603//3603 3602//3602 3666//3666
f 3603//3603 3666//3666 3667//3667
f 3754//3754 3672//3672 3671//3671
f 3754//3754 3673//3673 3672//3672
f 3754//3754 3674//3674 3673//3673
f 3754//3754 3675//3675 3674//3674
f 3754//3754 3671//3671 3713//3713
f 3755//3755 3679//3679 3678//3678
f 3755//3755 3680//3680 3679//3679
f 3755//3755 3681//3681 3680//3680
f 3755//3755 3724//3724 3681//3681
f 3756//3756 3710//3710 3709//3709
f 3757//3757 3756//3756 3758//3758
f 3759//3759 3758//3758 3756//3756
f 3759//3759 3756//3756 3709//3709
f 3760//3760 3757//3757 3758//3758
f 3761//3761 3709//3709 3708//3708
f 3761//3761 3759//3759 3709//3709
f 3762//3762 3727//3727 3726//3726
f 3762//3762 3726//3726 3760//3760
f 3762//3762 3760//3760 3758//3758
f 3763//3763 3706//3706 3705//3705
f 3764//3764 3763//3763 3705//3705
f 3765//3765 3730//3730 3729//3729
f 3766//3766 3705//3705 3704//3704
f 3766//3766 3764//3764 3705//3705
f 3766//3766 3767//3767 3764//3764
f 3768//3768 3765//3765 3767//3767
f 3768//3768 3730//3730 3765//3765
f 3769//3769 3767//3767 3766//3766
f 3769//3769 3768//3768 3767//3767
f 3770//3770 3704//3704 3703//3703
f 3771//3771 3770//3770 3703//3703
f 3772//3772 3703//3703 3702//3702
f 3772//3772 3771//3771 3703//3703
f 3772//3772 3773//3773 3771//3771
f 3774//3774 3732//3732 3731//3731
f 3774//3774 3775//3775 3773//3773
f 3774//3774 3731//3731 3775//3775
f 3776//3776 3702//3702 3701//3701
f 3777//3777 3776//3776 3701//3701
f 3778//3778 3733//3733 3732//3732
f 3779//3779 3701//3701 3700//3700
f 3779//3779 3780//3780 3777//3777
f 3779//3779 3777//3777 3701//3701
f 3781//3781 3733//3733 3778//3778
f 3782//3782 3780//3780 3779//3779
f 3783//3783 3781//3781 3780//3780
f 3783//3783 3734//3734 3733//3733
f 3783//3783 3733//3733 3781//3781
f 3783//3783 3780//3780 3782//3782
f 3784//3784 3735//3735 3734//3734
f 3785//3785 3786//3786 3699//3699
f 3785//3785 3787//3787 3786//3786
f 3785//3785 3699//3699 3698//3698
f 3788//3788 3735//3735 3784//3784
f 3789//3789 3787//3787 3785//3785
f 3790//3790 3788//3788 3787//3787
f 3790//3790 3735//3735 3788//3788
f 3790//3790 3787//3787 3789//3789
f 3790//3790 3736//3736 3735//3735
f 3791//3791 3697//3697 3696//3696
f 3792//3792 3737//3737 3736//3736
f 3793//3793 3791//3791 3696//3696
f 3793//3793 3794//3794 3791//3791
f 3795//3795 3737//3737 3792//3792
f 3796//3796 3794//3794 3793//3793
f 3797//3797 3795//3795 3794//3794
f 3797//3797 3737//3737 3795//3795
f 3797//3797 3738//3738 3737//3737
f 3797//3797 3794//3794 3796//3796
f 3798//3798 3693//3693 3692//3692
f 3799//3799 3798//3798 3800//3800
f 3801//3801 3800//3800 3798//3798
f 3801//3801 3798//3798 3692//3692
f 3802//3802 3799//3799 3800//3800
f 3803//3803 3800//3800 3801//3801
f 3804//3804 3742//3742 3741//3741
f 3804//3804 3802//3802 3800//3800
f 3804//3804 3800//3800 3803//3803
f 3804//3804 3741//3741 3802//3802
f 3805//3805 3690//3690 3689//3689
f 3806//3806 3805//3805 3689//3689
f 3807//3807 3746//3746 3745//3745
f 3808//3808 3689//3689 3688//3688
f 3808//3808 3809//3809 3806//3806
f 3808//3808 3806//3806 3689//3689
f 3810//3810 3746//3746 3807//3807
f 3810//3810 3807//3807 3809//3809
f 3811//3811 3809//3809 3808//3808
f 3811//3811 3810//3810 3809//3809
f 3812//3812 3688//3688 3687//3687
f 3813//3813 3812//3812 3687//3687
f 3814//3814 3748//3748 3747//3747
f 3815//3815 3687//3687 3686//3686
f 3815//3815 3813//3813 3687//3687
f 3816//3816 3814//3814 3817//3817
f 3816//3816 3748//3748 3814//3814
f 3818//3818 3686//3686 3685//3685
f 3819//3819 3818//3818 3820//3820
f 3821//3821 3818//3818 3685//3685
f 3821//3821 3820//3820 3818//3818
f 3822//3822 3819//3819 3820//3820
f 3822//3822 3750//3750 3749//3749
f 3823//3823 3750//3750 3822//3822
f 3823//3823 3822//3822 3820//3820
f 3824//3824 3750//3750 3823//3823
f 3824//3824 3751//3751 3750//3750
f 3825//3825 3683//3683 3682//3682
f 3825//3825 3722//3722 3721//3721
f 3825//3825 3723//3723 3722//3722
f 3825//3825 3682//3682 3723//3723
f 3826//3826 3715//3715 3714//3714
f 3826//3826 3716//3716 3715//3715
f 3826//3826 3717//3717 3716//3716
f 3826//3826 3718//3718 3717//3717
f 3826//3826 3714//3714 3753//3753
f 3827//3827 3754//3754 3713//3713
f 3828//3828 3676//3676 3675//3675
f 3828//3828 3677//3677 3676//3676
f 3828//3828 3678//3678 3677//3677
f 3828//3828 3827//3827 3829//3829
f 3828//3828 3755//3755 3678//3678
f 3828//3828 3675//3675 3754//3754
f 3828//3828 3829//3829 3755//3755
f 3828//3828 3754//3754 3827//3827
f 3830//3830 3831//3831 3829//3829
f 3830//3830 3829//3829 3827//3827
f 3830//3830 3713//3713 3712//3712
f 3830//3830 3827//3827 3713//3713
f 3832//3832 3830//3830 3712//3712
f 3832//3832 3831//3831 3830//3830
f 3833//3833 3832//3832 3712//3712
f 3833//3833 3834//3834 3831//3831
f 3833//3833 3831//3831 3832//3832
f 3835//3835 3829//3829 3831//3831
f 3835//3835 3755//3755 3829//3829
f 3835//3835 3724//3724 3755//3755
f 3836//3836 3835//3835 3831//3831
f 3836//3836 3724//3724 3835//3835
f 3837//3837 3712//3712 3711//3711
f 3837//3837 3833//3833 3712//3712
f 3837//3837 3834//3834 3833//3833
f 3837//3837 3838//3838 3834//3834
f 3839//3839 3831//3831 3834//3834
f 3839//3839 3836//3836 3831//3831
f 3839//3839 3724//3724 3836//3836
f 3840//3840 3838//3838 3837//3837
f 3840//3840 3837//3837 3711//3711
f 3841//3841 3842//3842 3838//3838
f 3841//3841 3711//3711 3710//3710
f 3841//3841 3838//3838 3840//3840
f 3841//3841 3840//3840 3711//3711
f 3843//3843 3725//3725 3724//3724
f 3843//3843 3724//3724 3839//3839
f 3843//3843 3839//3839 3834//3834
f 3843//3843 3834//3834 3838//3838
f 3844//3844 3841//3841 3710//3710
f 3844//3844 3842//3842 3841//3841
f 3844//3844 3757//3757 3842//3842
f 3845//3845 3843//3843 3838//3838
f 3845//3845 3725//3725 3843//3843
f 3846//3846 3757//3757 3844//3844
f 3846//3846 3756//3756 3757//3757
f 3846//3846 3710//3710 3756//3756
f 3846//3846 3844//3844 3710//3710
f 3847//3847 3845//3845 3838//3838
f 3847//3847 3725//3725 3845//3845
f 3847//3847 3838//3838 3842//3842
f 3848//3848 3725//3725 3847//3847
f 3848//3848 3847//3847 3842//3842
f 3848//3848 3726//3726 3725//3725
f 3848//3848 3842//3842 3757//3757
f 3849//3849 3726//3726 3848//3848
f 3849//3849 3848//3848 3757//3757
f 3849//3849 3760//3760 3726//3726
f 3849//3849 3757//3757 3760//3760
f 3850//3850 3758//3758 3759//3759
f 3850//3850 3759//3759 3761//3761
f 3850//3850 3762//3762 3758//3758
f 3850//3850 3761//3761 3851//3851
f 3852//3852 3761//3761 3708//3708
f 3852//3852 3851//3851 3761//3761
f 3853//3853 3854//3854 3851//3851
f 3853//3853 3852//3852 3708//3708
f 3853//3853 3851//3851 3852//3852
f 3855//3855 3727//3727 3762//3762
f 3855//3855 3850//3850 3851//3851
f 3855//3855 3762//3762 3850//3850
f 3856//3856 3857//3857 3854//3854
f 3856//3856 3854//3854 3853//3853
f 3856//3856 3853//3853 3708//3708
f 3856//3856 3708//3708 3707//3707
f 3858//3858 3851//3851 3854//3854
f 3858//3858 3855//3855 3851//3851
f 3858//3858 3727//3727 3855//3855
f 3858//3858 3728//3728 3727//3727
f 3859//3859 3856//3856 3707//3707
f 3859//3859 3857//3857 3856//3856
f 3860//3860 3857//3857 3859//3859
f 3860//3860 3861//3861 3857//3857
f 3860//3860 3859//3859 3707//3707
f 3862//3862 3858//3858 3854//3854
f 3862//3862 3854//3854 3857//3857
f 3862//3862 3728//3728 3858//3858
f 3863//3863 3862//3862 3857//3857
f 3863//3863 3728//3728 3862//3862
f 3864//3864 3707//3707 3706//3706
f 3864//3864 3865//3865 3861//3861
f 3864//3864 3861//3861 3860//3860
f 3864//3864 3860//3860 3707//3707
f 3866//3866 3857//3857 3861//3861
f 3866//3866 3863//3863 3857//3857
f 3866//3866 3728//3728 3863//3863
f 3867//3867 3706//3706 3763//3763
f 3867//3867 3763//3763 3865//3865
f 3867//3867 3864//3864 3706//3706
f 3867//3867 3865//3865 3864//3864
f 3868//3868 3861//3861 3865//3865
f 3868//3868 3866//3866 3861//3861
f 3868//3868 3729//3729 3728//3728
f 3868//3868 3728//3728 3866//3866
f 3869//3869 3729//3729 3868//3868
f 3869//3869 3868//3868 3865//3865
f 3869//3869 3765//3765 3729//3729
f 3870//3870 3869//3869 3865//3865
f 3870//3870 3865//3865 3763//3763
f 3870//3870 3764//3764 3767//3767
f 3870//3870 3767//3767 3765//3765
f 3870//3870 3765//3765 3869//3869
f 3870//3870 3763//3763 3764//3764
f 3871//3871 3769//3769 3766//3766
f 3871//3871 3766//3766 3704//3704
f 3872//3872 3871//3871 3704//3704
f 3872//3872 3704//3704 3770//3770
f 3872//3872 3770//3770 3873//3873
f 3872//3872 3873//3873 3769//3769
f 3872//3872 3769//3769 3871//3871
f 3874//3874 3730//3730 3768//3768
f 3874//3874 3768//3768 3769//3769
f 3875//3875 3731//3731 3730//3730
f 3875//3875 3769//3769 3873//3873
f 3875//3875 3730//3730 3874//3874
f 3875//3875 3874//3874 3769//3769
f 3876//3876 3773//3773 3775//3775
f 3876//3876 3873//3873 3770//3770
f 3876//3876 3771//3771 3773//3773
f 3876//3876 3770//3770 3771//3771
f 3877//3877 3876//3876 3775//3775
f 3877//3877 3775//3775 3731//3731
f 3877//3877 3731//3731 3875//3875
f 3877//3877 3875//3875 3873//3873
f 3877//3877 3873//3873 3876//3876
f 3878//3878 3772//3772 3702//3702
f 3878//3878 3702//3702 3776//3776
f 3878//3878 3776//3776 3879//3879
f 3880//3880 3772//3772 3878//3878
f 3880//3880 3773//3773 3772//3772
f 3880//3880 3774//3774 3773//3773
f 3880//3880 3879//3879 3774//3774
f 3880//3880 3878//3878 3879//3879
f 3881//3881 3732//3732 3774//3774
f 3881//3881 3774//3774 3879//3879
f 3881//3881 3778//3778 3732//3732
f 3882//3882 3780//3780 3781//3781
f 3882//3882 3879//3879 3776//3776
f 3882//3882 3777//3777 3780//3780
f 3882//3882 3776//3776 3777//3777
f 3882//3882 3881//3881 3879//3879
f 3882//3882 3778//3778 3881//3881
f 3882//3882 3781//3781 3778//3778
f 3883//3883 3779//3779 3700//3700
f 3883//3883 3782//3782 3779//3779
f 3884//3884 3883//3883 3700//3700
f 3884//3884 3782//3782 3883//3883
f 3884//3884 3700//3700 3699//3699
f 3884//3884 3885//3885 3782//3782
f 3886//3886 3884//3884 3699//3699
f 3886//3886 3885//3885 3884//3884
f 3886//3886 3699//3699 3786//3786
f 3887//3887 3783//3783 3782//3782
f 3887//3887 3734//3734 3783//3783
f 3888//3888 3885//3885 3784//3784
f 3888//3888 3784//3784 3734//3734
f 3888//3888 3734//3734 3887//3887
f 3888//3888 3887//3887 3782//3782
f 3888//3888 3782//3782 3885//3885
f 3889//3889 3784//3784 3885//3885
f 3889//3889 3786//3786 3787//3787
f 3889//3889 3885//3885 3886//3886
f 3889//3889 3886//3886 3786//3786
f 3889//3889 3787//3787 3788//3788
f 3889//3889 3788//3788 3784//3784
f 3890//3890 3785//3785 3698//3698
f 3890//3890 3789//3789 3785//3785
f 3891//3891 3890//3890 3698//3698
f 3891//3891 3789//3789 3890//3890
f 3891//3891 3892//3892 3789//3789
f 3891//3891 3698//3698 3697//3697
f 3893//3893 3891//3891 3697//3697
f 3893//3893 3892//3892 3891//3891
f 3893//3893 3697//3697 3791//3791
f 3894//3894 3790//3790 3789//3789
f 3894//3894 3736//3736 3790//3790
f 3895//3895 3789//3789 3892//3892
f 3895//3895 3892//3892 3792//3792
f 3895//3895 3894//3894 3789//3789
f 3895//3895 3792//3792 3736//3736
f 3895//3895 3736//3736 3894//3894
f 3896//3896 3892//3892 3893//3893
f 3896//3896 3792//3792 3892//3892
f 3896//3896 3893//3893 3791//3791
f 3896//3896 3791//3791 3794//3794
f 3896//3896 3794//3794 3795//3795
f 3896//3896 3795//3795 3792//3792
f 3897//3897 3793//3793 3696//3696
f 3897//3897 3796//3796 3793//3793
f 3898//3898 3696//3696 3695//3695
f 3898//3898 3897//3897 3696//3696
f 3898//3898 3796//3796 3897//3897
f 3898//3898 3899//3899 3796//3796
f 3900//3900 3899//3899 3898//3898
f 3900//3900 3898//3898 3695//3695
f 3900//3900 3901//3901 3899//3899
f 3902//3902 3797//3797 3796//3796
f 3902//3902 3738//3738 3797//3797
f 3903//3903 3900//3900 3695//3695
f 3903//3903 3901//3901 3900//3900
f 3904//3904 3796//3796 3899//3899
f 3904//3904 3902//3902 3796//3796
f 3904//3904 3738//3738 3902//3902
f 3905//3905 3695//3695 3694//3694
f 3905//3905 3901//3901 3903//3903
f 3905//3905 3906//3906 3901//3901
f 3905//3905 3903//3903 3695//3695
f 3907//3907 3904//3904 3899//3899
f 3907//3907 3899//3899 3901//3901
f 3907//3907 3738//3738 3904//3904
f 3907//3907 3739//3739 3738//3738
f 3908//3908 3905//3905 3694//3694
f 3908//3908 3909//3909 3906//3906
f 3908//3908 3906//3906 3905//3905
f 3910//3910 3907//3907 3901//3901
f 3910//3910 3739//3739 3907//3907
f 3911//3911 3908//3908 3694//3694
f 3911//3911 3909//3909 3908//3908
f 3912//3912 3901//3901 3906//3906
f 3912//3912 3739//3739 3910//3910
f 3912//3912 3910//3910 3901//3901
f 3913//3913 3694//3694 3693//3693
f 3913//3913 3914//3914 3909//3909
f 3913//3913 3909//3909 3911//3911
f 3913//3913 3911//3911 3694//3694
f 3915//3915 3912//3912 3906//3906
f 3915//3915 3906//3906 3909//3909
f 3915//3915 3740//3740 3739//3739
f 3915//3915 3739//3739 3912//3912
f 3916//3916 3913//3913 3693//3693
f 3916//3916 3799//3799 3914//3914
f 3916//3916 3914//3914 3913//3913
f 3917//3917 3915//3915 3909//3909
f 3917//3917 3740//3740 3915//3915
f 3918//3918 3693//3693 3798//3798
f 3918//3918 3916//3916 3693//3693
f 3918//3918 3798//3798 3799//3799
f 3918//3918 3799//3799 3916//3916
f 3919//3919 3917//3917 3909//3909
f 3919//3919 3909//3909 3914//3914
f 3919//3919 3740//3740 3917//3917
f 3920//3920 3919//3919 3914//3914
f 3920//3920 3914//3914 3799//3799
f 3920//3920 3741//3741 3740//3740
f 3920//3920 3740//3740 3919//3919
f 3921//3921 3920//3920 3799//3799
f 3921//3921 3799//3799 3802//3802
f 3921//3921 3741//3741 3920//3920
f 3921//3921 3802//3802 3741//3741
f 3922//3922 3801//3801 3692//3692
f 3922//3922 3803//3803 3801//3801
f 3923//3923 3692//3692 3691//3691
f 3923//3923 3922//3922 3692//3692
f 3923//3923 3924//3924 3803//3803
f 3923//3923 3803//3803 3922//3922
f 3925//3925 3742//3742 3804//3804
f 3925//3925 3804//3804 3803//3803
f 3926//3926 3924//3924 3923//3923
f 3926//3926 3923//3923 3691//3691
f 3926//3926 3927//3927 3924//3924
f 3928//3928 3926//3926 3691//3691
f 3928//3928 3927//3927 3926//3926
f 3929//3929 3925//3925 3803//3803
f 3929//3929 3742//3742 3925//3925
f 3929//3929 3803//3803 3924//3924
f 3930//3930 3928//3928 3691//3691
f 3930//3930 3927//3927 3928//3928
f 3930//3930 3931//3931 3927//3927
f 3932//3932 3742//3742 3929//3929
f 3932//3932 3929//3929 3924//3924
f 3932//3932 3743//3743 3742//3742
f 3932//3932 3924//3924 3927//3927
f 3933//3933 3743//3743 3932//3932
f 3933//3933 3932//3932 3927//3927
f 3934//3934 3931//3931 3930//3930
f 3934//3934 3691//3691 3690//3690
f 3934//3934 3930//3930 3691//3691
f 3934//3934 3935//3935 3931//3931
f 3936//3936 3933//3933 3927//3927
f 3936//3936 3743//3743 3933//3933
f 3936//3936 3927//3927 3931//3931
f 3937//3937 3934//3934 3690//3690
f 3937//3937 3935//3935 3934//3934
f 3938//3938 3690//3690 3805//3805
f 3938//3938 3935//3935 3937//3937
f 3938//3938 3805//3805 3939//3939
f 3938//3938 3937//3937 3690//3690
f 3938//3938 3939//3939 3935//3935
f 3940//3940 3743//3743 3936//3936
f 3940//3940 3936//3936 3931//3931
f 3940//3940 3744//3744 3743//3743
f 3940//3940 3931//3931 3935//3935
f 3941//3941 3744//3744 3940//3940
f 3941//3941 3940//3940 3935//3935
f 3942//3942 3941//3941 3935//3935
f 3942//3942 3745//3745 3744//3744
f 3942//3942 3744//3744 3941//3941
f 3942//3942 3935//3935 3939//3939
f 3943//3943 3809//3809 3807//3807
f 3943//3943 3939//3939 3805//3805
f 3943//3943 3806//3806 3809//3809
f 3943//3943 3805//3805 3806//3806
f 3944//3944 3807//3807 3745//3745
f 3944//3944 3943//3943 3807//3807
f 3944//3944 3745//3745 3942//3942
f 3944//3944 3942//3942 3939//3939
f 3944//3944 3939//3939 3943//3943
f 3945//3945 3946//3946 3811//3811
f 3945//3945 3811//3811 3808//3808
f 3945//3945 3808//3808 3688//3688
f 3947//3947 3946//3946 3945//3945
f 3947//3947 3812//3812 3946//3946
f 3947//3947 3945//3945 3688//3688
f 3947//3947 3688//3688 3812//3812
f 3948//3948 3810//3810 3811//3811
f 3948//3948 3746//3746 3810//3810
f 3949//3949 3948//3948 3811//3811
f 3949//3949 3811//3811 3946//3946
f 3949//3949 3746//3746 3948//3948
f 3949//3949 3747//3747 3746//3746
f 3950//3950 3946//3946 3812//3812
f 3950//3950 3817//3817 3814//3814
f 3950//3950 3812//3812 3813//3813
f 3950//3950 3813//3813 3817//3817
f 3951//3951 3949//3949 3946//3946
f 3951//3951 3814//3814 3747//3747
f 3951//3951 3747//3747 3949//3949
f 3951//3951 3950//3950 3814//3814
f 3951//3951 3946//3946 3950//3950
f 3952//3952 3813//3813 3815//3815
f 3952//3952 3817//3817 3813//3813
f 3952//3952 3815//3815 3953//3953
f 3952//3952 3816//3816 3817//3817
f 3954//3954 3953//3953 3815//3815
f 3954//3954 3815//3815 3686//3686
f 3954//3954 3819//3819 3953//3953
f 3955//3955 3748//3748 3816//3816
f 3955//3955 3952//3952 3953//3953
f 3955//3955 3816//3816 3952//3952
f 3956//3956 3818//3818 3819//3819
f 3956//3956 3686//3686 3818//3818
f 3956//3956 3954//3954 3686//3686
f 3956//3956 3819//3819 3954//3954
f 3957//3957 3748//3748 3955//3955
f 3957//3957 3953//3953 3819//3819
f 3957//3957 3955//3955 3953//3953
f 3957//3957 3749//3749 3748//3748
f 3958//3958 3822//3822 3749//3749
f 3958//3958 3819//3819 3822//3822
f 3958//3958 3957//3957 3819//3819
f 3958//3958 3749//3749 3957//3957
f 3959//3959 3821//3821 3685//3685
f 3960//3960 3820//3820 3821//3821
f 3960//3960 3823//3823 3820//3820
f 3960//3960 3824//3824 3823//3823
f 3960//3960 3961//3961 3824//3824
f 3960//3960 3821//3821 3959//3959
f 3960//3960 3959//3959 3961//3961
f 3962//3962 3685//3685 3684//3684
f 3962//3962 3959//3959 3685//3685
f 3962//3962 3963//3963 3961//3961
f 3962//3962 3961//3961 3959//3959
f 3964//3964 3962//3962 3684//3684
f 3964//3964 3963//3963 3962//3962
f 3965//3965 3824//3824 3961//3961
f 3965//3965 3751//3751 3824//3824
f 3965//3965 3961//3961 3963//3963
f 3966//3966 3967//3967 3963//3963
f 3966//3966 3963//3963 3964//3964
f 3966//3966 3964//3964 3684//3684
f 3968//3968 3965//3965 3963//3963
f 3968//3968 3751//3751 3965//3965
f 3969//3969 3967//3967 3966//3966
f 3969//3969 3684//3684 3683//3683
f 3969//3969 3966//3966 3684//3684
f 3969//3969 3970//3970 3967//3967
f 3971//3971 3751//3751 3968//3968
f 3971//3971 3963//3963 3967//3967
f 3971//3971 3968//3968 3963//3963
f 3971//3971 3752//3752 3751//3751
f 3972//3972 3969//3969 3683//3683
f 3972//3972 3970//3970 3969//3969
f 3972//3972 3973//3973 3970//3970
f 3974//3974 3971//3971 3967//3967
f 3974//3974 3752//3752 3971//3971
f 3975//3975 3973//3973 3972//3972
f 3975//3975 3972//3972 3683//3683
f 3975//3975 3683//3683 3825//3825
f 3975//3975 3825//3825 3973//3973
f 3976//3976 3974//3974 3967//3967
f 3976//3976 3752//3752 3974//3974
f 3976//3976 3967//3967 3970//3970
f 3977//3977 3976//3976 3970//3970
f 3977//3977 3970//3970 3973//3973
f 3977//3977 3752//3752 3976//3976
f 3977//3977 3753//3753 3752//3752
f 3978//3978 3753//3753 3977//3977
f 3978//3978 3977//3977 3973//3973
f 3978//3978 3826//3826 3753//3753
f 3979//3979 3978//3978 3973//3973
f 3979//3979 3826//3826 3978//3978
f 3979//3979 3719//3719 3718//3718
f 3979//3979 3720//3720 3719//3719
f 3979//3979 3721//3721 3720//3720
f 3979//3979 3973//3973 3825//3825
f 3979//3979 3825//3825 3721//3721
f 3979//3979 3718//3718 3826//3826
f 4022//4022 4009//4009 4010//4010
f 4023//4023 3997//3997 3998//3998
f 4024//4024 3994//3994 3995//3995
f 4024//4024 4017//4017 4016//4016
f 4025//4025 3993//3993 3994//3994
f 4025//4025 4016//4016 4015//4015
f 4025//4025 4024//4024 4016//4016
f 4025//4025 3994//3994 4024//4024
f 4026//4026 3992//3992 3993//3993
f 4026//4026 4014//4014 4013//4013
f 4027//4027 4006//4006 4007//4007
f 4027//4027 4007//4007 4008//4008
f 4027//4027 4008//4008 4009//4009
f 4027//4027 4009//4009 4022//4022
f 4028//4028 4023//4023 3998//3998
f 4028//4028 4019//4019 4023//4023
f 4028//4028 4020//4020 4019//4019
f 4029//4029 3997//3997 4023//4023
f 4029//4029 4023//4023 4019//4019
f 4029//4029 4019//4019 4018//4018
f 4030//4030 3996//3996 3997//3997
f 4030//4030 4018//4018 4017//4017
f 4030//4030 4029//4029 4018//4018
f 4030//4030 3997//3997 4029//4029
f 4031//4031 3995//3995 3996//3996
f 4031//4031 4030//4030 4017//4017
f 4031//4031 3996//3996 4030//4030
f 4031//4031 4017//4017 4024//4024
f 4031//4031 4024//4024 3995//3995
f 4032//4032 4025//4025 4015//4015
f 4032//4032 3993//3993 4025//4025
f 4032//4032 4015//4015 4014//4014
f 4032//4032 4014//4014 4026//4026
f 4032//4032 4026//4026 3993//3993
f 4033//4033 3992//3992 4026//4026
f 4033//4033 4026//4026 4013//4013
f 4033//4033 4013//4013 4012//4012
f 4034//4034 3980//3980 3981//3981
f 4034//4034 3981//3981 3982//3982
f 4034//4034 4011//4011 3980//3980
f 4035//4035 3982//3982 3983//3983
f 4035//4035 4034//4034 3982//3982
f 4036//4036 4035//4035 3983//3983
f 4037//4037 4022//4022 4021//4021
f 4037//4037 4027//4027 4022//4022
f 4038//4038 4039//4039 4037//4037
f 4038//4038 4037//4037 4021//4021
f 4038//4038 4040//4040 4039//4039
f 4041//4041 3999//3999 4000//4000
f 4041//4041 4000//4000 4001//4001
f 4041//4041 4001//4001 4002//4002
f 4041//4041 4002//4002 4003//4003
f 4041//4041 4003//4003 4004//4004
f 4042//4042 4038//4038 4021//4021
f 4042//4042 4040//4040 4038//4038
f 4043//4043 4021//4021 4020//4020
f 4043//4043 4040//4040 4042//4042
f 4043//4043 4044//4044 4040//4040
f 4043//4043 4042//4042 4021//4021
f 4045//4045 4041//4041 4039//4039
f 4045//4045 3999//3999 4041//4041
f 4045//4045 4039//4039 4040//4040
f 4046//4046 4043//4043 4020//4020
f 4046//4046 4044//4044 4043//4043
f 4046//4046 4020//4020 4028//4028
f 4046//4046 4028//4028 4044//4044
f 4047//4047 3999//3999 4045//4045
f 4047//4047 4045//4045 4040//4040
f 4048//4048 3998//3998 3999//3999
f 4048//4048 4040//4040 4044//4044
f 4048//4048 3999//3999 4047//4047
f 4048//4048 4047//4047 4040//4040
f 4048//4048 4028//4028 3998//3998
f 4048//4048 4044//4044 4028//4028
f 4049//4049 4050//4050 4033//4033
f 4049//4049 4033//4033 4012//4012
f 4051//4051 4052//4052 4050//4050
f 4051//4051 4012//4012 4011//4011
f 4051//4051 4050//4050 4049//4049
f 4051//4051 4049//4049 4012//4012
f 4053//4053 4033//4033 4050//4050
f 4053//4053 3991//3991 3992//3992
f 4053//4053 3992//3992 4033//4033
f 4054//4054 4011//4011 4034//4034
f 4054//4054 4034//4034 4035//4035
f 4054//4054 4036//4036 4052//4052
f 4054//4054 4051//4051 4011//4011
f 4054//4054 4035//4035 4036//4036
f 4054//4054 4052//4052 4051//4051
f 4055//4055 4050//4050 4052//4052
f 4055//4055 4053//4053 4050//4050
f 4055//4055 3991//3991 4053//4053
f 4056//4056 4055//4055 4052//4052
f 4056//4056 3991//3991 4055//4055
f 4057//4057 3987//3987 3988//3988
f 4057//4057 3988//3988 3989//3989
f 4057//4057 3989//3989 3990//3990
f 4057//4057 3990//3990 3991//3991
f 4057//4057 4052//4052 4036//4036
f 4057//4057 3991//3991 4056//4056
f 4057//4057 4056//4056 4052//4052
f 4058//4058 3983//3983 3984//3984
f 4058//4058 3984//3984 3985//3985
f 4058//4058 3985//3985 3986//3986
f 4058//4058 3986//3986 3987//3987
f 4058//4058 3987//3987 4057//4057
f 4058//4058 4036//4036 3983//3983
f 4058//4058 4057//4057 4036//4036
f 4059//4059 4004//4004 4005//4005
f 4059//4059 4005//4005 4006//4006
f 4059//4059 4006//4006 4027//4027
f 4059//4059 4041//4041 4004//4004
f 4060//4060 4039//4039 4041//4041
f 4060//4060 4027//4027 4037//4037
f 4060//4060 4037//4037 4039//4039
f 4060//4060 4041//4041 4059//4059
f 4060//4060 4059//4059 4027//4027
f 4099//4099 4106//4106 4100//4100
f 4157//4157 4108//4108 4107//4107
f 4157//4157 4109//4109 4108//4108
f 4158//4158 4106//4106 4099//4099
f 4158//4158 4157//4157 4107//4107
f 4158//4158 4107//4107 4106//4106
f 4159//4159 4099//4099 4098//4098
f 4159//4159 4158//4158 4099//4099
f 4160//4160 4109//4109 4157//4157
f 4160//4160 4111//4111 4110//4110
f 4160//4160 4110//4110 4109//4109
f 4161//4161 4159//4159 4098//4098
f 4162//4162 4112//4112 4111//4111
f 4162//4162 4111//4111 4160//4160
f 4163//4163 4164//4164 4161//4161
f 4163//4163 4098//4098 4097//4097
f 4163//4163 4161//4161 4098//4098
f 4165//4165 4112//4112 4162//4162
f 4166//4166 4163//4163 4097//4097
f 4166//4166 4097//4097 4096//4096
f 4167//4167 4113//4113 4112//4112
f 4167//4167 4112//4112 4165//4165
f 4168//4168 4166//4166 4096//4096
f 4168//4168 4169//4169 4166//4166
f 4170//4170 4113//4113 4167//4167
f 4171//4171 4169//4169 4168//4168
f 4172//4172 4170//4170 4169//4169
f 4172//4172 4169//4169 4171//4171
f 4172//4172 4114//4114 4113//4113
f 4172//4172 4113//4113 4170//4170
f 4173//4173 4095//4095 4094//4094
f 4174//4174 4173//4173 4094//4094
f 4175//4175 4174//4174 4094//4094
f 4175//4175 4094//4094 4093//4093
f 4176//4176 4115//4115 4177//4177
f 4176//4176 4177//4177 4178//4178
f 4176//4176 4116//4116 4115//4115
f 4179//4179 4118//4118 4117//4117
f 4180//4180 4181//4181 4092//4092
f 4180//4180 4182//4182 4181//4181
f 4180//4180 4092//4092 4091//4091
f 4183//4183 4118//4118 4179//4179
f 4184//4184 4180//4180 4091//4091
f 4184//4184 4091//4091 4090//4090
f 4185//4185 4183//4183 4182//4182
f 4185//4185 4118//4118 4183//4183
f 4185//4185 4119//4119 4118//4118
f 4186//4186 4187//4187 4184//4184
f 4186//4186 4184//4184 4090//4090
f 4188//4188 4119//4119 4185//4185
f 4188//4188 4120//4120 4119//4119
f 4189//4189 4188//4188 4187//4187
f 4189//4189 4120//4120 4188//4188
f 4190//4190 4090//4090 4089//4089
f 4190//4190 4186//4186 4090//4090
f 4191//4191 4120//4120 4189//4189
f 4191//4191 4121//4121 4120//4120
f 4192//4192 4190//4190 4089//4089
f 4193//4193 4121//4121 4191//4191
f 4194//4194 4089//4089 4088//4088
f 4194//4194 4192//4192 4089//4089
f 4195//4195 4121//4121 4193//4193
f 4195//4195 4122//4122 4121//4121
f 4195//4195 4193//4193 4196//4196
f 4197//4197 4194//4194 4088//4088
f 4198//4198 4122//4122 4195//4195
f 4198//4198 4123//4123 4122//4122
f 4199//4199 4197//4197 4088//4088
f 4199//4199 4088//4088 4087//4087
f 4199//4199 4200//4200 4197//4197
f 4201//4201 4123//4123 4198//4198
f 4201//4201 4198//4198 4200//4200
f 4202//4202 4124//4124 4123//4123
f 4202//4202 4123//4123 4201//4201
f 4203//4203 4199//4199 4087//4087
f 4204//4204 4087//4087 4086//4086
f 4204//4204 4205//4205 4203//4203
f 4204//4204 4203//4203 4087//4087
f 4206//4206 4124//4124 4202//4202
f 4207//4207 4125//4125 4124//4124
f 4207//4207 4124//4124 4206//4206
f 4207//4207 4206//4206 4205//4205
f 4208//4208 4205//4205 4204//4204
f 4208//4208 4207//4207 4205//4205
f 4209//4209 4085//4085 4084//4084
f 4210//4210 4209//4209 4211//4211
f 4212//4212 4209//4209 4084//4084
f 4212//4212 4211//4211 4209//4209
f 4213//4213 4210//4210 4211//4211
f 4214//4214 4211//4211 4212//4212
f 4215//4215 4211//4211 4214//4214
f 4215//4215 4213//4213 4211//4211
f 4215//4215 4127//4127 4213//4213
f 4215//4215 4128//4128 4127//4127
f 4216//4216 4083//4083 4082//4082
f 4217//4217 4216//4216 4082//4082
f 4218//4218 4131//4131 4130//4130
f 4219//4219 4220//4220 4217//4217
f 4219//4219 4082//4082 4081//4081
f 4219//4219 4217//4217 4082//4082
f 4221//4221 4131//4131 4218//4218
f 4221//4221 4218//4218 4220//4220
f 4222//4222 4220//4220 4219//4219
f 4222//4222 4221//4221 4220//4220
f 4223//4223 4080//4080 4079//4079
f 4224//4224 4223//4223 4225//4225
f 4226//4226 4223//4223 4079//4079
f 4226//4226 4225//4225 4223//4223
f 4227//4227 4224//4224 4225//4225
f 4227//4227 4134//4134 4133//4133
f 4228//4228 4225//4225 4226//4226
f 4229//4229 4227//4227 4225//4225
f 4229//4229 4134//4134 4227//4227
f 4229//4229 4225//4225 4228//4228
f 4230//4230 4078//4078 4077//4077
f 4231//4231 4230//4230 4077//4077
f 4232//4232 4137//4137 4136//4136
f 4233//4233 4077//4077 4076//4076
f 4233//4233 4231//4231 4077//4077
f 4234//4234 4137//4137 4232//4232
f 4234//4234 4232//4232 4235//4235
f 4236//4236 4138//4138 4137//4137
f 4236//4236 4137//4137 4234//4234
f 4237//4237 4238//4238 4239//4239
f 4240//4240 4238//4238 4075//4075
f 4240//4240 4239//4239 4238//4238
f 4240//4240 4075//4075 4074//4074
f 4241//4241 4237//4237 4239//4239
f 4241//4241 4140//4140 4139//4139
f 4242//4242 4241//4241 4239//4239
f 4242//4242 4140//4140 4241//4241
f 4243//4243 4074//4074 4073//4073
f 4243//4243 4240//4240 4074//4074
f 4244//4244 4140//4140 4242//4242
f 4244//4244 4141//4141 4140//4140
f 4245//4245 4243//4243 4073//4073
f 4245//4245 4246//4246 4243//4243
f 4247//4247 4141//4141 4244//4244
f 4248//4248 4073//4073 4072//4072
f 4248//4248 4245//4245 4073//4073
f 4249//4249 4247//4247 4246//4246
f 4249//4249 4141//4141 4247//4247
f 4249//4249 4142//4142 4141//4141
f 4250//4250 4248//4248 4072//4072
f 4250//4250 4251//4251 4248//4248
f 4252//4252 4142//4142 4249//4249
f 4252//4252 4143//4143 4142//4142
f 4253//4253 4072//4072 4071//4071
f 4253//4253 4250//4250 4072//4072
f 4254//4254 4143//4143 4252//4252
f 4254//4254 4252//4252 4251//4251
f 4255//4255 4143//4143 4254//4254
f 4255//4255 4144//4144 4143//4143
f 4256//4256 4257//4257 4258//4258
f 4259//4259 4146//4146 4145//4145
f 4259//4259 4258//4258 4257//4257
f 4260//4260 4256//4256 4070//4070
f 4260//4260 4070//4070 4069//4069
f 4260//4260 4257//4257 4256//4256
f 4261//4261 4259//4259 4257//4257
f 4261//4261 4146//4146 4259//4259
f 4262//4262 4146//4146 4261//4261
f 4262//4262 4147//4147 4146//4146
f 4263//4263 4068//4068 4067//4067
f 4264//4264 4263//4263 4067//4067
f 4264//4264 4265//4265 4263//4263
f 4266//4266 4149//4149 4148//4148
f 4267//4267 4149//4149 4266//4266
f 4267//4267 4266//4266 4265//4265
f 4268//4268 4067//4067 4066//4066
f 4268//4268 4264//4264 4067//4067
f 4269//4269 4150//4150 4149//4149
f 4269//4269 4149//4149 4267//4267
f 4270//4270 4268//4268 4066//4066
f 4271//4271 4150//4150 4269//4269
f 4272//4272 4066//4066 4065//4065
f 4272//4272 4270//4270 4066//4066
f 4273//4273 4150//4150 4271//4271
f 4273//4273 4271//4271 4274//4274
f 4273//4273 4151//4151 4150//4150
f 4275//4275 4272//4272 4065//4065
f 4276//4276 4151//4151 4273//4273
f 4276//4276 4152//4152 4151//4151
f 4277//4277 4065//4065 4064//4064
f 4277//4277 4275//4275 4065//4065
f 4278//4278 4276//4276 4279//4279
f 4278//4278 4152//4152 4276//4276
f 4280//4280 4152//4152 4278//4278
f 4280//4280 4278//4278 4279//4279
f 4280//4280 4153//4153 4152//4152
f 4281//4281 4155//4155 4154//4154
f 4282//4282 4063//4063 4062//4062
f 4282//4282 4283//4283 4284//4284
f 4282//4282 4284//4284 4063//4063
f 4285//4285 4155//4155 4281//4281
f 4286//4286 4155//4155 4285//4285
f 4286//4286 4156//4156 4155//4155
f 4287//4287 4103//4103 4104//4104
f 4287//4287 4104//4104 4105//4105
f 4287//4287 4105//4105 4156//4156
f 4288//4288 4157//4157 4158//4158
f 4288//4288 4158//4158 4159//4159
f 4288//4288 4160//4160 4157//4157
f 4289//4289 4288//4288 4159//4159
f 4289//4289 4160//4160 4288//4288
f 4289//4289 4162//4162 4160//4160
f 4289//4289 4159//4159 4161//4161
f 4290//4290 4161//4161 4164//4164
f 4290//4290 4289//4289 4161//4161
f 4290//4290 4162//4162 4289//4289
f 4290//4290 4164//4164 4165//4165
f 4290//4290 4165//4165 4162//4162
f 4291//4291 4164//4164 4163//4163
f 4291//4291 4167//4167 4165//4165
f 4291//4291 4165//4165 4164//4164
f 4292//4292 4169//4169 4170//4170
f 4292//4292 4291//4291 4163//4163
f 4292//4292 4166//4166 4169//4169
f 4292//4292 4167//4167 4291//4291
f 4292//4292 4170//4170 4167//4167
f 4292//4292 4163//4163 4166//4166
f 4293//4293 4168//4168 4096//4096
f 4293//4293 4171//4171 4168//4168
f 4294//4294 4171//4171 4293//4293
f 4294//4294 4295//4295 4171//4171
f 4294//4294 4096//4096 4095//4095
f 4294//4294 4293//4293 4096//4096
f 4296//4296 4295//4295 4294//4294
f 4296//4296 4294//4294 4095//4095
f 4297//4297 4172//4172 4171//4171
f 4297//4297 4114//4114 4172//4172
f 4297//4297 4171//4171 4295//4295
f 4298//4298 4296//4296 4095//4095
f 4298//4298 4173//4173 4299//4299
f 4298//4298 4295//4295 4296//4296
f 4298//4298 4095//4095 4173//4173
f 4298//4298 4299//4299 4295//4295
f 4300//4300 4297//4297 4295//4295
f 4300//4300 4114//4114 4297//4297
f 4301//4301 4115//4115 4114//4114
f 4301//4301 4300//4300 4295//4295
f 4301//4301 4114//4114 4300//4300
f 4301//4301 4295//4295 4299//4299
f 4302//4302 4178//4178 4177//4177
f 4302//4302 4174//4174 4178//4178
f 4302//4302 4299//4299 4173//4173
f 4302//4302 4173//4173 4174//4174
f 4303//4303 4177//4177 4115//4115
f 4303//4303 4115//4115 4301//4301
f 4303//4303 4301//4301 4299//4299
f 4303//4303 4299//4299 4302//4302
f 4303//4303 4302//4302 4177//4177
f 4304//4304 4175//4175 4305//4305
f 4304//4304 4176//4176 4178//4178
f 4304//4304 4178//4178 4174//4174
f 4304//4304 4174//4174 4175//4175
f 4306//4306 4305//4305 4175//4175
f 4306//4306 4175//4175 4093//4093
f 4307//4307 4306//4306 4093//4093
f 4307//4307 4305//4305 4306//4306
f 4307//4307 4308//4308 4305//4305
f 4309//4309 4116//4116 4176//4176
f 4309//4309 4304//4304 4305//4305
f 4309//4309 4176//4176 4304//4304
f 4310//4310 4307//4307 4093//4093
f 4310//4310 4308//4308 4307//4307
f 4310//4310 4311//4311 4308//4308
f 4310//4310 4093//4093 4092//4092
f 4312//4312 4305//4305 4308//4308
f 4312//4312 4116//4116 4309//4309
f 4312//4312 4309//4309 4305//4305
f 4312//4312 4117//4117 4116//4116
f 4313//4313 4311//4311 4310//4310
f 4313//4313 4310//4310 4092//4092
f 4313//4313 4092//4092 4181//4181
f 4314//4314 4312//4312 4308//4308
f 4314//4314 4117//4117 4312//4312
f 4315//4315 4308//4308 4311//4311
f 4315//4315 4117//4117 4314//4314
f 4315//4315 4179//4179 4117//4117
f 4315//4315 4311//4311 4179//4179
f 4315//4315 4314//4314 4308//4308
f 4316//4316 4311//4311 4313//4313
f 4316//4316 4313//4313 4181//4181
f 4316//4316 4181//4181 4182//4182
f 4316//4316 4179//4179 4311//4311
f 4316//4316 4182//4182 4183//4183
f 4316//4316 4183//4183 4179//4179
f 4317//4317 4182//4182 4180//4180
f 4317//4317 4185//4185 4182//4182
f 4318//4318 4185//4185 4317//4317
f 4318//4318 4180//4180 4184//4184
f 4318//4318 4317//4317 4180//4180
f 4318//4318 4188//4188 4185//4185
f 4319//4319 4187//4187 4188//4188
f 4319//4319 4184//4184 4187//4187
f 4319//4319 4318//4318 4184//4184
f 4319//4319 4188//4188 4318//4318
f 4320//4320 4189//4189 4187//4187
f 4320//4320 4187//4187 4186//4186
f 4320//4320 4186//4186 4190//4190
f 4320//4320 4191//4191 4189//4189
f 4321//4321 4320//4320 4190//4190
f 4321//4321 4191//4191 4320//4320
f 4322//4322 4191//4191 4321//4321
f 4322//4322 4193//4193 4191//4191
f 4322//4322 4192//4192 4196//4196
f 4322//4322 4190//4190 4192//4192
f 4322//4322 4321//4321 4190//4190
f 4322//4322 4196//4196 4193//4193
f 4323//4323 4196//4196 4192//4192
f 4323//4323 4192//4192 4194//4194
f 4323//4323 4195//4195 4196//4196
f 4324//4324 4200//4200 4198//4198
f 4324//4324 4323//4323 4194//4194
f 4324//4324 4195//4195 4323//4323
f 4324//4324 4194//4194 4197//4197
f 4324//4324 4197//4197 4200//4200
f 4324//4324 4198//4198 4195//4195
f 4325//4325 4200//4200 4199//4199
f 4325//4325 4201//4201 4200//4200
f 4325//4325 4202//4202 4201//4201
f 4326//4326 4202//4202 4325//4325
f 4326//4326 4325//4325 4199//4199
f 4326//4326 4199//4199 4203//4203
f 4326//4326 4206//4206 4202//4202
f 4327//4327 4206//4206 4326//4326
f 4327//4327 4203//4203 4205//4205
f 4327//4327 4326//4326 4203//4203
f 4327//4327 4205//4205 4206//4206
f 4328//4328 4208//4208 4204//4204
f 4328//4328 4204//4204 4086//4086
f 4329//4329 4328//4328 4086//4086
f 4329//4329 4208//4208 4328//4328
f 4329//4329 4330//4330 4208//4208
f 4331//4331 4125//4125 4207//4207
f 4331//4331 4207//4207 4208//4208
f 4332//4332 4126//4126 4125//4125
f 4332//4332 4331//4331 4208//4208
f 4332//4332 4125//4125 4331//4331
f 4332//4332 4208//4208 4330//4330
f 4333//4333 4086//4086 4085//4085
f 4333//4333 4330//4330 4329//4329
f 4333//4333 4329//4329 4086//4086
f 4333//4333 4334//4334 4330//4330
f 4335//4335 4210//4210 4334//4334
f 4335//4335 4333//4333 4085//4085
f 4335//4335 4334//4334 4333//4333
f 4336//4336 4126//4126 4332//4332
f 4336//4336 4332//4332 4330//4330
f 4336//4336 4330//4330 4334//4334
f 4337//4337 4209//4209 4210//4210
f 4337//4337 4210//4210 4335//4335
f 4337//4337 4085//4085 4209//4209
f 4337//4337 4335//4335 4085//4085
f 4338//4338 4336//4336 4334//4334
f 4338//4338 4126//4126 4336//4336
f 4339//4339 4334//4334 4210//4210
f 4339//4339 4127//4127 4126//4126
f 4339//4339 4338//4338 4334//4334
f 4339//4339 4126//4126 4338//4338
f 4340//4340 4213//4213 4127//4127
f 4340//4340 4210//4210 4213//4213
f 4340//4340 4127//4127 4339//4339
f 4340//4340 4339//4339 4210//4210
f 4341//4341 4212//4212 4084//4084
f 4341//4341 4214//4214 4212//4212
f 4342//4342 4214//4214 4341//4341
f 4342//4342 4343//4343 4214//4214
f 4342//4342 4084//4084 4083//4083
f 4342//4342 4341//4341 4084//4084
f 4344//4344 4215//4215 4214//4214
f 4344//4344 4128//4128 4215//4215
f 4345//4345 4346//4346 4343//4343
f 4345//4345 4343//4343 4342//4342
f 4345//4345 4342//4342 4083//4083
f 4347//4347 4214//4214 4343//4343
f 4347//4347 4129//4129 4128//4128
f 4347//4347 4344//4344 4214//4214
f 4347//4347 4128//4128 4344//4344
f 4348//4348 4345//4345 4083//4083
f 4348//4348 4346//4346 4345//4345
f 4349//4349 4346//4346 4348//4348
f 4349//4349 4348//4348 4083//4083
f 4349//4349 4083//4083 4216//4216
f 4349//4349 4216//4216 4350//4350
f 4349//4349 4350//4350 4346//4346
f 4351//4351 4129//4129 4347//4347
f 4351//4351 4343//4343 4346//4346
f 4351//4351 4347//4347 4343//4343
f 4352//4352 4351//4351 4346//4346
f 4352//4352 4129//4129 4351//4351
f 4353//4353 4129//4129 4352//4352
f 4353//4353 4352//4352 4346//4346
f 4353//4353 4346//4346 4350//4350
f 4353//4353 4130//4130 4129//4129
f 4354//4354 4217//4217 4220//4220
f 4354//4354 4350//4350 4216//4216
f 4354//4354 4216//4216 4217//4217
f 4354//4354 4220//4220 4218//4218
f 4355//4355 4353//4353 4350//4350
f 4355//4355 4130//4130 4353//4353
f 4355//4355 4350//4350 4354//4354
f 4355//4355 4354//4354 4218//4218
f 4355//4355 4218//4218 4130//4130
f 4356//4356 4219//4219 4081//4081
f 4356//4356 4222//4222 4219//4219
f 4356//4356 4357//4357 4222//4222
f 4358//4358 4356//4356 4081//4081
f 4358//4358 4357//4357 4356//4356
f 4359//4359 4131//4131 4221//4221
f 4359//4359 4221//4221 4222//4222
f 4360//4360 4081//4081 4080//4080
f 4360//4360 4357//4357 4358//4358
f 4360//4360 4361//4361 4357//4357
f 4360//4360 4358//4358 4081//4081
f 4362//4362 4359//4359 4222//4222
f 4362//4362 4131//4131 4359//4359
f 4362//4362 4222//4222 4357//4357
f 4362//4362 4132//4132 4131//4131
f 4363//4363 4361//4361 4360//4360
f 4363//4363 4360//4360 4080//4080
f 4363//4363 4224//4224 4361//4361
f 4364//4364 4362//4362 4357//4357
f 4364//4364 4132//4132 4362//4362
f 4365//4365 4363//4363 4080//4080
f 4365//4365 4224//4224 4363//4363
f 4365//4365 4080//4080 4223//4223
f 4365//4365 4223//4223 4224//4224
f 4366//4366 4364//4364 4357//4357
f 4366//4366 4132//4132 4364//4364
f 4366//4366 4357//4357 4361//4361
f 4367//4367 4132//4132 4366//4366
f 4367//4367 4366//4366 4361//4361
f 4367//4367 4361//4361 4224//4224
f 4367//4367 4133//4133 4132//4132
f 4368//4368 4367//4367 4224//4224
f 4368//4368 4133//4133 4367//4367
f 4368//4368 4227//4227 4133//4133
f 4368//4368 4224//4224 4227//4227
f 4369//4369 4226//4226 4079//4079
f 4369//4369 4228//4228 4226//4226
f 4370//4370 4369//4369 4079//4079
f 4370//4370 4228//4228 4369//4369
f 4370//4370 4371//4371 4228//4228
f 4372//4372 4134//4134 4229//4229
f 4372//4372 4229//4229 4228//4228
f 4373//4373 4374//4374 4371//4371
f 4373//4373 4079//4079 4078//4078
f 4373//4373 4370//4370 4079//4079
f 4373//4373 4371//4371 4370//4370
f 4375//4375 4134//4134 4372//4372
f 4375//4375 4372//4372 4228//4228
f 4375//4375 4135//4135 4134//4134
f 4375//4375 4228//4228 4371//4371
f 4376//4376 4374//4374 4373//4373
f 4376//4376 4373//4373 4078//4078
f 4377//4377 4371//4371 4374//4374
f 4377//4377 4375//4375 4371//4371
f 4377//4377 4135//4135 4375//4375
f 4378//4378 4374//4374 4376//4376
f 4378//4378 4376//4376 4078//4078
f 4378//4378 4379//4379 4374//4374
f 4378//4378 4230//4230 4379//4379
f 4378//4378 4078//4078 4230//4230
f 4380//4380 4377//4377 4374//4374
f 4380//4380 4135//4135 4377//4377
f 4381//4381 4136//4136 4135//4135
f 4381//4381 4374//4374 4379//4379
f 4381//4381 4135//4135 4380//4380
f 4381//4381 4380//4380 4374//4374
f 4382//4382 4379//4379 4230//4230
f 4382//4382 4235//4235 4232//4232
f 4382//4382 4231//4231 4235//4235
f 4382//4382 4230//4230 4231//4231
f 4383//4383 4232//4232 4136//4136
f 4383//4383 4136//4136 4381//4381
f 4383//4383 4379//4379 4382//4382
f 4383//4383 4381//4381 4379//4379
f 4383//4383 4382//4382 4232//4232
f 4384//4384 4235//4235 4231//4231
f 4384//4384 4231//4231 4233//4233
f 4384//4384 4234//4234 4235//4235
f 4384//4384 4236//4236 4234//4234
f 4384//4384 4385//4385 4236//4236
f 4386//4386 4233//4233 4076//4076
f 4386//4386 4384//4384 4233//4233
f 4386//4386 4385//4385 4384//4384
f 4387//4387 4385//4385 4386//4386
f 4387//4387 4386//4386 4076//4076
f 4387//4387 4388//4388 4385//4385
f 4389//4389 4138//4138 4236//4236
f 4389//4389 4236//4236 4385//4385
f 4390//4390 4388//4388 4387//4387
f 4390//4390 4387//4387 4076//4076
f 4390//4390 4237//4237 4388//4388
f 4390//4390 4076//4076 4075//4075
f 4391//4391 4389//4389 4385//4385
f 4391//4391 4138//4138 4389//4389
f 4391//4391 4385//4385 4388//4388
f 4392//4392 4075//4075 4238//4238
f 4392//4392 4390//4390 4075//4075
f 4392//4392 4237//4237 4390//4390
f 4392//4392 4238//4238 4237//4237
f 4393//4393 4388//4388 4237//4237
f 4393//4393 4138//4138 4391//4391
f 4393//4393 4391//4391 4388//4388
f 4393//4393 4139//4139 4138//4138
f 4394//4394 4241//4241 4139//4139
f 4394//4394 4139//4139 4393//4393
f 4394//4394 4237//4237 4241//4241
f 4394//4394 4393//4393 4237//4237
f 4395//4395 4242//4242 4239//4239
f 4395//4395 4239//4239 4240//4240
f 4396//4396 4244//4244 4242//4242
f 4396//4396 4240//4240 4243//4243
f 4396//4396 4242//4242 4395//4395
f 4396//4396 4395//4395 4240//4240
f 4397//4397 4243//4243 4246//4246
f 4397//4397 4247//4247 4244//4244
f 4397//4397 4246//4246 4247//4247
f 4397//4397 4396//4396 4243//4243
f 4397//4397 4244//4244 4396//4396
f 4398//4398 4246//4246 4245//4245
f 4398//4398 4249//4249 4246//4246
f 4399//4399 4245//4245 4248//4248
f 4399//4399 4249//4249 4398//4398
f 4399//4399 4398//4398 4245//4245
f 4399//4399 4252//4252 4249//4249
f 4400//4400 4248//4248 4251//4251
f 4400//4400 4399//4399 4248//4248
f 4400//4400 4252//4252 4399//4399
f 4400//4400 4251//4251 4252//4252
f 4401//4401 4251//4251 4250//4250
f 4401//4401 4250//4250 4253//4253
f 4401//4401 4254//4254 4251//4251
f 4401//4401 4255//4255 4254//4254
f 4401//4401 4253//4253 4402//4402
f 4403//4403 4402//4402 4253//4253
f 4403//4403 4253//4253 4071//4071
f 4404//4404 4403//4403 4071//4071
f 4404//4404 4402//4402 4403//4403
f 4404//4404 4405//4405 4402//4402
f 4406//4406 4401//4401 4402//4402
f 4406//4406 4255//4255 4401//4401
f 4406//4406 4144//4144 4255//4255
f 4407//4407 4406//4406 4402//4402
f 4407//4407 4144//4144 4406//4406
f 4407//4407 4402//4402 4405//4405
f 4407//4407 4145//4145 4144//4144
f 4408//4408 4071//4071 4070//4070
f 4408//4408 4404//4404 4071//4071
f 4408//4408 4405//4405 4404//4404
f 4408//4408 4258//4258 4405//4405
f 4409//4409 4070//4070 4256//4256
f 4409//4409 4408//4408 4070//4070
f 4409//4409 4258//4258 4408//4408
f 4409//4409 4256//4256 4258//4258
f 4410//4410 4407//4407 4405//4405
f 4410//4410 4145//4145 4407//4407
f 4410//4410 4405//4405 4258//4258
f 4411//4411 4145//4145 4410//4410
f 4411//4411 4259//4259 4145//4145
f 4411//4411 4258//4258 4259//4259
f 4411//4411 4410//4410 4258//4258
f 4412//4412 4261//4261 4257//4257
f 4412//4412 4257//4257 4260//4260
f 4412//4412 4262//4262 4261//4261
f 4412//4412 4413//4413 4262//4262
f 4414//4414 4260//4260 4069//4069
f 4414//4414 4412//4412 4260//4260
f 4414//4414 4413//4413 4412//4412
f 4415//4415 4069//4069 4068//4068
f 4415//4415 4414//4414 4069//4069
f 4415//4415 4413//4413 4414//4414
f 4415//4415 4416//4416 4413//4413
f 4417//4417 4147//4147 4262//4262
f 4417//4417 4262//4262 4413//4413
f 4418//4418 4415//4415 4068//4068
f 4418//4418 4416//4416 4415//4415
f 4418//4418 4419//4419 4416//4416
f 4420//4420 4147//4147 4417//4417
f 4420//4420 4413//4413 4416//4416
f 4420//4420 4417//4417 4413//4413
f 4420//4420 4148//4148 4147//4147
f 4421//4421 4068//4068 4263//4263
f 4421//4421 4418//4418 4068//4068
f 4421//4421 4419//4419 4418//4418
f 4422//4422 4416//4416 4419//4419
f 4422//4422 4420//4420 4416//4416
f 4422//4422 4148//4148 4420//4420
f 4423//4423 4422//4422 4419//4419
f 4423//4423 4266//4266 4148//4148
f 4423//4423 4419//4419 4266//4266
f 4423//4423 4148//4148 4422//4422
f 4424//4424 4263//4263 4265//4265
f 4424//4424 4421//4421 4263//4263
f 4424//4424 4419//4419 4421//4421
f 4424//4424 4266//4266 4419//4419
f 4424//4424 4265//4265 4266//4266
f 4425//4425 4267//4267 4265//4265
f 4425//4425 4265//4265 4264//4264
f 4425//4425 4269//4269 4267//4267
f 4426//4426 4271//4271 4269//4269
f 4426//4426 4264//4264 4268//4268
f 4426//4426 4425//4425 4264//4264
f 4426//4426 4269//4269 4425//4425
f 4427//4427 4268//4268 4270//4270
f 4427//4427 4426//4426 4268//4268
f 4427//4427 4274//4274 4271//4271
f 4427//4427 4271//4271 4426//4426
f 4427//4427 4270//4270 4274//4274
f 4428//4428 4276//4276 4273//4273
f 4428//4428 4270//4270 4272//4272
f 4428//4428 4273//4273 4274//4274
f 4428//4428 4274//4274 4270//4270
f 4429//4429 4428//4428 4272//4272
f 4429//4429 4276//4276 4428//4428
f 4429//4429 4275//4275 4279//4279
f 4429//4429 4272//4272 4275//4275
f 4429//4429 4279//4279 4276//4276
f 4430//4430 4279//4279 4275//4275
f 4430//4430 4275//4275 4277//4277
f 4430//4430 4280//4280 4279//4279
f 4430//4430 4277//4277 4431//4431
f 4432//4432 4431//4431 4277//4277
f 4432//4432 4277//4277 4064//4064
f 4433//4433 4432//4432 4064//4064
f 4433//4433 4434//4434 4431//4431
f 4433//4433 4431//4431 4432//4432
f 4435//4435 4280//4280 4430//4430
f 4435//4435 4430//4430 4431//4431
f 4435//4435 4153//4153 4280//4280
f 4436//4436 4064//4064 4063//4063
f 4436//4436 4434//4434 4433//4433
f 4436//4436 4433//4433 4064//4064
f 4436//4436 4437//4437 4434//4434
f 4438//4438 4153//4153 4435//4435
f 4438//4438 4431//4431 4434//4434
f 4438//4438 4435//4435 4431//4431
f 4438//4438 4154//4154 4153//4153
f 4439//4439 4436//4436 4063//4063
f 4439//4439 4437//4437 4436//4436
f 4439//4439 4063//4063 4284//4284
f 4440//4440 4438//4438 4434//4434
f 4440//4440 4154//4154 4438//4438
f 4440//4440 4434//4434 4437//4437
f 4441//4441 4437//4437 4281//4281
f 4441//4441 4154//4154 4440//4440
f 4441//4441 4440//4440 4437//4437
f 4441//4441 4281//4281 4154//4154
f 4442//4442 4437//4437 4439//4439
f 4442//4442 4439//4439 4284//4284
f 4442//4442 4281//4281 4437//4437
f 4442//4442 4284//4284 4283//4283
f 4442//4442 4285//4285 4281//4281
f 4442//4442 4283//4283 4285//4285
f 4443//4443 4062//4062 4061//4061
f 4443//4443 4061//4061 4101//4101
f 4443//4443 4282//4282 4062//4062
f 4444//4444 4283//4283 4282//4282
f 4444//4444 4443//4443 4445//4445
f 4444//4444 4285//4285 4283//4283
f 4444//4444 4282//4282 4443//4443
f 4444//4444 4286//4286 4285//4285
f 4444//4444 4445//4445 4286//4286
f 4446//4446 4286//4286 4445//4445
f 4446//4446 4156//4156 4286//4286
f 4446//4446 4287//4287 4156//4156
f 4446//4446 4445//4445 4287//4287
f 4447//4447 4445//4445 4443//4443
f 4447//4447 4101//4101 4102//4102
f 4447//4447 4102//4102 4103//4103
f 4447//4447 4287//4287 4445//4445
f 4447//4447 4443//4443 4101//4101
f 4447//4447 4103//4103 4287//4287
f 4448//4448 4449//4449 4469//4469
f 4490//4490 4473//4473 4472//4472
f 4468//4468 4491//4491 4467//4467
f 4491//4491 4492//4492 4467//4467
f 4492//4492 4493//4493 4467//4467
f 4450//4450 4494//4494 4449//4449
f 4451//4451 4494//4494 4450//4450
f 4469//4469 4494//4494 4468//4468
f 4449//4449 4494//4494 4469//4469
f 4468//4468 4494//4494 4491//4491
f 4493//4493 4495//4495 4467//4467
f 4452//4452 4496//4496 4451//4451
f 4453//4453 4496//4496 4452//4452
f 4491//4491 4496//4496 4492//4492
f 4451//4451 4496//4496 4494//4494
f 4494//4494 4496//4496 4491//4491
f 4495//4495 4497//4497 4467//4467
f 4454//4454 4498//4498 4453//4453
f 4455//4455 4498//4498 4454//4454
f 4496//4496 4498//4498 4492//4492
f 4492//4492 4498//4498 4493//4493
f 4453//4453 4498//4498 4496//4496
f 4497//4497 4499//4499 4467//4467
f 4493//4493 4500//4500 4495//4495
f 4456//4456 4500//4500 4455//4455
f 4457//4457 4500//4500 4456//4456
f 4455//4455 4500//4500 4498//4498
f 4498//4498 4500//4500 4493//4493
f 4499//4499 4501//4501 4467//4467
f 4458//4458 4502//4502 4457//4457
f 4459//4459 4502//4502 4458//4458
f 4457//4457 4502//4502 4500//4500
f 4495//4495 4502//4502 4497//4497
f 4500//4500 4502//4502 4495//4495
f 4501//4501 4503//4503 4467//4467
f 4460//4460 4504//4504 4459//4459
f 4461//4461 4504//4504 4460//4460
f 4459//4459 4504//4504 4502//4502
f 4502//4502 4504//4504 4497//4497
f 4497//4497 4504//4504 4499//4499
f 4467//4467 4505//4505 4470//4470
f 4503//4503 4505//4505 4467//4467
f 4461//4461 4506//4506 4504//4504
f 4462//4462 4506//4506 4461//4461
f 4463//4463 4506//4506 4462//4462
f 4501//4501 4506//4506 4503//4503
f 4504//4504 4506//4506 4499//4499
f 4499//4499 4506//4506 4501//4501
f 4505//4505 4507//4507 4470//4470
f 4464//4464 4508//4508 4463//4463
f 4465//4465 4508//4508 4464//4464
f 4506//4506 4508//4508 4503//4503
f 4463//4463 4508//4508 4506//4506
f 4507//4507 4509//4509 4470//4470
f 4505//4505 4510//4510 4507//4507
f 4466//4466 4510//4510 4465//4465
f 4465//4465 4510//4510 4508//4508
f 4474//4474 4510//4510 4466//4466
f 4508//4508 4510//4510 4503//4503
f 4503//4503 4510//4510 4505//4505
f 4509//4509 4511//4511 4470//4470
f 4474//4474 4512//4512 4510//4510
f 4475//4475 4512//4512 4474//4474
f 4476//4476 4512//4512 4475//4475
f 4507//4507 4512//4512 4509//4509
f 4510//4510 4512//4512 4507//4507
f 4511//4511 4513//4513 4470//4470
f 4477//4477 4514//4514 4476//4476
f 4478//4478 4514//4514 4477//4477
f 4512//4512 4514//4514 4509//4509
f 4476//4476 4514//4514 4512//4512
f 4513//4513 4515//4515 4470//4470
f 4514//4514 4516//4516 4509//4509
f 4509//4509 4516//4516 4511//4511
f 4479//4479 4516//4516 4478//4478
f 4480//4480 4516//4516 4479//4479
f 4478//4478 4516//4516 4514//4514
f 4511//4511 4516//4516 4513//4513
f 4515//4515 4517//4517 4470//4470
f 4481//4481 4518//4518 4480//4480
f 4482//4482 4518//4518 4481//4481
f 4516//4516 4518//4518 4513//4513
f 4480//4480 4518//4518 4516//4516
f 4517//4517 4519//4519 4470//4470
f 4483//4483 4520//4520 4482//4482
f 4484//4484 4520//4520 4483//4483
f 4513//4513 4520//4520 4515//4515
f 4482//4482 4520//4520 4518//4518
f 4515//4515 4520//4520 4517//4517
f 4518//4518 4520//4520 4513//4513
f 4470//4470 4521//4521 4471//4471
f 4471//4471 4521//4521 4472//4472
f 4519//4519 4521//4521 4470//4470
f 4485//4485 4522//4522 4484//4484
f 4486//4486 4522//4522 4485//4485
f 4484//4484 4522//4522 4520//4520
f 4517//4517 4522//4522 4519//4519
f 4520//4520 4522//4522 4517//4517
f 4487//4487 4523//4523 4486//4486
f 4488//4488 4523//4523 4487//4487
f 4486//4486 4523//4523 4522//4522
f 4522//4522 4523//4523 4519//4519
f 4488//4488 4524//4524 4523//4523
f 4472//4472 4524//4524 4490//4490
f 4489//4489 4524//4524 4488//4488
f 4490//4490 4524//4524 4489//4489
f 4521//4521 4524//4524 4472//4472
f 4519//4519 4524//4524 4521//4521
f 4523//4523 4524//4524 4519//4519
f 4561//4561 4598//4598 4560//4560
f 4563//4563 4598//4598 4561//4561
f 4560//4560 4597//4597 4559//4559
f 4598//4598 4597//4597 4560//4560
f 4559//4559 4596//4596 4558//4558
f 4597//4597 4596//4596 4559//4559
f 4558//4558 4595//4595 4557//4557
f 4596//4596 4595//4595 4558//4558
f 4557//4557 4594//4594 4556//4556
f 4595//4595 4594//4594 4557//4557
f 4594//4594 4593//4593 4556//4556
f 4556//4556 4593//4593 4555//4555
f 4593//4593 4592//4592 4555//4555
f 4555//4555 4592//4592 4554//4554
f 4592//4592 4591//4591 4554//4554
f 4554//4554 4591//4591 4553//4553
f 4591//4591 4590//4590 4553//4553
f 4553//4553 4590//4590 4552//4552
f 4590//4590 4589//4589 4552//4552
f 4552//4552 4589//4589 4551//4551
f 4589//4589 4588//4588 4551//4551
f 4551//4551 4588//4588 4550//4550
f 4550//4550 4587//4587 4549//4549
f 4588//4588 4587//4587 4550//4550
f 4549//4549 4586//4586 4548//4548
f 4587//4587 4586//4586 4549//4549
f 4586//4586 4585//4585 4548//4548
f 4548//4548 4585//4585 4547//4547
f 4547//4547 4584//4584 4546//4546
f 4585//4585 4584//4584 4547//4547
f 4546//4546 4583//4583 4545//4545
f 4584//4584 4583//4583 4546//4546
f 4545//4545 4582//4582 4544//4544
f 4583//4583 4582//4582 4545//4545
f 4544//4544 4581//4581 4543//4543
f 4582//4582 4581//4581 4544//4544
f 4543//4543 4580//4580 4542//4542
f 4581//4581 4580//4580 4543//4543
f 4541//4541 4579//4579 4540//4540
f 4542//4542 4579//4579 4541//4541
f 4580//4580 4579//4579 4542//4542
f 4579//4579 4578//4578 4540//4540
f 4539//4539 4577//4577 4538//4538
f 4540//4540 4577//4577 4539//4539
f 4578//4578 4577//4577 4540//4540
f 4577//4577 4576//4576 4538//4538
f 4537//4537 4575//4575 4536//4536
f 4538//4538 4575//4575 4537//4537
f 4576//4576 4575//4575 4538//4538
f 4575//4575 4574//4574 4536//4536
f 4535//4535 4573//4573 4534//4534
f 4536//4536 4573//4573 4535//4535
f 4574//4574 4573//4573 4536//4536
f 4573//4573 4572//4572 4534//4534
f 4534//4534 4571//4571 4533//4533
f 4572//4572 4571//4571 4534//4534
f 4532//4532 4570//4570 4531//4531
f 4533//4533 4570//4570 4532//4532
f 4571//4571 4570//4570 4533//4533
f 4531//4531 4569//4569 4530//4530
f 4570//4570 4569//4569 4531//4531
f 4569//4569 4568//4568 4530//4530
f 4529//4529 4567//4567 4528//4528
f 4530//4530 4567//4567 4529//4529
f 4568//4568 4567//4567 4530//4530
f 4567//4567 4566//4566 4528//4528
f 4527//4527 4565//4565 4526//4526
f 4528//4528 4565//4565 4527//4527
f 4566//4566 4565//4565 4528//4528
f 4526//4526 4564//4564 4525//4525
f 4565//4565 4564//4564 4526//4526
f 4564//4564 4562//4562 4525//4525
f 4599//4599 4637//4637 4600//4600
f 4600//4600 4672//4672 4601//4601
f 4637//4637 4672//4672 4600//4600
f 4601//4601 4671//4671 4602//4602
f 4672//4672 4671//4671 4601//4601
f 4602//4602 4670//4670 4603//4603
f 4671//4671 4670//4670 4602//4602
f 4603//4603 4669//4669 4604//4604
f 4670//4670 4669//4669 4603//4603
f 4604//4604 4668//4668 4605//4605
f 4669//4669 4668//4668 4604//4604
f 4668//4668 4667//4667 4605//4605
f 4605//4605 4667//4667 4606//4606
f 4667//4667 4666//4666 4606//4606
f 4606//4606 4666//4666 4607//4607
f 4666//4666 4665//4665 4607//4607
f 4607//4607 4665//4665 4608//4608
f 4608//4608 4664//4664 4609//4609
f 4665//4665 4664//4664 4608//4608
f 4609//4609 4663//4663 4610//4610
f 4664//4664 4663//4663 4609//4609
f 4610//4610 4662//4662 4611//4611
f 4663//4663 4662//4662 4610//4610
f 4662//4662 4661//4661 4611//4611
f 4611//4611 4660//4660 4612//4612
f 4612//4612 4660//4660 4613//4613
f 4661//4661 4660//4660 4611//4611
f 4613//4613 4659//4659 4614//4614
f 4660//4660 4659//4659 4613//4613
f 4614//4614 4658//4658 4615//4615
f 4659//4659 4658//4658 4614//4614
f 4615//4615 4657//4657 4616//4616
f 4658//4658 4657//4657 4615//4615
f 4657//4657 4656//4656 4616//4616
f 4616//4616 4655//4655 4617//4617
f 4656//4656 4655//4655 4616//4616
f 4617//4617 4654//4654 4618//4618
f 4618//4618 4654//4654 4619//4619
f 4655//4655 4654//4654 4617//4617
f 4654//4654 4653//4653 4619//4619
f 4619//4619 4652//4652 4620//4620
f 4653//4653 4652//4652 4619//4619
f 4620//4620 4651//4651 4621//4621
f 4652//4652 4651//4651 4620//4620
f 4621//4621 4650//4650 4622//4622
f 4651//4651 4650//4650 4621//4621
f 4622//4622 4649//4649 4623//4623
f 4623//4623 4649//4649 4624//4624
f 4650//4650 4649//4649 4622//4622
f 4649//4649 4648//4648 4624//4624
f 4624//4624 4647//4647 4625//4625
f 4625//4625 4647//4647 4626//4626
f 4648//4648 4647//4647 4624//4624
f 4647//4647 4646//4646 4626//4626
f 4626//4626 4645//4645 4627//4627
f 4646//4646 4645//4645 4626//4626
f 4627//4627 4644//4644 4628//4628
f 4645//4645 4644//4644 4627//4627
f 4628//4628 4643//4643 4629//4629
f 4644//4644 4643//4643 4628//4628
f 4629//4629 4642//4642 4630//4630
f 4630//4630 4642//4642 4631//4631
f 4643//4643 4642//4642 4629//4629
f 4642//4642 4641//4641 4631//4631
f 4641//4641 4640//4640 4631//4631
f 4631//4631 4640//4640 4632//4632
f 4640//4640 4639//4639 4632//4632
f 4632//4632 4639//4639 4633//4633
f 4639//4639 4638//4638 4633//4633
f 4633//4633 4638//4638 4634//4634
f 4634//4634 4638//4638 4635//4635
f 4638//4638 4636//4636 4635//4635
f 4673//4673 4674//4674 4694//4694
f 4715//4715 4698//4698 4697//4697
f 4693//4693 4716//4716 4692//4692
f 4716//4716 4717//4717 4692//4692
f 4717//4717 4718//4718 4692//4692
f 4675//4675 4719//4719 4674//4674
f 4676//4676 4719//4719 4675//4675
f 4694//4694 4719//4719 4693//4693
f 4674//4674 4719//4719 4694//4694
f 4693//4693 4719//4719 4716//4716
f 4718//4718 4720//4720 4692//4692
f 4677//4677 4721//4721 4676//4676
f 4678//4678 4721//4721 4677//4677
f 4716//4716 4721//4721 4717//4717
f 4676//4676 4721//4721 4719//4719
f 4719//4719 4721//4721 4716//4716
f 4720//4720 4722//4722 4692//4692
f 4679//4679 4723//4723 4678//4678
f 4680//4680 4723//4723 4679//4679
f 4721//4721 4723//4723 4717//4717
f 4717//4717 4723//4723 4718//4718
f 4678//4678 4723//4723 4721//4721
f 4722//4722 4724//4724 4692//4692
f 4718//4718 4725//4725 4720//4720
f 4681//4681 4725//4725 4680//4680
f 4682//4682 4725//4725 4681//4681
f 4680//4680 4725//4725 4723//4723
f 4723//4723 4725//4725 4718//4718
f 4724//4724 4726//4726 4692//4692
f 4683//4683 4727//4727 4682//4682
f 4684//4684 4727//4727 4683//4683
f 4682//4682 4727//4727 4725//4725
f 4720//4720 4727//4727 4722//4722
f 4725//4725 4727//4727 4720//4720
f 4726//4726 4728//4728 4692//4692
f 4685//4685 4729//4729 4684//4684
f 4686//4686 4729//4729 4685//4685
f 4684//4684 4729//4729 4727//4727
f 4727//4727 4729//4729 4722//4722
f 4722//4722 4729//4729 4724//4724
f 4692//4692 4730//4730 4695//4695
f 4728//4728 4730//4730 4692//4692
f 4686//4686 4731//4731 4729//4729
f 4687//4687 4731//4731 4686//4686
f 4688//4688 4731//4731 4687//4687
f 4726//4726 4731//4731 4728//4728
f 4729//4729 4731//4731 4724//4724
f 4724//4724 4731//4731 4726//4726
f 4730//4730 4732//4732 4695//4695
f 4689//4689 4733//4733 4688//4688
f 4690//4690 4733//4733 4689//4689
f 4731//4731 4733//4733 4728//4728
f 4688//4688 4733//4733 4731//4731
f 4732//4732 4734//4734 4695//4695
f 4730//4730 4735//4735 4732//4732
f 4691//4691 4735//4735 4690//4690
f 4690//4690 4735//4735 4733//4733
f 4699//4699 4735//4735 4691//4691
f 4733//4733 4735//4735 4728//4728
f 4728//4728 4735//4735 4730//4730
f 4734//4734 4736//4736 4695//4695
f 4699//4699 4737//4737 4735//4735
f 4700//4700 4737//4737 4699//4699
f 4701//4701 4737//4737 4700//4700
f 4732//4732 4737//4737 4734//4734
f 4735//4735 4737//4737 4732//4732
f 4736//4736 4738//4738 4695//4695
f 4702//4702 4739//4739 4701//4701
f 4703//4703 4739//4739 4702//4702
f 4737//4737 4739//4739 4734//4734
f 4701//4701 4739//4739 4737//4737
f 4738//4738 4740//4740 4695//4695
f 4739//4739 4741//4741 4734//4734
f 4734//4734 4741//4741 4736//4736
f 4704//4704 4741//4741 4703//4703
f 4705//4705 4741//4741 4704//4704
f 4703//4703 4741//4741 4739//4739
f 4736//4736 4741//4741 4738//4738
f 4740//4740 4742//4742 4695//4695
f 4706//4706 4743//4743 4705//4705
f 4707//4707 4743//4743 4706//4706
f 4741//4741 4743//4743 4738//4738
f 4705//4705 4743//4743 4741//4741
f 4742//4742 4744//4744 4695//4695
f 4708//4708 4745//4745 4707//4707
f 4709//4709 4745//4745 4708//4708
f 4738//4738 4745//4745 4740//4740
f 4707//4707 4745//4745 4743//4743
f 4740//4740 4745//4745 4742//4742
f 4743//4743 4745//4745 4738//4738
f 4695//4695 4746//4746 4696//4696
f 4696//4696 4746//4746 4697//4697
f 4744//4744 4746//4746 4695//4695
f 4710//4710 4747//4747 4709//4709
f 4711//4711 4747//4747 4710//4710
f 4709//4709 4747//4747 4745//4745
f 4742//4742 4747//4747 4744//4744
f 4745//4745 4747//4747 4742//4742
f 4712//4712 4748//4748 4711//4711
f 4713//4713 4748//4748 4712//4712
f 4711//4711 4748//4748 4747//4747
f 4747//4747 4748//4748 4744//4744
f 4713//4713 4749//4749 4748//4748
f 4697//4697 4749//4749 4715//4715
f 4714//4714 4749//4749 4713//4713
f 4715//4715 4749//4749 4714//4714
f 4746//4746 4749//4749 4697//4697
f 4744//4744 4749//4749 4746//4746
f 4748//4748 4749//4749 4744//4744
f 4786//4786 4823//4823 4785//4785
f 4788//4788 4823//4823 4786//4786
f 4785//4785 4822//4822 4784//4784
f 4823//4823 4822//4822 4785//4785
f 4784//4784 4821//4821 4783//4783
f 4822//4822 4821//4821 4784//4784
f 4783//4783 4820//4820 4782//4782
f 4821//4821 4820//4820 4783//4783
f 4782//4782 4819//4819 4781//4781
f 4820//4820 4819//4819 4782//4782
f 4819//4819 4818//4818 4781//4781
f 4781//4781 4818//4818 4780//4780
f 4818//4818 4817//4817 4780//4780
f 4780//4780 4817//4817 4779//4779
f 4817//4817 4816//4816 4779//4779
f 4779//4779 4816//4816 4778//4778
f 4816//4816 4815//4815 4778//4778
f 4778//4778 4815//4815 4777//4777
f 4815//4815 4814//4814 4777//4777
f 4777//4777 4814//4814 4776//4776
f 4814//4814 4813//4813 4776//4776
f 4776//4776 4813//4813 4775//4775
f 4775//4775 4812//4812 4774//4774
f 4813//4813 4812//4812 4775//4775
f 4774//4774 4811//4811 4773//4773
f 4812//4812 4811//4811 4774//4774
f 4811//4811 4810//4810 4773//4773
f 4773//4773 4810//4810 4772//4772
f 4772//4772 4809//4809 4771//4771
f 4810//4810 4809//4809 4772//4772
f 4771//4771 4808//4808 4770//4770
f 4809//4809 4808//4808 4771//4771
f 4770//4770 4807//4807 4769//4769
f 4808//4808 4807//4807 4770//4770
f 4769//4769 4806//4806 4768//4768
f 4807//4807 4806//4806 4769//4769
f 4768//4768 4805//4805 4767//4767
f 4806//4806 4805//4805 4768//4768
f 4766//4766 4804//4804 4765//4765
f 4767//4767 4804//4804 4766//4766
f 4805//4805 4804//4804 4767//4767
f 4804//4804 4803//4803 4765//4765
f 4764//4764 4802//4802 4763//4763
f 4765//4765 4802//4802 4764//4764
f 4803//4803 4802//4802 4765//4765
f 4802//4802 4801//4801 4763//4763
f 4762//4762 4800//4800 4761//4761
f 4763//4763 4800//4800 4762//4762
f 4801//4801 4800//4800 4763//4763
f 4800//4800 4799//4799 4761//4761
f 4760//4760 4798//4798 4759//4759
f 4761//4761 4798//4798 4760//4760
f 4799//4799 4798//4798 4761//4761
f 4798//4798 4797//4797 4759//4759
f 4759//4759 4796//4796 4758//4758
f 4797//4797 4796//4796 4759//4759
f 4757//4757 4795//4795 4756//4756
f 4758//4758 4795//4795 4757//4757
f 4796//4796 4795//4795 4758//4758
f 4756//4756 4794//4794 4755//4755
f 4795//4795 4794//4794 4756//4756
f 4794//4794 4793//4793 4755//4755
f 4754//4754 4792//4792 4753//4753
f 4755//4755 4792//4792 4754//4754
f 4793//4793 4792//4792 4755//4755
f 4792//4792 4791//4791 4753//4753
f 4752//4752 4790//4790 4751//4751
f 4753//4753 4790//4790 4752//4752
f 4791//4791 4790//4790 4753//4753
f 4751//4751 4789//4789 4750//4750
f 4790//4790 4789//4789 4751//4751
f 4789//4789 4787//4787 4750//4750
f 4824//4824 4862//4862 4825//4825
f 4825//4825 4897//4897 4826//4826
f 4862//4862 4897//4897 4825//4825
f 4826//4826 4896//4896 4827//4827
f 4897//4897 4896//4896 4826//4826
f 4827//4827 4895//4895 4828//4828
f 4896//4896 4895//4895 4827//4827
f 4828//4828 4894//4894 4829//4829
f 4895//4895 4894//4894 4828//4828
f 4829//4829 4893//4893 4830//4830
f 4894//4894 4893//4893 4829//4829
f 4893//4893 4892//4892 4830//4830
f 4830//4830 4892//4892 4831//4831
f 4892//4892 4891//4891 4831//4831
f 4831//4831 4891//4891 4832//4832
f 4891//4891 4890//4890 4832//4832
f 4832//4832 4890//4890 4833//4833
f 4833//4833 4889//4889 4834//4834
f 4890//4890 4889//4889 4833//4833
f 4834//4834 4888//4888 4835//4835
f 4889//4889 4888//4888 4834//4834
f 4835//4835 4887//4887 4836//4836
f 4888//4888 4887//4887 4835//4835
f 4887//4887 4886//4886 4836//4836
f 4836//4836 4885//4885 4837//4837
f 4837//4837 4885//4885 4838//4838
f 4886//4886 4885//4885 4836//4836
f 4838//4838 4884//4884 4839//4839
f 4885//4885 4884//4884 4838//4838
f 4839//4839 4883//4883 4840//4840
f 4884//4884 4883//4883 4839//4839
f 4840//4840 4882//4882 4841//4841
f 4883//4883 4882//4882 4840//4840
f 4882//4882 4881//4881 4841//4841
f 4841//4841 4880//4880 4842//4842
f 4881//4881 4880//4880 4841//4841
f 4842//4842 4879//4879 4843//4843
f 4843//4843 4879//4879 4844//4844
f 4880//4880 4879//4879 4842//4842
f 4879//4879 4878//4878 4844//4844
f 4844//4844 4877//4877 4845//4845
f 4878//4878 4877//4877 4844//4844
f 4845//4845 4876//4876 4846//4846
f 4877//4877 4876//4876 4845//4845
f 4846//4846 4875//4875 4847//4847
f 4876//4876 4875//4875 4846//4846
f 4847//4847 4874//4874 4848//4848
f 4848//4848 4874//4874 4849//4849
f 4875//4875 4874//4874 4847//4847
f 4874//4874 4873//4873 4849//4849
f 4849//4849 4872//4872 4850//4850
f 4850//4850 4872//4872 4851//4851
f 4873//4873 4872//4872 4849//4849
f 4872//4872 4871//4871 4851//4851
f 4851//4851 4870//4870 4852//4852
f 4871//4871 4870//4870 4851//4851
f 4852//4852 4869//4869 4853//4853
f 4870//4870 4869//4869 4852//4852
f 4853//4853 4868//4868 4854//4854
f 4869//4869 4868//4868 4853//4853
f 4854//4854 4867//4867 4855//4855
f 4855//4855 4867//4867 4856//4856
f 4868//4868 4867//4867 4854//4854
f 4867//4867 4866//4866 4856//4856
f 4866//4866 4865//4865 4856//4856
f 4856//4856 4865//4865 4857//4857
f 4865//4865 4864//4864 4857//4857
f 4857//4857 4864//4864 4858//4858
f 4864//4864 4863//4863 4858//4858
f 4858//4858 4863//4863 4859//4859
f 4859//4859 4863//4863 4860//4860
f 4863//4863 4861//4861 4860//4860
f 4928//4928 4955//4955 4927//4927
f 4929//4929 4955//4955 4928//4928
f 4955//4955 4926//4926 4927//4927
f 4926//4926 4954//4954 4925//4925
f 4955//4955 4954//4954 4926//4926
f 4925//4925 4953//4953 4924//4924
f 4954//4954 4953//4953 4925//4925
f 4923//4923 4952//4952 4922//4922
f 4924//4924 4952//4952 4923//4923
f 4953//4953 4952//4952 4924//4924
f 4922//4922 4951//4951 4921//4921
f 4952//4952 4951//4951 4922//4922
f 4921//4921 4950//4950 4920//4920
f 4951//4951 4950//4950 4921//4921
f 4920//4920 4949//4949 4919//4919
f 4950//4950 4949//4949 4920//4920
f 4918//4918 4948//4948 4917//4917
f 4919//4919 4948//4948 4918//4918
f 4949//4949 4948//4948 4919//4919
f 4917//4917 4947//4947 4916//4916
f 4948//4948 4947//4947 4917//4917
f 4947//4947 4946//4946 4916//4916
f 4916//4916 4946//4946 4915//4915
f 4946//4946 4945//4945 4915//4915
f 4915//4915 4945//4945 4914//4914
f 4914//4914 4944//4944 4913//4913
f 4945//4945 4944//4944 4914//4914
f 4913//4913 4943//4943 4912//4912
f 4944//4944 4943//4943 4913//4913
f 4912//4912 4942//4942 4911//4911
f 4943//4943 4942//4942 4912//4912
f 4911//4911 4941//4941 4910//4910
f 4942//4942 4941//4941 4911//4911
f 4910//4910 4940//4940 4909//4909
f 4941//4941 4940//4940 4910//4910
f 4909//4909 4939//4939 4908//4908
f 4940//4940 4939//4939 4909//4909
f 4908//4908 4938//4938 4907//4907
f 4939//4939 4938//4938 4908//4908
f 4907//4907 4937//4937 4906//4906
f 4938//4938 4937//4937 4907//4907
f 4906//4906 4936//4936 4905//4905
f 4937//4937 4936//4936 4906//4906
f 4905//4905 4935//4935 4904//4904
f 4936//4936 4935//4935 4905//4905
f 4904//4904 4934//4934 4903//4903
f 4935//4935 4934//4934 4904//4904
f 4903//4903 4933//4933 4902//4902
f 4934//4934 4933//4933 4903//4903
f 4902//4902 4932//4932 4901//4901
f 4933//4933 4932//4932 4902//4902
f 4901//4901 4931//4931 4900//4900
f 4932//4932 4931//4931 4901//4901
f 4900//4900 4930//4930 4899//4899
f 4931//4931 4930//4930 4900//4900
f 4930//4930 4898//4898 4899//4899
f 4983//4983 5007//5007 4982//4982
f 4982//4982 5006//5006 4981//4981
f 5007//5007 5006//5006 4982//4982
f 4984//4984 5008//5008 4983//4983
f 4983//4983 5008//5008 5007//5007
f 5006//5006 5005//5005 4981//4981
f 4981//4981 5005//5005 4980//4980
f 4984//4984 5009//5009 5008//5008
f 4985//4985 5009//5009 4984//4984
f 5005//5005 5004//5004 4980//4980
f 4980//4980 5004//5004 4979//4979
f 4986//4986 5010//5010 4985//4985
f 4985//4985 5010//5010 5009//5009
f 5004//5004 5003//5003 4979//4979
f 4979//4979 5003//5003 4978//4978
f 4986//4986 5011//5011 5010//5010
f 4987//4987 5011//5011 4986//4986
f 5003//5003 5002//5002 4978//4978
f 4978//4978 5002//5002 4977//4977
f 4988//4988 5012//5012 4987//4987
f 4987//4987 5012//5012 5011//5011
f 4977//4977 5001//5001 4976//4976
f 5002//5002 5001//5001 4977//4977
f 4988//4988 5013//5013 5012//5012
f 4989//4989 5013//5013 4988//4988
f 4976//4976 5000//5000 4975//4975
f 5001//5001 5000//5000 4976//4976
f 4990//4990 5014//5014 4989//4989
f 4989//4989 5014//5014 5013//5013
f 5000//5000 4999//4999 4975//4975
f 4975//4975 4999//4999 4974//4974
f 4991//4991 5015//5015 4990//4990
f 4990//4990 5015//5015 5014//5014
f 4999//4999 4998//4998 4974//4974
f 4998//4998 4973//4973 4974//4974
f 4991//4991 5016//5016 5015//5015
f 4998//4998 4997//4997 4973//4973
f 4991//4991 4992//4992 5016//5016
f 4992//4992 5017//5017 5016//5016
f 4997//4997 4972//4972 4973//4973
f 4996//4996 4972//4972 4997//4997
f 4992//4992 4956//4956 5017//5017
f 5017//5017 4956//4956 5018//5018
f 4995//4995 4971//4971 4996//4996
f 4996//4996 4971//4971 4972//4972
f 4956//4956 4957//4957 5018//5018
f 4994//4994 4970//4970 4995//4995
f 4995//4995 4970//4970 4971//4971
f 5018//5018 4958//4958 5019//5019
f 4957//4957 4958//4958 5018//5018
f 4993//4993 4969//4969 4994//4994
f 4994//4994 4969//4969 4970//4970
f 5019//5019 4959//4959 5020//5020
f 4958//4958 4959//4959 5019//5019
f 5028//5028 4968//4968 4993//4993
f 4993//4993 4968//4968 4969//4969
f 5020//5020 4960//4960 5021//5021
f 4959//4959 4960//4960 5020//5020
f 5028//5028 4967//4967 4968//4968
f 5027//5027 4967//4967 5028//5028
f 5021//5021 4961//4961 5022//5022
f 4960//4960 4961//4961 5021//5021
f 5027//5027 4966//4966 4967//4967
f 5026//5026 4966//4966 5027//5027
f 4961//4961 4962//4962 5022//5022
f 5022//5022 4962//4962 5023//5023
f 5026//5026 4965//4965 4966//4966
f 5025//5025 4965//4965 5026//5026
f 4962//4962 4963//4963 5023//5023
f 5023//5023 4963//4963 5024//5024
f 5025//5025 4964//4964 4965//4965
f 4963//4963 4964//4964 5024//5024
f 5024//5024 4964//4964 5025//5025
f 5029//5029 5106//5106 5030//5030
f 5070//5070 5106//5106 5029//5029
f 5030//5030 5105//5105 5031//5031
f 5031//5031 5105//5105 5032//5032
f 5106//5106 5105//5105 5030//5030
f 5032//5032 5104//5104 5033//5033
f 5105//5105 5104//5104 5032//5032
f 5033//5033 5103//5103 5034//5034
f 5104//5104 5103//5103 5033//5033
f 5103//5103 5102//5102 5034//5034
f 5034//5034 5102//5102 5035//5035
f 5102//5102 5101//5101 5035//5035
f 5035//5035 5101//5101 5036//5036
f 5036//5036 5100//5100 5037//5037
f 5101//5101 5100//5100 5036//5036
f 5037//5037 5099//5099 5038//5038
f 5100//5100 5099//5099 5037//5037
f 5038//5038 5098//5098 5039//5039
f 5099//5099 5098//5098 5038//5038
f 5039//5039 5097//5097 5040//5040
f 5098//5098 5097//5097 5039//5039
f 5040//5040 5096//5096 5041//5041
f 5097//5097 5096//5096 5040//5040
f 5041//5041 5095//5095 5042//5042
f 5096//5096 5095//5095 5041//5041
f 5042//5042 5094//5094 5043//5043
f 5095//5095 5094//5094 5042//5042
f 5043//5043 5093//5093 5044//5044
f 5094//5094 5093//5093 5043//5043
f 5044//5044 5092//5092 5045//5045
f 5093//5093 5092//5092 5044//5044
f 5045//5045 5091//5091 5046//5046
f 5092//5092 5091//5091 5045//5045
f 5046//5046 5090//5090 5047//5047
f 5091//5091 5090//5090 5046//5046
f 5047//5047 5089//5089 5048//5048
f 5090//5090 5089//5089 5047//5047
f 5048//5048 5088//5088 5049//5049
f 5049//5049 5088//5088 5050//5050
f 5089//5089 5088//5088 5048//5048
f 5050//5050 5087//5087 5051//5051
f 5088//5088 5087//5087 5050//5050
f 5051//5051 5086//5086 5052//5052
f 5087//5087 5086//5086 5051//5051
f 5086//5086 5085//5085 5052//5052
f 5085//5085 5053//5053 5052//5052
f 5085//5085 5084//5084 5053//5053
f 5084//5084 5054//5054 5053//5053
f 5084//5084 5083//5083 5054//5054
f 5083//5083 5055//5055 5054//5054
f 5083//5083 5082//5082 5055//5055
f 5082//5082 5056//5056 5055//5055
f 5082//5082 5081//5081 5056//5056
f 5081//5081 5057//5057 5056//5056
f 5081//5081 5080//5080 5057//5057
f 5080//5080 5058//5058 5057//5057
f 5080//5080 5079//5079 5058//5058
f 5079//5079 5059//5059 5058//5058
f 5079//5079 5078//5078 5059//5059
f 5078//5078 5060//5060 5059//5059
f 5078//5078 5077//5077 5060//5060
f 5077//5077 5061//5061 5060//5060
f 5077//5077 5076//5076 5061//5061
f 5076//5076 5062//5062 5061//5061
f 5062//5062 5075//5075 5063//5063
f 5076//5076 5075//5075 5062//5062
f 5063//5063 5074//5074 5064//5064
f 5075//5075 5074//5074 5063//5063
f 5074//5074 5073//5073 5064//5064
f 5064//5064 5073//5073 5065//5065
f 5073//5073 5072//5072 5065//5065
f 5065//5065 5072//5072 5066//5066
f 5072//5072 5071//5071 5066//5066
f 5066//5066 5071//5071 5067//5067
f 5071//5071 5069//5069 5067//5067
f 5067//5067 5069//5069 5068//5068
f 5121//5121 5157//5157 5120//5120
f 5122//5122 5158//5158 5121//5121
f 5121//5121 5158//5158 5157//5157
f 5122//5122 5159//5159 5158//5158
f 5123//5123 5159//5159 5122//5122
f 5120//5120 5156//5156 5119//5119
f 5157//5157 5156//5156 5120//5120
f 5124//5124 5160//5160 5123//5123
f 5123//5123 5160//5160 5159//5159
f 5119//5119 5155//5155 5118//5118
f 5156//5156 5155//5155 5119//5119
f 5124//5124 5161//5161 5160//5160
f 5125//5125 5161//5161 5124//5124
f 5118//5118 5154//5154 5117//5117
f 5155//5155 5154//5154 5118//5118
f 5125//5125 5162//5162 5161//5161
f 5126//5126 5162//5162 5125//5125
f 5117//5117 5153//5153 5116//5116
f 5154//5154 5153//5153 5117//5117
f 5126//5126 5163//5163 5162//5162
f 5127//5127 5163//5163 5126//5126
f 5116//5116 5152//5152 5115//5115
f 5153//5153 5152//5152 5116//5116
f 5128//5128 5164//5164 5127//5127
f 5127//5127 5164//5164 5163//5163
f 5115//5115 5151//5151 5114//5114
f 5152//5152 5151//5151 5115//5115
f 5128//5128 5165//5165 5164//5164
f 5129//5129 5165//5165 5128//5128
f 5114//5114 5150//5150 5113//5113
f 5151//5151 5150//5150 5114//5114
f 5130//5130 5166//5166 5129//5129
f 5129//5129 5166//5166 5165//5165
f 5113//5113 5149//5149 5112//5112
f 5150//5150 5149//5149 5113//5113
f 5130//5130 5167//5167 5166//5166
f 5149//5149 5148//5148 5112//5112
f 5130//5130 5131//5131 5167//5167
f 5167//5167 5131//5131 5168//5168
f 5147//5147 5111//5111 5148//5148
f 5148//5148 5111//5111 5112//5112
f 5131//5131 5132//5132 5168//5168
f 5168//5168 5132//5132 5169//5169
f 5146//5146 5110//5110 5147//5147
f 5147//5147 5110//5110 5111//5111
f 5169//5169 5133//5133 5170//5170
f 5132//5132 5133//5133 5169//5169
f 5145//5145 5109//5109 5146//5146
f 5146//5146 5109//5109 5110//5110
f 5170//5170 5134//5134 5171//5171
f 5133//5133 5134//5134 5170//5170
f 5144//5144 5108//5108 5145//5145
f 5145//5145 5108//5108 5109//5109
f 5134//5134 5135//5135 5171//5171
f 5179//5179 5107//5107 5144//5144
f 5144//5144 5107//5107 5108//5108
f 5171//5171 5136//5136 5172//5172
f 5135//5135 5136//5136 5171//5171
f 5179//5179 5143//5143 5107//5107
f 5178//5178 5143//5143 5179//5179
f 5172//5172 5137//5137 5173//5173
f 5136//5136 5137//5137 5172//5172
f 5178//5178 5142//5142 5143//5143
f 5177//5177 5142//5142 5178//5178
f 5173//5173 5138//5138 5174//5174
f 5137//5137 5138//5138 5173//5173
f 5177//5177 5141//5141 5142//5142
f 5176//5176 5141//5141 5177//5177
f 5138//5138 5139//5139 5174//5174
f 5174//5174 5139//5139 5175//5175
f 5176//5176 5140//5140 5141//5141
f 5139//5139 5140//5140 5175//5175
f 5175//5175 5140//5140 5176//5176
f 5261//5261 5230//5230 5231//5231
f 5262//5262 5226//5226 5227//5227
f 5262//5262 5227//5227 5228//5228
f 5262//5262 5228//5228 5229//5229
f 5262//5262 5229//5229 5230//5230
f 5262//5262 5230//5230 5261//5261
f 5263//5263 5262//5262 5261//5261
f 5263//5263 5261//5261 5260//5260
f 5264//5264 5192//5192 5191//5191
f 5264//5264 5191//5191 5222//5222
f 5264//5264 5222//5222 5223//5223
f 5264//5264 5223//5223 5224//5224
f 5264//5264 5224//5224 5225//5225
f 5265//5265 5258//5258 5257//5257
f 5266//5266 5265//5265 5267//5267
f 5268//5268 5265//5265 5257//5257
f 5268//5268 5267//5267 5265//5265
f 5269//5269 5268//5268 5257//5257
f 5269//5269 5257//5257 5256//5256
f 5269//5269 5267//5267 5268//5268
f 5270//5270 5266//5266 5267//5267
f 5271//5271 5195//5195 5194//5194
f 5271//5271 5194//5194 5270//5270
f 5271//5271 5270//5270 5267//5267
f 5272//5272 5256//5256 5255//5255
f 5273//5273 5272//5272 5255//5255
f 5274//5274 5196//5196 5195//5195
f 5275//5275 5255//5255 5254//5254
f 5275//5275 5276//5276 5273//5273
f 5275//5275 5273//5273 5255//5255
f 5277//5277 5274//5274 5276//5276
f 5277//5277 5196//5196 5274//5274
f 5278//5278 5197//5197 5196//5196
f 5278//5278 5196//5196 5277//5277
f 5279//5279 5280//5280 5281//5281
f 5282//5282 5279//5279 5253//5253
f 5282//5282 5280//5280 5279//5279
f 5282//5282 5253//5253 5252//5252
f 5283//5283 5198//5198 5197//5197
f 5283//5283 5281//5281 5280//5280
f 5284//5284 5280//5280 5282//5282
f 5285//5285 5283//5283 5280//5280
f 5285//5285 5280//5280 5284//5284
f 5285//5285 5198//5198 5283//5283
f 5286//5286 5251//5251 5250//5250
f 5287//5287 5286//5286 5288//5288
f 5289//5289 5286//5286 5250//5250
f 5289//5289 5288//5288 5286//5286
f 5290//5290 5287//5287 5288//5288
f 5291//5291 5288//5288 5289//5289
f 5292//5292 5290//5290 5288//5288
f 5292//5292 5288//5288 5291//5291
f 5292//5292 5200//5200 5199//5199
f 5292//5292 5199//5199 5290//5290
f 5293//5293 5249//5249 5248//5248
f 5294//5294 5293//5293 5295//5295
f 5296//5296 5293//5293 5248//5248
f 5296//5296 5295//5295 5293//5293
f 5297//5297 5202//5202 5201//5201
f 5297//5297 5294//5294 5295//5295
f 5298//5298 5295//5295 5296//5296
f 5299//5299 5202//5202 5297//5297
f 5299//5299 5295//5295 5298//5298
f 5299//5299 5297//5297 5295//5295
f 5300//5300 5246//5246 5245//5245
f 5301//5301 5300//5300 5245//5245
f 5302//5302 5206//5206 5205//5205
f 5303//5303 5301//5301 5245//5245
f 5303//5303 5304//5304 5301//5301
f 5303//5303 5245//5245 5244//5244
f 5305//5305 5302//5302 5304//5304
f 5305//5305 5206//5206 5302//5302
f 5306//5306 5304//5304 5303//5303
f 5306//5306 5305//5305 5304//5304
f 5307//5307 5242//5242 5241//5241
f 5308//5308 5307//5307 5309//5309
f 5310//5310 5307//5307 5241//5241
f 5310//5310 5309//5309 5307//5307
f 5311//5311 5210//5210 5209//5209
f 5311//5311 5308//5308 5309//5309
f 5312//5312 5309//5309 5310//5310
f 5313//5313 5311//5311 5309//5309
f 5313//5313 5309//5309 5312//5312
f 5313//5313 5210//5210 5311//5311
f 5314//5314 5239//5239 5238//5238
f 5315//5315 5314//5314 5238//5238
f 5316//5316 5214//5214 5213//5213
f 5317//5317 5238//5238 5237//5237
f 5317//5317 5318//5318 5315//5315
f 5317//5317 5315//5315 5238//5238
f 5319//5319 5316//5316 5318//5318
f 5319//5319 5214//5214 5316//5316
f 5320//5320 5214//5214 5319//5319
f 5320//5320 5215//5215 5214//5214
f 5321//5321 5322//5322 5323//5323
f 5321//5321 5235//5235 5234//5234
f 5324//5324 5322//5322 5321//5321
f 5324//5324 5321//5321 5234//5234
f 5325//5325 5323//5323 5322//5322
f 5325//5325 5218//5218 5217//5217
f 5326//5326 5325//5325 5322//5322
f 5326//5326 5218//5218 5325//5325
f 5327//5327 5218//5218 5326//5326
f 5327//5327 5219//5219 5218//5218
f 5328//5328 5180//5180 5181//5181
f 5328//5328 5181//5181 5182//5182
f 5328//5328 5182//5182 5183//5183
f 5328//5328 5232//5232 5180//5180
f 5329//5329 5186//5186 5187//5187
f 5329//5329 5187//5187 5188//5188
f 5329//5329 5188//5188 5189//5189
f 5329//5329 5189//5189 5190//5190
f 5329//5329 5190//5190 5221//5221
f 5330//5330 5331//5331 5264//5264
f 5330//5330 5264//5264 5225//5225
f 5330//5330 5262//5262 5263//5263
f 5330//5330 5226//5226 5262//5262
f 5330//5330 5225//5225 5226//5226
f 5332//5332 5263//5263 5260//5260
f 5332//5332 5330//5330 5263//5263
f 5332//5332 5331//5331 5330//5330
f 5333//5333 5334//5334 5331//5331
f 5333//5333 5332//5332 5260//5260
f 5333//5333 5331//5331 5332//5332
f 5333//5333 5260//5260 5259//5259
f 5335//5335 5334//5334 5333//5333
f 5335//5335 5333//5333 5259//5259
f 5335//5335 5336//5336 5334//5334
f 5337//5337 5264//5264 5331//5331
f 5337//5337 5192//5192 5264//5264
f 5338//5338 5335//5335 5259//5259
f 5338//5338 5336//5336 5335//5335
f 5339//5339 5331//5331 5334//5334
f 5339//5339 5337//5337 5331//5331
f 5339//5339 5192//5192 5337//5337
f 5340//5340 5338//5338 5259//5259
f 5340//5340 5336//5336 5338//5338
f 5340//5340 5259//5259 5258//5258
f 5340//5340 5341//5341 5336//5336
f 5342//5342 5193//5193 5192//5192
f 5342//5342 5192//5192 5339//5339
f 5342//5342 5339//5339 5334//5334
f 5342//5342 5334//5334 5336//5336
f 5343//5343 5341//5341 5340//5340
f 5343//5343 5340//5340 5258//5258
f 5344//5344 5193//5193 5342//5342
f 5344//5344 5342//5342 5336//5336
f 5345//5345 5343//5343 5258//5258
f 5345//5345 5258//5258 5265//5265
f 5345//5345 5266//5266 5341//5341
f 5345//5345 5341//5341 5343//5343
f 5345//5345 5265//5265 5266//5266
f 5346//5346 5193//5193 5344//5344
f 5346//5346 5344//5344 5336//5336
f 5346//5346 5336//5336 5341//5341
f 5347//5347 5194//5194 5193//5193
f 5347//5347 5193//5193 5346//5346
f 5347//5347 5341//5341 5266//5266
f 5347//5347 5346//5346 5341//5341
f 5348//5348 5270//5270 5194//5194
f 5348//5348 5194//5194 5347//5347
f 5348//5348 5266//5266 5270//5270
f 5348//5348 5347//5347 5266//5266
f 5349//5349 5271//5271 5267//5267
f 5349//5349 5350//5350 5271//5271
f 5349//5349 5267//5267 5269//5269
f 5351//5351 5350//5350 5349//5349
f 5351//5351 5349//5349 5269//5269
f 5351//5351 5256//5256 5272//5272
f 5351//5351 5272//5272 5350//5350
f 5351//5351 5269//5269 5256//5256
f 5352//5352 5274//5274 5195//5195
f 5352//5352 5271//5271 5350//5350
f 5352//5352 5195//5195 5271//5271
f 5353//5353 5276//5276 5274//5274
f 5353//5353 5352//5352 5350//5350
f 5353//5353 5274//5274 5352//5352
f 5353//5353 5272//5272 5273//5273
f 5353//5353 5350//5350 5272//5272
f 5353//5353 5273//5273 5276//5276
f 5354//5354 5275//5275 5254//5254
f 5355//5355 5276//5276 5275//5275
f 5355//5355 5354//5354 5356//5356
f 5355//5355 5275//5275 5354//5354
f 5355//5355 5278//5278 5277//5277
f 5355//5355 5356//5356 5278//5278
f 5355//5355 5277//5277 5276//5276
f 5357//5357 5356//5356 5354//5354
f 5357//5357 5354//5354 5254//5254
f 5357//5357 5281//5281 5356//5356
f 5357//5357 5254//5254 5253//5253
f 5358//5358 5357//5357 5253//5253
f 5358//5358 5281//5281 5357//5357
f 5358//5358 5253//5253 5279//5279
f 5358//5358 5279//5279 5281//5281
f 5359//5359 5278//5278 5356//5356
f 5359//5359 5356//5356 5281//5281
f 5359//5359 5197//5197 5278//5278
f 5360//5360 5197//5197 5359//5359
f 5360//5360 5359//5359 5281//5281
f 5360//5360 5283//5283 5197//5197
f 5360//5360 5281//5281 5283//5283
f 5361//5361 5282//5282 5252//5252
f 5361//5361 5284//5284 5282//5282
f 5362//5362 5284//5284 5361//5361
f 5362//5362 5361//5361 5252//5252
f 5362//5362 5363//5363 5284//5284
f 5364//5364 5285//5285 5284//5284
f 5364//5364 5198//5198 5285//5285
f 5365//5365 5362//5362 5252//5252
f 5365//5365 5363//5363 5362//5362
f 5365//5365 5252//5252 5251//5251
f 5365//5365 5287//5287 5363//5363
f 5366//5366 5198//5198 5364//5364
f 5366//5366 5364//5364 5284//5284
f 5366//5366 5284//5284 5363//5363
f 5367//5367 5365//5365 5251//5251
f 5367//5367 5287//5287 5365//5365
f 5367//5367 5251//5251 5286//5286
f 5367//5367 5286//5286 5287//5287
f 5368//5368 5199//5199 5198//5198
f 5368//5368 5366//5366 5363//5363
f 5368//5368 5363//5363 5287//5287
f 5368//5368 5198//5198 5366//5366
f 5369//5369 5199//5199 5368//5368
f 5369//5369 5368//5368 5287//5287
f 5369//5369 5290//5290 5199//5199
f 5369//5369 5287//5287 5290//5290
f 5370//5370 5289//5289 5250//5250
f 5370//5370 5291//5291 5289//5289
f 5371//5371 5291//5291 5370//5370
f 5371//5371 5250//5250 5249//5249
f 5371//5371 5370//5370 5250//5250
f 5371//5371 5372//5372 5291//5291
f 5373//5373 5371//5371 5249//5249
f 5373//5373 5372//5372 5371//5371
f 5373//5373 5294//5294 5372//5372
f 5374//5374 5292//5292 5291//5291
f 5374//5374 5200//5200 5292//5292
f 5375//5375 5294//5294 5373//5373
f 5375//5375 5249//5249 5293//5293
f 5375//5375 5373//5373 5249//5249
f 5375//5375 5293//5293 5294//5294
f 5376//5376 5200//5200 5374//5374
f 5376//5376 5374//5374 5291//5291
f 5376//5376 5291//5291 5372//5372
f 5377//5377 5201//5201 5200//5200
f 5377//5377 5200//5200 5376//5376
f 5377//5377 5376//5376 5372//5372
f 5377//5377 5372//5372 5294//5294
f 5378//5378 5297//5297 5201//5201
f 5378//5378 5294//5294 5297//5297
f 5378//5378 5201//5201 5377//5377
f 5378//5378 5377//5377 5294//5294
f 5379//5379 5298//5298 5296//5296
f 5379//5379 5296//5296 5248//5248
f 5380//5380 5381//5381 5298//5298
f 5380//5380 5298//5298 5379//5379
f 5380//5380 5248//5248 5247//5247
f 5380//5380 5379//5379 5248//5248
f 5382//5382 5202//5202 5299//5299
f 5382//5382 5299//5299 5298//5298
f 5383//5383 5384//5384 5381//5381
f 5383//5383 5381//5381 5380//5380
f 5383//5383 5380//5380 5247//5247
f 5385//5385 5298//5298 5381//5381
f 5385//5385 5203//5203 5202//5202
f 5385//5385 5202//5202 5382//5382
f 5385//5385 5382//5382 5298//5298
f 5386//5386 5383//5383 5247//5247
f 5386//5386 5384//5384 5383//5383
f 5387//5387 5388//5388 5384//5384
f 5387//5387 5386//5386 5247//5247
f 5387//5387 5384//5384 5386//5386
f 5389//5389 5385//5385 5381//5381
f 5389//5389 5381//5381 5384//5384
f 5389//5389 5203//5203 5385//5385
f 5390//5390 5389//5389 5384//5384
f 5390//5390 5203//5203 5389//5389
f 5391//5391 5388//5388 5387//5387
f 5391//5391 5392//5392 5388//5388
f 5391//5391 5247//5247 5246//5246
f 5391//5391 5387//5387 5247//5247
f 5393//5393 5203//5203 5390//5390
f 5393//5393 5384//5384 5388//5388
f 5393//5393 5204//5204 5203//5203
f 5393//5393 5390//5390 5384//5384
f 5394//5394 5392//5392 5391//5391
f 5394//5394 5391//5391 5246//5246
f 5395//5395 5394//5394 5246//5246
f 5395//5395 5392//5392 5394//5394
f 5395//5395 5246//5246 5300//5300
f 5395//5395 5396//5396 5392//5392
f 5395//5395 5300//5300 5396//5396
f 5397//5397 5393//5393 5388//5388
f 5397//5397 5204//5204 5393//5393
f 5397//5397 5388//5388 5392//5392
f 5398//5398 5204//5204 5397//5397
f 5398//5398 5397//5397 5392//5392
f 5399//5399 5204//5204 5398//5398
f 5399//5399 5398//5398 5392//5392
f 5399//5399 5205//5205 5204//5204
f 5399//5399 5392//5392 5396//5396
f 5400//5400 5304//5304 5302//5302
f 5400//5400 5396//5396 5300//5300
f 5400//5400 5300//5300 5301//5301
f 5400//5400 5301//5301 5304//5304
f 5401//5401 5399//5399 5396//5396
f 5401//5401 5205//5205 5399//5399
f 5401//5401 5396//5396 5400//5400
f 5401//5401 5302//5302 5205//5205
f 5401//5401 5400//5400 5302//5302
f 5402//5402 5303//5303 5244//5244
f 5402//5402 5306//5306 5303//5303
f 5402//5402 5403//5403 5306//5306
f 5404//5404 5402//5402 5244//5244
f 5404//5404 5403//5403 5402//5402
f 5405//5405 5206//5206 5305//5305
f 5405//5405 5305//5305 5306//5306
f 5406//5406 5403//5403 5404//5404
f 5406//5406 5407//5407 5403//5403
f 5406//5406 5404//5404 5244//5244
f 5406//5406 5244//5244 5243//5243
f 5408//5408 5207//5207 5206//5206
f 5408//5408 5405//5405 5306//5306
f 5408//5408 5206//5206 5405//5405
f 5408//5408 5306//5306 5403//5403
f 5409//5409 5407//5407 5406//5406
f 5409//5409 5406//5406 5243//5243
f 5409//5409 5410//5410 5407//5407
f 5411//5411 5207//5207 5408//5408
f 5411//5411 5408//5408 5403//5403
f 5412//5412 5409//5409 5243//5243
f 5412//5412 5410//5410 5409//5409
f 5413//5413 5403//5403 5407//5407
f 5413//5413 5411//5411 5403//5403
f 5413//5413 5207//5207 5411//5411
f 5414//5414 5412//5412 5243//5243
f 5414//5414 5410//5410 5412//5412
f 5414//5414 5243//5243 5242//5242
f 5414//5414 5415//5415 5410//5410
f 5416//5416 5208//5208 5207//5207
f 5416//5416 5407//5407 5410//5410
f 5416//5416 5207//5207 5413//5413
f 5416//5416 5413//5413 5407//5407
f 5417//5417 5208//5208 5416//5416
f 5417//5417 5416//5416 5410//5410
f 5418//5418 5308//5308 5415//5415
f 5418//5418 5414//5414 5242//5242
f 5418//5418 5415//5415 5414//5414
f 5419//5419 5308//5308 5418//5418
f 5419//5419 5242//5242 5307//5307
f 5419//5419 5307//5307 5308//5308
f 5419//5419 5418//5418 5242//5242
f 5420//5420 5417//5417 5410//5410
f 5420//5420 5208//5208 5417//5417
f 5420//5420 5410//5410 5415//5415
f 5421//5421 5209//5209 5208//5208
f 5421//5421 5415//5415 5308//5308
f 5421//5421 5208//5208 5420//5420
f 5421//5421 5420//5420 5415//5415
f 5422//5422 5311//5311 5209//5209
f 5422//5422 5308//5308 5311//5311
f 5422//5422 5421//5421 5308//5308
f 5422//5422 5209//5209 5421//5421
f 5423//5423 5310//5310 5241//5241
f 5423//5423 5312//5312 5310//5310
f 5424//5424 5425//5425 5312//5312
f 5424//5424 5423//5423 5241//5241
f 5424//5424 5312//5312 5423//5423
f 5426//5426 5313//5313 5312//5312
f 5426//5426 5210//5210 5313//5313
f 5427//5427 5241//5241 5240//5240
f 5427//5427 5428//5428 5425//5425
f 5427//5427 5424//5424 5241//5241
f 5427//5427 5425//5425 5424//5424
f 5429//5429 5211//5211 5210//5210
f 5429//5429 5312//5312 5425//5425
f 5429//5429 5210//5210 5426//5426
f 5429//5429 5426//5426 5312//5312
f 5430//5430 5427//5427 5240//5240
f 5430//5430 5428//5428 5427//5427
f 5431//5431 5432//5432 5428//5428
f 5431//5431 5430//5430 5240//5240
f 5431//5431 5428//5428 5430//5430
f 5433//5433 5425//5425 5428//5428
f 5433//5433 5211//5211 5429//5429
f 5433//5433 5429//5429 5425//5425
f 5434//5434 5433//5433 5428//5428
f 5434//5434 5211//5211 5433//5433
f 5435//5435 5240//5240 5239//5239
f 5435//5435 5432//5432 5431//5431
f 5435//5435 5436//5436 5432//5432
f 5435//5435 5431//5431 5240//5240
f 5437//5437 5211//5211 5434//5434
f 5437//5437 5212//5212 5211//5211
f 5437//5437 5428//5428 5432//5432
f 5437//5437 5434//5434 5428//5428
f 5438//5438 5436//5436 5435//5435
f 5438//5438 5435//5435 5239//5239
f 5439//5439 5212//5212 5437//5437
f 5439//5439 5437//5437 5432//5432
f 5439//5439 5432//5432 5436//5436
f 5440//5440 5438//5438 5239//5239
f 5440//5440 5436//5436 5438//5438
f 5440//5440 5239//5239 5314//5314
f 5440//5440 5441//5441 5436//5436
f 5440//5440 5314//5314 5441//5441
f 5442//5442 5439//5439 5436//5436
f 5442//5442 5212//5212 5439//5439
f 5443//5443 5212//5212 5442//5442
f 5443//5443 5213//5213 5212//5212
f 5443//5443 5436//5436 5441//5441
f 5443//5443 5442//5442 5436//5436
f 5444//5444 5318//5318 5316//5316
f 5444//5444 5441//5441 5314//5314
f 5444//5444 5315//5315 5318//5318
f 5444//5444 5314//5314 5315//5315
f 5445//5445 5213//5213 5443//5443
f 5445//5445 5443//5443 5441//5441
f 5445//5445 5441//5441 5444//5444
f 5445//5445 5444//5444 5316//5316
f 5445//5445 5316//5316 5213//5213
f 5446//5446 5319//5319 5318//5318
f 5446//5446 5447//5447 5320//5320
f 5446//5446 5318//5318 5317//5317
f 5446//5446 5320//5320 5319//5319
f 5448//5448 5446//5446 5317//5317
f 5448//5448 5447//5447 5446//5446
f 5448//5448 5317//5317 5237//5237
f 5449//5449 5447//5447 5448//5448
f 5449//5449 5450//5450 5447//5447
f 5449//5449 5448//5448 5237//5237
f 5449//5449 5237//5237 5236//5236
f 5451//5451 5215//5215 5320//5320
f 5451//5451 5320//5320 5447//5447
f 5452//5452 5453//5453 5450//5450
f 5452//5452 5450//5450 5449//5449
f 5452//5452 5449//5449 5236//5236
f 5454//5454 5447//5447 5450//5450
f 5454//5454 5215//5215 5451//5451
f 5454//5454 5451//5451 5447//5447
f 5455//5455 5453//5453 5452//5452
f 5455//5455 5452//5452 5236//5236
f 5456//5456 5453//5453 5455//5455
f 5456//5456 5457//5457 5453//5453
f 5456//5456 5455//5455 5236//5236
f 5458//5458 5454//5454 5450//5450
f 5458//5458 5450//5450 5453//5453
f 5458//5458 5216//5216 5215//5215
f 5458//5458 5215//5215 5454//5454
f 5459//5459 5458//5458 5453//5453
f 5459//5459 5216//5216 5458//5458
f 5460//5460 5323//5323 5457//5457
f 5460//5460 5457//5457 5456//5456
f 5460//5460 5236//5236 5235//5235
f 5460//5460 5456//5456 5236//5236
f 5461//5461 5459//5459 5453//5453
f 5461//5461 5453//5453 5457//5457
f 5461//5461 5216//5216 5459//5459
f 5462//5462 5323//5323 5460//5460
f 5462//5462 5460//5460 5235//5235
f 5462//5462 5235//5235 5321//5321
f 5462//5462 5321//5321 5323//5323
f 5463//5463 5457//5457 5323//5323
f 5463//5463 5217//5217 5216//5216
f 5463//5463 5461//5461 5457//5457
f 5463//5463 5216//5216 5461//5461
f 5464//5464 5463//5463 5323//5323
f 5464//5464 5323//5323 5325//5325
f 5464//5464 5325//5325 5217//5217
f 5464//5464 5217//5217 5463//5463
f 5465//5465 5324//5324 5234//5234
f 5466//5466 5322//5322 5324//5324
f 5466//5466 5467//5467 5327//5327
f 5466//5466 5465//5465 5467//5467
f 5466//5466 5327//5327 5326//5326
f 5466//5466 5324//5324 5465//5465
f 5466//5466 5326//5326 5322//5322
f 5468//5468 5467//5467 5465//5465
f 5468//5468 5469//5469 5467//5467
f 5468//5468 5234//5234 5233//5233
f 5468//5468 5465//5465 5234//5234
f 5470//5470 5471//5471 5469//5469
f 5470//5470 5468//5468 5233//5233
f 5470//5470 5469//5469 5468//5468
f 5472//5472 5327//5327 5467//5467
f 5472//5472 5219//5219 5327//5327
f 5472//5472 5467//5467 5469//5469
f 5473//5473 5471//5471 5470//5470
f 5473//5473 5470//5470 5233//5233
f 5474//5474 5219//5219 5472//5472
f 5474//5474 5472//5472 5469//5469
f 5475//5475 5471//5471 5473//5473
f 5475//5475 5476//5476 5471//5471
f 5475//5475 5233//5233 5232//5232
f 5475//5475 5473//5473 5233//5233
f 5477//5477 5469//5469 5471//5471
f 5477//5477 5474//5474 5469//5469
f 5477//5477 5220//5220 5219//5219
f 5477//5477 5219//5219 5474//5474
f 5478//5478 5475//5475 5232//5232
f 5478//5478 5479//5479 5476//5476
f 5478//5478 5476//5476 5475//5475
f 5480//5480 5220//5220 5477//5477
f 5480//5480 5477//5477 5471//5471
f 5481//5481 5479//5479 5478//5478
f 5481//5481 5478//5478 5232//5232
f 5481//5481 5328//5328 5479//5479
f 5481//5481 5232//5232 5328//5328
f 5482//5482 5480//5480 5471//5471
f 5482//5482 5471//5471 5476//5476
f 5482//5482 5220//5220 5480//5480
f 5483//5483 5220//5220 5482//5482
f 5483//5483 5221//5221 5220//5220
f 5483//5483 5482//5482 5476//5476
f 5483//5483 5476//5476 5479//5479
f 5484//5484 5483//5483 5479//5479
f 5484//5484 5221//5221 5483//5483
f 5484//5484 5329//5329 5221//5221
f 5485//5485 5183//5183 5184//5184
f 5485//5485 5184//5184 5185//5185
f 5485//5485 5185//5185 5186//5186
f 5485//5485 5484//5484 5479//5479
f 5485//5485 5329//5329 5484//5484
f 5485//5485 5186//5186 5329//5329
f 5485//5485 5328//5328 5183//5183
f 5485//5485 5479//5479 5328//5328
f 5529//5529 5501//5501 5500//5500
f 5529//5529 5527//5527 5526//5526
f 5530//5530 5504//5504 5503//5503
f 5530//5530 5524//5524 5523//5523
f 5531//5531 5530//5530 5523//5523
f 5531//5531 5505//5505 5504//5504
f 5531//5531 5523//5523 5522//5522
f 5531//5531 5504//5504 5530//5530
f 5532//5532 5522//5522 5521//5521
f 5533//5533 5518//5518 5517//5517
f 5533//5533 5517//5517 5534//5534
f 5535//5535 5498//5498 5497//5497
f 5535//5535 5518//5518 5533//5533
f 5535//5535 5519//5519 5518//5518
f 5535//5535 5497//5497 5519//5519
f 5536//5536 5527//5527 5529//5529
f 5536//5536 5500//5500 5499//5499
f 5536//5536 5529//5529 5500//5500
f 5537//5537 5501//5501 5529//5529
f 5537//5537 5529//5529 5526//5526
f 5538//5538 5502//5502 5501//5501
f 5538//5538 5537//5537 5526//5526
f 5538//5538 5526//5526 5525//5525
f 5538//5538 5501//5501 5537//5537
f 5539//5539 5538//5538 5525//5525
f 5539//5539 5502//5502 5538//5538
f 5540//5540 5524//5524 5530//5530
f 5540//5540 5503//5503 5502//5502
f 5540//5540 5525//5525 5524//5524
f 5540//5540 5539//5539 5525//5525
f 5540//5540 5502//5502 5539//5539
f 5540//5540 5530//5530 5503//5503
f 5541//5541 5506//5506 5505//5505
f 5541//5541 5522//5522 5532//5532
f 5541//5541 5505//5505 5531//5531
f 5541//5541 5531//5531 5522//5522
f 5541//5541 5532//5532 5506//5506
f 5542//5542 5507//5507 5506//5506
f 5542//5542 5506//5506 5532//5532
f 5542//5542 5532//5532 5521//5521
f 5543//5543 5489//5489 5488//5488
f 5543//5543 5490//5490 5489//5489
f 5544//5544 5487//5487 5486//5486
f 5544//5544 5488//5488 5487//5487
f 5544//5544 5486//5486 5509//5509
f 5544//5544 5543//5543 5488//5488
f 5545//5545 5513//5513 5512//5512
f 5545//5545 5514//5514 5513//5513
f 5545//5545 5515//5515 5514//5514
f 5545//5545 5516//5516 5515//5515
f 5545//5545 5517//5517 5516//5516
f 5545//5545 5534//5534 5517//5517
f 5545//5545 5546//5546 5534//5534
f 5547//5547 5511//5511 5510//5510
f 5547//5547 5512//5512 5511//5511
f 5547//5547 5510//5510 5528//5528
f 5547//5547 5546//5546 5545//5545
f 5547//5547 5545//5545 5512//5512
f 5548//5548 5549//5549 5546//5546
f 5548//5548 5547//5547 5528//5528
f 5548//5548 5546//5546 5547//5547
f 5550//5550 5533//5533 5534//5534
f 5550//5550 5535//5535 5533//5533
f 5550//5550 5498//5498 5535//5535
f 5550//5550 5534//5534 5546//5546
f 5551//5551 5528//5528 5527//5527
f 5551//5551 5549//5549 5548//5548
f 5551//5551 5548//5548 5528//5528
f 5551//5551 5536//5536 5549//5549
f 5551//5551 5527//5527 5536//5536
f 5552//5552 5546//5546 5549//5549
f 5552//5552 5499//5499 5498//5498
f 5552//5552 5498//5498 5550//5550
f 5552//5552 5550//5550 5546//5546
f 5553//5553 5536//5536 5499//5499
f 5553//5553 5549//5549 5536//5536
f 5553//5553 5499//5499 5552//5552
f 5553//5553 5552//5552 5549//5549
f 5554//5554 5555//5555 5542//5542
f 5554//5554 5542//5542 5521//5521
f 5554//5554 5556//5556 5555//5555
f 5554//5554 5521//5521 5520//5520
f 5557//5557 5554//5554 5520//5520
f 5557//5557 5556//5556 5554//5554
f 5558//5558 5542//5542 5555//5555
f 5558//5558 5507//5507 5542//5542
f 5559//5559 5557//5557 5520//5520
f 5559//5559 5560//5560 5556//5556
f 5559//5559 5556//5556 5557//5557
f 5561//5561 5508//5508 5507//5507
f 5561//5561 5558//5558 5555//5555
f 5561//5561 5555//5555 5556//5556
f 5561//5561 5507//5507 5558//5558
f 5562//5562 5508//5508 5561//5561
f 5562//5562 5561//5561 5556//5556
f 5563//5563 5493//5493 5492//5492
f 5563//5563 5494//5494 5493//5493
f 5563//5563 5495//5495 5494//5494
f 5563//5563 5496//5496 5495//5495
f 5563//5563 5560//5560 5559//5559
f 5563//5563 5520//5520 5496//5496
f 5563//5563 5559//5559 5520//5520
f 5564//5564 5556//5556 5560//5560
f 5564//5564 5508//5508 5562//5562
f 5564//5564 5562//5562 5556//5556
f 5565//5565 5509//5509 5508//5508
f 5565//5565 5544//5544 5509//5509
f 5565//5565 5543//5543 5544//5544
f 5565//5565 5508//5508 5564//5564
f 5565//5565 5564//5564 5560//5560
f 5566//5566 5560//5560 5563//5563
f 5566//5566 5565//5565 5560//5560
f 5566//5566 5543//5543 5565//5565
f 5567//5567 5491//5491 5490//5490
f 5567//5567 5492//5492 5491//5491
f 5567//5567 5490//5490 5543//5543
f 5567//5567 5566//5566 5563//5563
f 5567//5567 5563//5563 5492//5492
f 5567//5567 5543//5543 5566//5566
f 5664//5664 5622//5622 5623//5623
f 5664//5664 5623//5623 5624//5624
f 5665//5665 5617//5617 5616//5616
f 5665//5665 5618//5618 5617//5617
f 5665//5665 5616//5616 5626//5626
f 5666//5666 5626//5626 5627//5627
f 5667//5667 5666//5666 5627//5627
f 5668//5668 5570//5570 5569//5569
f 5669//5669 5667//5667 5627//5627
f 5669//5669 5670//5670 5667//5667
f 5669//5669 5627//5627 5628//5628
f 5671//5671 5570//5570 5668//5668
f 5672//5672 5669//5669 5628//5628
f 5673//5673 5571//5571 5570//5570
f 5673//5673 5671//5671 5670//5670
f 5673//5673 5570//5570 5671//5671
f 5674//5674 5672//5672 5628//5628
f 5674//5674 5675//5675 5672//5672
f 5674//5674 5628//5628 5629//5629
f 5676//5676 5571//5571 5673//5673
f 5677//5677 5629//5629 5630//5630
f 5677//5677 5674//5674 5629//5629
f 5678//5678 5572//5572 5571//5571
f 5678//5678 5676//5676 5675//5675
f 5678//5678 5571//5571 5676//5676
f 5679//5679 5680//5680 5677//5677
f 5679//5679 5677//5677 5630//5630
f 5681//5681 5572//5572 5678//5678
f 5682//5682 5680//5680 5679//5679
f 5683//5683 5573//5573 5572//5572
f 5683//5683 5572//5572 5681//5681
f 5683//5683 5680//5680 5682//5682
f 5683//5683 5681//5681 5680//5680
f 5684//5684 5631//5631 5632//5632
f 5685//5685 5684//5684 5632//5632
f 5686//5686 5575//5575 5574//5574
f 5687//5687 5685//5685 5632//5632
f 5687//5687 5632//5632 5633//5633
f 5688//5688 5575//5575 5686//5686
f 5689//5689 5576//5576 5575//5575
f 5689//5689 5575//5575 5688//5688
f 5689//5689 5688//5688 5690//5690
f 5691//5691 5578//5578 5577//5577
f 5692//5692 5693//5693 5694//5694
f 5692//5692 5694//5694 5634//5634
f 5692//5692 5634//5634 5635//5635
f 5695//5695 5578//5578 5691//5691
f 5696//5696 5692//5692 5635//5635
f 5696//5696 5635//5635 5636//5636
f 5697//5697 5579//5579 5578//5578
f 5697//5697 5578//5578 5695//5695
f 5698//5698 5699//5699 5696//5696
f 5698//5698 5696//5696 5636//5636
f 5700//5700 5579//5579 5697//5697
f 5700//5700 5580//5580 5579//5579
f 5701//5701 5698//5698 5636//5636
f 5701//5701 5636//5636 5637//5637
f 5702//5702 5580//5580 5700//5700
f 5702//5702 5700//5700 5699//5699
f 5703//5703 5701//5701 5637//5637
f 5703//5703 5704//5704 5701//5701
f 5705//5705 5581//5581 5580//5580
f 5705//5705 5580//5580 5702//5702
f 5706//5706 5581//5581 5705//5705
f 5706//5706 5705//5705 5704//5704
f 5707//5707 5637//5637 5638//5638
f 5707//5707 5703//5703 5637//5637
f 5708//5708 5582//5582 5581//5581
f 5708//5708 5706//5706 5704//5704
f 5708//5708 5581//5581 5706//5706
f 5709//5709 5707//5707 5638//5638
f 5710//5710 5582//5582 5708//5708
f 5711//5711 5638//5638 5639//5639
f 5711//5711 5709//5709 5638//5638
f 5712//5712 5583//5583 5582//5582
f 5712//5712 5582//5582 5710//5710
f 5712//5712 5710//5710 5713//5713
f 5714//5714 5711//5711 5639//5639
f 5715//5715 5584//5584 5583//5583
f 5715//5715 5583//5583 5712//5712
f 5716//5716 5639//5639 5640//5640
f 5716//5716 5717//5717 5714//5714
f 5716//5716 5714//5714 5639//5639
f 5718//5718 5584//5584 5715//5715
f 5719//5719 5585//5585 5584//5584
f 5719//5719 5584//5584 5718//5718
f 5720//5720 5641//5641 5642//5642
f 5721//5721 5720//5720 5722//5722
f 5723//5723 5722//5722 5720//5720
f 5723//5723 5720//5720 5642//5642
f 5724//5724 5721//5721 5722//5722
f 5724//5724 5587//5587 5586//5586
f 5725//5725 5724//5724 5722//5722
f 5725//5725 5587//5587 5724//5724
f 5726//5726 5588//5588 5587//5587
f 5726//5726 5587//5587 5725//5725
f 5727//5727 5643//5643 5644//5644
f 5728//5728 5727//5727 5644//5644
f 5729//5729 5728//5728 5644//5644
f 5729//5729 5644//5644 5645//5645
f 5730//5730 5590//5590 5589//5589
f 5730//5730 5589//5589 5731//5731
f 5730//5730 5731//5731 5732//5732
f 5733//5733 5646//5646 5647//5647
f 5734//5734 5592//5592 5591//5591
f 5735//5735 5733//5733 5647//5647
f 5735//5735 5736//5736 5733//5733
f 5737//5737 5592//5592 5734//5734
f 5738//5738 5736//5736 5735//5735
f 5739//5739 5593//5593 5592//5592
f 5739//5739 5592//5592 5737//5737
f 5739//5739 5737//5737 5736//5736
f 5739//5739 5736//5736 5738//5738
f 5740//5740 5648//5648 5649//5649
f 5741//5741 5740//5740 5649//5649
f 5741//5741 5742//5742 5740//5740
f 5743//5743 5595//5595 5594//5594
f 5744//5744 5649//5649 5650//5650
f 5744//5744 5741//5741 5649//5649
f 5745//5745 5595//5595 5743//5743
f 5746//5746 5596//5596 5595//5595
f 5746//5746 5595//5595 5745//5745
f 5746//5746 5745//5745 5742//5742
f 5747//5747 5748//5748 5749//5749
f 5750//5750 5749//5749 5748//5748
f 5750//5750 5598//5598 5597//5597
f 5751//5751 5747//5747 5651//5651
f 5751//5751 5748//5748 5747//5747
f 5751//5751 5651//5651 5652//5652
f 5752//5752 5750//5750 5748//5748
f 5752//5752 5598//5598 5750//5750
f 5753//5753 5751//5751 5652//5652
f 5753//5753 5652//5652 5653//5653
f 5754//5754 5598//5598 5752//5752
f 5754//5754 5599//5599 5598//5598
f 5755//5755 5753//5753 5653//5653
f 5755//5755 5756//5756 5753//5753
f 5757//5757 5599//5599 5754//5754
f 5757//5757 5600//5600 5599//5599
f 5758//5758 5757//5757 5756//5756
f 5758//5758 5600//5600 5757//5757
f 5759//5759 5755//5755 5653//5653
f 5759//5759 5653//5653 5654//5654
f 5760//5760 5761//5761 5759//5759
f 5760//5760 5759//5759 5654//5654
f 5762//5762 5601//5601 5600//5600
f 5762//5762 5600//5600 5758//5758
f 5763//5763 5601//5601 5762//5762
f 5764//5764 5761//5761 5760//5760
f 5765//5765 5761//5761 5764//5764
f 5765//5765 5602//5602 5601//5601
f 5765//5765 5601//5601 5763//5763
f 5765//5765 5763//5763 5761//5761
f 5766//5766 5655//5655 5656//5656
f 5767//5767 5766//5766 5656//5656
f 5768//5768 5604//5604 5603//5603
f 5769//5769 5770//5770 5767//5767
f 5769//5769 5767//5767 5656//5656
f 5769//5769 5656//5656 5657//5657
f 5771//5771 5604//5604 5768//5768
f 5772//5772 5605//5605 5604//5604
f 5772//5772 5604//5604 5771//5771
f 5772//5772 5771//5771 5770//5770
f 5773//5773 5658//5658 5659//5659
f 5774//5774 5773//5773 5775//5775
f 5776//5776 5773//5773 5659//5659
f 5776//5776 5775//5775 5773//5773
f 5777//5777 5774//5774 5775//5775
f 5778//5778 5659//5659 5660//5660
f 5778//5778 5776//5776 5659//5659
f 5779//5779 5608//5608 5607//5607
f 5779//5779 5777//5777 5775//5775
f 5779//5779 5607//5607 5777//5777
f 5780//5780 5778//5778 5660//5660
f 5780//5780 5781//5781 5778//5778
f 5782//5782 5609//5609 5608//5608
f 5782//5782 5608//5608 5779//5779
f 5783//5783 5609//5609 5782//5782
f 5784//5784 5780//5780 5660//5660
f 5784//5784 5660//5660 5661//5661
f 5785//5785 5609//5609 5783//5783
f 5785//5785 5610//5610 5609//5609
f 5786//5786 5784//5784 5661//5661
f 5787//5787 5610//5610 5785//5785
f 5787//5787 5611//5611 5610//5610
f 5788//5788 5786//5786 5661//5661
f 5788//5788 5661//5661 5662//5662
f 5789//5789 5787//5787 5790//5790
f 5789//5789 5611//5611 5787//5787
f 5791//5791 5611//5611 5789//5789
f 5791//5791 5612//5612 5611//5611
f 5792//5792 5622//5622 5664//5664
f 5792//5792 5663//5663 5621//5621
f 5792//5792 5621//5621 5622//5622
f 5793//5793 5792//5792 5664//5664
f 5794//5794 5793//5793 5664//5664
f 5794//5794 5614//5614 5613//5613
f 5795//5795 5664//5664 5624//5624
f 5795//5795 5615//5615 5614//5614
f 5795//5795 5614//5614 5794//5794
f 5795//5795 5794//5794 5664//5664
f 5795//5795 5624//5624 5625//5625
f 5795//5795 5625//5625 5615//5615
f 5796//5796 5619//5619 5618//5618
f 5796//5796 5618//5618 5665//5665
f 5797//5797 5626//5626 5666//5666
f 5797//5797 5665//5665 5626//5626
f 5797//5797 5666//5666 5798//5798
f 5799//5799 5668//5668 5569//5569
f 5800//5800 5666//5666 5667//5667
f 5800//5800 5667//5667 5670//5670
f 5800//5800 5670//5670 5671//5671
f 5800//5800 5671//5671 5668//5668
f 5800//5800 5799//5799 5798//5798
f 5800//5800 5668//5668 5799//5799
f 5800//5800 5798//5798 5666//5666
f 5801//5801 5673//5673 5670//5670
f 5801//5801 5670//5670 5669//5669
f 5802//5802 5669//5669 5672//5672
f 5802//5802 5801//5801 5669//5669
f 5802//5802 5676//5676 5673//5673
f 5802//5802 5673//5673 5801//5801
f 5803//5803 5672//5672 5675//5675
f 5803//5803 5676//5676 5802//5802
f 5803//5803 5675//5675 5676//5676
f 5803//5803 5802//5802 5672//5672
f 5804//5804 5675//5675 5674//5674
f 5804//5804 5678//5678 5675//5675
f 5805//5805 5674//5674 5677//5677
f 5805//5805 5804//5804 5674//5674
f 5805//5805 5678//5678 5804//5804
f 5805//5805 5681//5681 5678//5678
f 5806//5806 5677//5677 5680//5680
f 5806//5806 5805//5805 5677//5677
f 5806//5806 5681//5681 5805//5805
f 5806//5806 5680//5680 5681//5681
f 5807//5807 5679//5679 5630//5630
f 5807//5807 5682//5682 5679//5679
f 5808//5808 5809//5809 5682//5682
f 5808//5808 5682//5682 5807//5807
f 5808//5808 5630//5630 5631//5631
f 5808//5808 5807//5807 5630//5630
f 5810//5810 5573//5573 5683//5683
f 5810//5810 5683//5683 5682//5682
f 5811//5811 5812//5812 5809//5809
f 5811//5811 5809//5809 5808//5808
f 5811//5811 5808//5808 5631//5631
f 5813//5813 5682//5682 5809//5809
f 5813//5813 5574//5574 5573//5573
f 5813//5813 5810//5810 5682//5682
f 5813//5813 5573//5573 5810//5810
f 5814//5814 5812//5812 5811//5811
f 5814//5814 5631//5631 5684//5684
f 5814//5814 5811//5811 5631//5631
f 5815//5815 5809//5809 5812//5812
f 5815//5815 5813//5813 5809//5809
f 5815//5815 5574//5574 5813//5813
f 5816//5816 5574//5574 5815//5815
f 5816//5816 5686//5686 5574//5574
f 5816//5816 5812//5812 5686//5686
f 5816//5816 5815//5815 5812//5812
f 5817//5817 5814//5814 5684//5684
f 5817//5817 5684//5684 5685//5685
f 5817//5817 5688//5688 5686//5686
f 5817//5817 5690//5690 5688//5688
f 5817//5817 5686//5686 5812//5812
f 5817//5817 5812//5812 5814//5814
f 5817//5817 5685//5685 5690//5690
f 5818//5818 5685//5685 5687//5687
f 5818//5818 5689//5689 5690//5690
f 5818//5818 5687//5687 5819//5819
f 5818//5818 5690//5690 5685//5685
f 5820//5820 5687//5687 5633//5633
f 5820//5820 5819//5819 5687//5687
f 5821//5821 5820//5820 5633//5633
f 5821//5821 5819//5819 5820//5820
f 5821//5821 5822//5822 5819//5819
f 5823//5823 5689//5689 5818//5818
f 5823//5823 5818//5818 5819//5819
f 5823//5823 5576//5576 5689//5689
f 5824//5824 5577//5577 5576//5576
f 5824//5824 5576//5576 5823//5823
f 5824//5824 5823//5823 5819//5819
f 5824//5824 5819//5819 5822//5822
f 5825//5825 5821//5821 5633//5633
f 5825//5825 5822//5822 5821//5821
f 5825//5825 5826//5826 5822//5822
f 5825//5825 5633//5633 5634//5634
f 5827//5827 5826//5826 5825//5825
f 5827//5827 5825//5825 5634//5634
f 5827//5827 5634//5634 5694//5694
f 5828//5828 5577//5577 5824//5824
f 5828//5828 5824//5824 5822//5822
f 5828//5828 5822//5822 5826//5826
f 5829//5829 5577//5577 5828//5828
f 5829//5829 5828//5828 5826//5826
f 5829//5829 5691//5691 5577//5577
f 5829//5829 5826//5826 5691//5691
f 5830//5830 5693//5693 5695//5695
f 5830//5830 5826//5826 5827//5827
f 5830//5830 5827//5827 5694//5694
f 5830//5830 5694//5694 5693//5693
f 5830//5830 5691//5691 5826//5826
f 5830//5830 5695//5695 5691//5691
f 5831//5831 5695//5695 5693//5693
f 5831//5831 5693//5693 5692//5692
f 5831//5831 5697//5697 5695//5695
f 5832//5832 5831//5831 5692//5692
f 5832//5832 5700//5700 5697//5697
f 5832//5832 5692//5692 5696//5696
f 5832//5832 5697//5697 5831//5831
f 5833//5833 5832//5832 5696//5696
f 5833//5833 5696//5696 5699//5699
f 5833//5833 5699//5699 5700//5700
f 5833//5833 5700//5700 5832//5832
f 5834//5834 5699//5699 5698//5698
f 5834//5834 5702//5702 5699//5699
f 5835//5835 5702//5702 5834//5834
f 5835//5835 5698//5698 5701//5701
f 5835//5835 5834//5834 5698//5698
f 5835//5835 5705//5705 5702//5702
f 5836//5836 5701//5701 5704//5704
f 5836//5836 5835//5835 5701//5701
f 5836//5836 5705//5705 5835//5835
f 5836//5836 5704//5704 5705//5705
f 5837//5837 5703//5703 5707//5707
f 5837//5837 5704//5704 5703//5703
f 5837//5837 5708//5708 5704//5704
f 5838//5838 5708//5708 5837//5837
f 5838//5838 5837//5837 5707//5707
f 5838//5838 5709//5709 5713//5713
f 5838//5838 5707//5707 5709//5709
f 5838//5838 5713//5713 5710//5710
f 5838//5838 5710//5710 5708//5708
f 5839//5839 5713//5713 5709//5709
f 5839//5839 5709//5709 5711//5711
f 5839//5839 5712//5712 5713//5713
f 5840//5840 5839//5839 5711//5711
f 5840//5840 5712//5712 5839//5839
f 5840//5840 5715//5715 5712//5712
f 5840//5840 5711//5711 5714//5714
f 5841//5841 5717//5717 5718//5718
f 5841//5841 5715//5715 5840//5840
f 5841//5841 5840//5840 5714//5714
f 5841//5841 5714//5714 5717//5717
f 5841//5841 5718//5718 5715//5715
f 5842//5842 5719//5719 5718//5718
f 5842//5842 5718//5718 5717//5717
f 5842//5842 5843//5843 5719//5719
f 5842//5842 5717//5717 5716//5716
f 5844//5844 5842//5842 5716//5716
f 5844//5844 5843//5843 5842//5842
f 5844//5844 5716//5716 5640//5640
f 5845//5845 5844//5844 5640//5640
f 5845//5845 5640//5640 5641//5641
f 5845//5845 5846//5846 5843//5843
f 5845//5845 5843//5843 5844//5844
f 5847//5847 5721//5721 5846//5846
f 5847//5847 5845//5845 5641//5641
f 5847//5847 5846//5846 5845//5845
f 5848//5848 5719//5719 5843//5843
f 5848//5848 5585//5585 5719//5719
f 5849//5849 5721//5721 5847//5847
f 5849//5849 5720//5720 5721//5721
f 5849//5849 5641//5641 5720//5720
f 5849//5849 5847//5847 5641//5641
f 5850//5850 5843//5843 5846//5846
f 5850//5850 5585//5585 5848//5848
f 5850//5850 5848//5848 5843//5843
f 5851//5851 5850//5850 5846//5846
f 5851//5851 5846//5846 5721//5721
f 5851//5851 5586//5586 5585//5585
f 5851//5851 5585//5585 5850//5850
f 5852//5852 5851//5851 5721//5721
f 5852//5852 5721//5721 5724//5724
f 5852//5852 5724//5724 5586//5586
f 5852//5852 5586//5586 5851//5851
f 5853//5853 5723//5723 5642//5642
f 5854//5854 5853//5853 5642//5642
f 5854//5854 5855//5855 5853//5853
f 5854//5854 5856//5856 5855//5855
f 5854//5854 5642//5642 5643//5643
f 5857//5857 5856//5856 5854//5854
f 5857//5857 5854//5854 5643//5643
f 5858//5858 5857//5857 5643//5643
f 5858//5858 5856//5856 5857//5857
f 5858//5858 5859//5859 5856//5856
f 5858//5858 5643//5643 5727//5727
f 5858//5858 5727//5727 5859//5859
f 5860//5860 5726//5726 5855//5855
f 5860//5860 5588//5588 5726//5726
f 5860//5860 5855//5855 5856//5856
f 5861//5861 5588//5588 5860//5860
f 5861//5861 5860//5860 5856//5856
f 5862//5862 5588//5588 5861//5861
f 5862//5862 5861//5861 5856//5856
f 5862//5862 5589//5589 5588//5588
f 5862//5862 5856//5856 5859//5859
f 5863//5863 5859//5859 5727//5727
f 5863//5863 5728//5728 5732//5732
f 5863//5863 5727//5727 5728//5728
f 5863//5863 5732//5732 5731//5731
f 5864//5864 5589//5589 5862//5862
f 5864//5864 5862//5862 5859//5859
f 5864//5864 5731//5731 5589//5589
f 5864//5864 5863//5863 5731//5731
f 5864//5864 5859//5859 5863//5863
f 5865//5865 5732//5732 5728//5728
f 5865//5865 5728//5728 5729//5729
f 5865//5865 5730//5730 5732//5732
f 5865//5865 5729//5729 5866//5866
f 5867//5867 5729//5729 5645//5645
f 5867//5867 5866//5866 5729//5729
f 5867//5867 5868//5868 5866//5866
f 5869//5869 5867//5867 5645//5645
f 5869//5869 5868//5868 5867//5867
f 5870//5870 5730//5730 5865//5865
f 5870//5870 5865//5865 5866//5866
f 5870//5870 5590//5590 5730//5730
f 5871//5871 5868//5868 5869//5869
f 5871//5871 5872//5872 5868//5868
f 5871//5871 5869//5869 5645//5645
f 5871//5871 5645//5645 5646//5646
f 5873//5873 5590//5590 5870//5870
f 5873//5873 5591//5591 5590//5590
f 5873//5873 5870//5870 5866//5866
f 5873//5873 5866//5866 5868//5868
f 5874//5874 5871//5871 5646//5646
f 5874//5874 5872//5872 5871//5871
f 5874//5874 5646//5646 5733//5733
f 5875//5875 5591//5591 5873//5873
f 5875//5875 5873//5873 5868//5868
f 5876//5876 5875//5875 5868//5868
f 5876//5876 5734//5734 5591//5591
f 5876//5876 5868//5868 5872//5872
f 5876//5876 5872//5872 5734//5734
f 5876//5876 5591//5591 5875//5875
f 5877//5877 5872//5872 5874//5874
f 5877//5877 5874//5874 5733//5733
f 5877//5877 5733//5733 5736//5736
f 5877//5877 5734//5734 5872//5872
f 5877//5877 5736//5736 5737//5737
f 5877//5877 5737//5737 5734//5734
f 5878//5878 5738//5738 5735//5735
f 5878//5878 5735//5735 5647//5647
f 5879//5879 5878//5878 5647//5647
f 5879//5879 5738//5738 5878//5878
f 5879//5879 5647//5647 5648//5648
f 5879//5879 5880//5880 5738//5738
f 5881//5881 5593//5593 5739//5739
f 5881//5881 5739//5739 5738//5738
f 5882//5882 5879//5879 5648//5648
f 5882//5882 5880//5880 5879//5879
f 5882//5882 5883//5883 5880//5880
f 5884//5884 5593//5593 5881//5881
f 5884//5884 5594//5594 5593//5593
f 5884//5884 5881//5881 5738//5738
f 5884//5884 5738//5738 5880//5880
f 5885//5885 5882//5882 5648//5648
f 5885//5885 5883//5883 5882//5882
f 5885//5885 5648//5648 5740//5740
f 5886//5886 5594//5594 5884//5884
f 5886//5886 5884//5884 5880//5880
f 5886//5886 5880//5880 5883//5883
f 5887//5887 5883//5883 5743//5743
f 5887//5887 5886//5886 5883//5883
f 5887//5887 5594//5594 5886//5886
f 5887//5887 5743//5743 5594//5594
f 5888//5888 5743//5743 5883//5883
f 5888//5888 5883//5883 5885//5885
f 5888//5888 5885//5885 5740//5740
f 5888//5888 5740//5740 5742//5742
f 5888//5888 5742//5742 5745//5745
f 5888//5888 5745//5745 5743//5743
f 5889//5889 5746//5746 5742//5742
f 5889//5889 5744//5744 5890//5890
f 5889//5889 5742//5742 5741//5741
f 5889//5889 5741//5741 5744//5744
f 5891//5891 5744//5744 5650//5650
f 5891//5891 5890//5890 5744//5744
f 5892//5892 5893//5893 5890//5890
f 5892//5892 5890//5890 5891//5891
f 5892//5892 5891//5891 5650//5650
f 5894//5894 5746//5746 5889//5889
f 5894//5894 5596//5596 5746//5746
f 5894//5894 5889//5889 5890//5890
f 5895//5895 5893//5893 5892//5892
f 5895//5895 5749//5749 5893//5893
f 5895//5895 5650//5650 5651//5651
f 5895//5895 5892//5892 5650//5650
f 5896//5896 5890//5890 5893//5893
f 5896//5896 5894//5894 5890//5890
f 5896//5896 5597//5597 5596//5596
f 5896//5896 5596//5596 5894//5894
f 5897//5897 5651//5651 5747//5747
f 5897//5897 5747//5747 5749//5749
f 5897//5897 5749//5749 5895//5895
f 5897//5897 5895//5895 5651//5651
f 5898//5898 5896//5896 5893//5893
f 5898//5898 5597//5597 5896//5896
f 5899//5899 5597//5597 5898//5898
f 5899//5899 5898//5898 5893//5893
f 5899//5899 5893//5893 5749//5749
f 5899//5899 5750//5750 5597//5597
f 5899//5899 5749//5749 5750//5750
f 5900//5900 5754//5754 5752//5752
f 5900//5900 5748//5748 5751//5751
f 5900//5900 5752//5752 5748//5748
f 5901//5901 5751//5751 5753//5753
f 5901//5901 5900//5900 5751//5751
f 5901//5901 5754//5754 5900//5900
f 5901//5901 5757//5757 5754//5754
f 5902//5902 5757//5757 5901//5901
f 5902//5902 5901//5901 5753//5753
f 5902//5902 5753//5753 5756//5756
f 5902//5902 5756//5756 5757//5757
f 5903//5903 5756//5756 5755//5755
f 5903//5903 5758//5758 5756//5756
f 5904//5904 5758//5758 5903//5903
f 5904//5904 5755//5755 5759//5759
f 5904//5904 5762//5762 5758//5758
f 5904//5904 5903//5903 5755//5755
f 5905//5905 5904//5904 5759//5759
f 5905//5905 5762//5762 5904//5904
f 5905//5905 5759//5759 5761//5761
f 5905//5905 5763//5763 5762//5762
f 5905//5905 5761//5761 5763//5763
f 5906//5906 5764//5764 5760//5760
f 5906//5906 5760//5760 5654//5654
f 5907//5907 5906//5906 5654//5654
f 5907//5907 5908//5908 5764//5764
f 5907//5907 5764//5764 5906//5906
f 5907//5907 5654//5654 5655//5655
f 5909//5909 5907//5907 5655//5655
f 5909//5909 5908//5908 5907//5907
f 5909//5909 5910//5910 5908//5908
f 5911//5911 5765//5765 5764//5764
f 5911//5911 5602//5602 5765//5765
f 5912//5912 5909//5909 5655//5655
f 5912//5912 5910//5910 5909//5909
f 5912//5912 5766//5766 5910//5910
f 5912//5912 5655//5655 5766//5766
f 5913//5913 5602//5602 5911//5911
f 5913//5913 5911//5911 5764//5764
f 5913//5913 5764//5764 5908//5908
f 5914//5914 5603//5603 5602//5602
f 5914//5914 5913//5913 5908//5908
f 5914//5914 5602//5602 5913//5913
f 5914//5914 5908//5908 5910//5910
f 5915//5915 5603//5603 5914//5914
f 5915//5915 5768//5768 5603//5603
f 5915//5915 5914//5914 5910//5910
f 5916//5916 5768//5768 5915//5915
f 5916//5916 5915//5915 5910//5910
f 5916//5916 5910//5910 5766//5766
f 5916//5916 5767//5767 5770//5770
f 5916//5916 5766//5766 5767//5767
f 5916//5916 5771//5771 5768//5768
f 5916//5916 5770//5770 5771//5771
f 5917//5917 5769//5769 5918//5918
f 5917//5917 5770//5770 5769//5769
f 5917//5917 5772//5772 5770//5770
f 5919//5919 5918//5918 5769//5769
f 5919//5919 5769//5769 5657//5657
f 5920//5920 5919//5919 5657//5657
f 5920//5920 5918//5918 5919//5919
f 5920//5920 5921//5921 5918//5918
f 5922//5922 5921//5921 5920//5920
f 5922//5922 5657//5657 5658//5658
f 5922//5922 5920//5920 5657//5657
f 5922//5922 5923//5923 5921//5921
f 5924//5924 5917//5917 5918//5918
f 5924//5924 5772//5772 5917//5917
f 5924//5924 5605//5605 5772//5772
f 5925//5925 5606//5606 5605//5605
f 5925//5925 5605//5605 5924//5924
f 5925//5925 5924//5924 5918//5918
f 5925//5925 5918//5918 5921//5921
f 5926//5926 5922//5922 5658//5658
f 5926//5926 5923//5923 5922//5922
f 5926//5926 5774//5774 5923//5923
f 5927//5927 5606//5606 5925//5925
f 5927//5927 5925//5925 5921//5921
f 5928//5928 5774//5774 5926//5926
f 5928//5928 5658//5658 5773//5773
f 5928//5928 5926//5926 5658//5658
f 5928//5928 5773//5773 5774//5774
f 5929//5929 5606//5606 5927//5927
f 5929//5929 5927//5927 5921//5921
f 5929//5929 5921//5921 5923//5923
f 5930//5930 5607//5607 5606//5606
f 5930//5930 5606//5606 5929//5929
f 5930//5930 5929//5929 5923//5923
f 5930//5930 5923//5923 5774//5774
f 5931//5931 5774//5774 5777//5777
f 5931//5931 5607//5607 5930//5930
f 5931//5931 5930//5930 5774//5774
f 5931//5931 5777//5777 5607//5607
f 5932//5932 5779//5779 5775//5775
f 5932//5932 5775//5775 5776//5776
f 5933//5933 5779//5779 5932//5932
f 5933//5933 5776//5776 5778//5778
f 5933//5933 5932//5932 5776//5776
f 5933//5933 5782//5782 5779//5779
f 5934//5934 5778//5778 5781//5781
f 5934//5934 5781//5781 5783//5783
f 5934//5934 5783//5783 5782//5782
f 5934//5934 5933//5933 5778//5778
f 5934//5934 5782//5782 5933//5933
f 5935//5935 5781//5781 5780//5780
f 5935//5935 5783//5783 5781//5781
f 5935//5935 5785//5785 5783//5783
f 5936//5936 5785//5785 5935//5935
f 5936//5936 5780//5780 5784//5784
f 5936//5936 5787//5787 5785//5785
f 5936//5936 5935//5935 5780//5780
f 5937//5937 5936//5936 5784//5784
f 5937//5937 5787//5787 5936//5936
f 5937//5937 5786//5786 5790//5790
f 5937//5937 5790//5790 5787//5787
f 5937//5937 5784//5784 5786//5786
f 5938//5938 5790//5790 5786//5786
f 5938//5938 5786//5786 5788//5788
f 5938//5938 5791//5791 5789//5789
f 5938//5938 5939//5939 5791//5791
f 5938//5938 5789//5789 5790//5790
f 5940//5940 5939//5939 5938//5938
f 5940//5940 5788//5788 5662//5662
f 5940//5940 5938//5938 5788//5788
f 5941//5941 5940//5940 5662//5662
f 5941//5941 5939//5939 5940//5940
f 5941//5941 5942//5942 5939//5939
f 5941//5941 5662//5662 5663//5663
f 5943//5943 5942//5942 5941//5941
f 5943//5943 5941//5941 5663//5663
f 5943//5943 5793//5793 5942//5942
f 5944//5944 5612//5612 5791//5791
f 5944//5944 5791//5791 5939//5939
f 5945//5945 5943//5943 5663//5663
f 5945//5945 5793//5793 5943//5943
f 5945//5945 5663//5663 5792//5792
f 5945//5945 5792//5792 5793//5793
f 5946//5946 5944//5944 5939//5939
f 5946//5946 5939//5939 5942//5942
f 5946//5946 5612//5612 5944//5944
f 5947//5947 5946//5946 5942//5942
f 5947//5947 5612//5612 5946//5946
f 5947//5947 5613//5613 5612//5612
f 5947//5947 5942//5942 5793//5793
f 5948//5948 5613//5613 5947//5947
f 5948//5948 5947//5947 5793//5793
f 5948//5948 5793//5793 5794//5794
f 5948//5948 5794//5794 5613//5613
f 5949//5949 5620//5620 5619//5619
f 5949//5949 5568//5568 5620//5620
f 5949//5949 5619//5619 5796//5796
f 5950//5950 5569//5569 5568//5568
f 5950//5950 5949//5949 5796//5796
f 5950//5950 5568//5568 5949//5949
f 5950//5950 5798//5798 5799//5799
f 5950//5950 5799//5799 5569//5569
f 5951//5951 5723//5723 5853//5853
f 5951//5951 5722//5722 5723//5723
f 5951//5951 5725//5725 5722//5722
f 5951//5951 5726//5726 5725//5725
f 5952//5952 5853//5853 5855//5855
f 5952//5952 5951//5951 5853//5853
f 5952//5952 5855//5855 5726//5726
f 5952//5952 5726//5726 5951//5951
f 5953//5953 5797//5797 5798//5798
f 5953//5953 5798//5798 5950//5950
f 5953//5953 5950//5950 5796//5796
f 5953//5953 5665//5665 5797//5797
f 5953//5953 5796//5796 5665//5665
f 5972//5972 5971//5971 5975//5975
f 5980//5980 5979//5979 5978//5978
f 5974//5974 5997//5997 5973//5973
f 5997//5997 5998//5998 5973//5973
f 5998//5998 5999//5999 5973//5973
f 5969//5969 6000//6000 5970//5970
f 5970//5970 6000//6000 5971//5971
f 5975//5975 6000//6000 5974//5974
f 5971//5971 6000//6000 5975//5975
f 5974//5974 6000//6000 5997//5997
f 5999//5999 6001//6001 5973//5973
f 5967//5967 6002//6002 5968//5968
f 5968//5968 6002//6002 5969//5969
f 5969//5969 6002//6002 6000//6000
f 6000//6000 6002//6002 5997//5997
f 5997//5997 6002//6002 5998//5998
f 6001//6001 6003//6003 5973//5973
f 5965//5965 6004//6004 5966//5966
f 5966//5966 6004//6004 5967//5967
f 5967//5967 6004//6004 6002//6002
f 5998//5998 6004//6004 5999//5999
f 6002//6002 6004//6004 5998//5998
f 6003//6003 6005//6005 5973//5973
f 5963//5963 6006//6006 5964//5964
f 5964//5964 6006//6006 5965//5965
f 5999//5999 6006//6006 6001//6001
f 5965//5965 6006//6006 6004//6004
f 6004//6004 6006//6006 5999//5999
f 6005//6005 6007//6007 5973//5973
f 5961//5961 6008//6008 5962//5962
f 5962//5962 6008//6008 5963//5963
f 5963//5963 6008//6008 6006//6006
f 6001//6001 6008//6008 6003//6003
f 6006//6006 6008//6008 6001//6001
f 6007//6007 6009//6009 5973//5973
f 5959//5959 6010//6010 5960//5960
f 5960//5960 6010//6010 5961//5961
f 6008//6008 6010//6010 6003//6003
f 6003//6003 6010//6010 6005//6005
f 5961//5961 6010//6010 6008//6008
f 5973//5973 6011//6011 5976//5976
f 6009//6009 6011//6011 5973//5973
f 5957//5957 6012//6012 5958//5958
f 5958//5958 6012//6012 5959//5959
f 6010//6010 6012//6012 6005//6005
f 5959//5959 6012//6012 6010//6010
f 6007//6007 6012//6012 6009//6009
f 6005//6005 6012//6012 6007//6007
f 6011//6011 6013//6013 5976//5976
f 5955//5955 6014//6014 5956//5956
f 5956//5956 6014//6014 5957//5957
f 5957//5957 6014//6014 6012//6012
f 6012//6012 6014//6014 6009//6009
f 6013//6013 6015//6015 5976//5976
f 5954//5954 6016//6016 5955//5955
f 6009//6009 6016//6016 6011//6011
f 5996//5996 6016//6016 5954//5954
f 6011//6011 6016//6016 6013//6013
f 5955//5955 6016//6016 6014//6014
f 6014//6014 6016//6016 6009//6009
f 6015//6015 6017//6017 5976//5976
f 6013//6013 6018//6018 6015//6015
f 6016//6016 6018//6018 6013//6013
f 5996//5996 6018//6018 6016//6016
f 5994//5994 6018//6018 5995//5995
f 5995//5995 6018//6018 5996//5996
f 6017//6017 6019//6019 5976//5976
f 6018//6018 6020//6020 6015//6015
f 5992//5992 6020//6020 5993//5993
f 5993//5993 6020//6020 5994//5994
f 5994//5994 6020//6020 6018//6018
f 6019//6019 6021//6021 5976//5976
f 5990//5990 6022//6022 5991//5991
f 5991//5991 6022//6022 5992//5992
f 6020//6020 6022//6022 6015//6015
f 5992//5992 6022//6022 6020//6020
f 6015//6015 6022//6022 6017//6017
f 6017//6017 6022//6022 6019//6019
f 6021//6021 6023//6023 5976//5976
f 5988//5988 6024//6024 5989//5989
f 5989//5989 6024//6024 5990//5990
f 5990//5990 6024//6024 6022//6022
f 6022//6022 6024//6024 6019//6019
f 6023//6023 6025//6025 5976//5976
f 5986//5986 6026//6026 5987//5987
f 5987//5987 6026//6026 5988//5988
f 6019//6019 6026//6026 6021//6021
f 6021//6021 6026//6026 6023//6023
f 5988//5988 6026//6026 6024//6024
f 6024//6024 6026//6026 6019//6019
f 6025//6025 6027//6027 5976//5976
f 5976//5976 6027//6027 5977//5977
f 5977//5977 6027//6027 5978//5978
f 5984//5984 6028//6028 5985//5985
f 5985//5985 6028//6028 5986//5986
f 6023//6023 6028//6028 6025//6025
f 5986//5986 6028//6028 6026//6026
f 6026//6026 6028//6028 6023//6023
f 5982//5982 6029//6029 5983//5983
f 5983//5983 6029//6029 5984//5984
f 5984//5984 6029//6029 6028//6028
f 6028//6028 6029//6029 6025//6025
f 5978//5978 6030//6030 5980//5980
f 5980//5980 6030//6030 5981//5981
f 5981//5981 6030//6030 5982//5982
f 6025//6025 6030//6030 6027//6027
f 5982//5982 6030//6030 6029//6029
f 6027//6027 6030//6030 5978//5978
f 6029//6029 6030//6030 6025//6025
f 6031//6031 6088//6088 6032//6032
f 6069//6069 6088//6088 6031//6031
f 6032//6032 6089//6089 6033//6033
f 6033//6033 6089//6089 6034//6034
f 6088//6088 6089//6089 6032//6032
f 6089//6089 6090//6090 6034//6034
f 6034//6034 6091//6091 6035//6035
f 6090//6090 6091//6091 6034//6034
f 6035//6035 6092//6092 6036//6036
f 6091//6091 6092//6092 6035//6035
f 6036//6036 6093//6093 6037//6037
f 6092//6092 6093//6093 6036//6036
f 6093//6093 6094//6094 6037//6037
f 6037//6037 6094//6094 6038//6038
f 6038//6038 6095//6095 6039//6039
f 6039//6039 6095//6095 6040//6040
f 6094//6094 6095//6095 6038//6038
f 6095//6095 6096//6096 6040//6040
f 6096//6096 6097//6097 6040//6040
f 6040//6040 6097//6097 6041//6041
f 6041//6041 6097//6097 6042//6042
f 6097//6097 6098//6098 6042//6042
f 6042//6042 6099//6099 6043//6043
f 6043//6043 6099//6099 6044//6044
f 6098//6098 6099//6099 6042//6042
f 6099//6099 6100//6100 6044//6044
f 6044//6044 6101//6101 6045//6045
f 6100//6100 6101//6101 6044//6044
f 6045//6045 6102//6102 6046//6046
f 6046//6046 6102//6102 6047//6047
f 6101//6101 6102//6102 6045//6045
f 6102//6102 6103//6103 6047//6047
f 6047//6047 6104//6104 6048//6048
f 6103//6103 6104//6104 6047//6047
f 6048//6048 6070//6070 6049//6049
f 6049//6049 6070//6070 6050//6050
f 6104//6104 6070//6070 6048//6048
f 6050//6050 6071//6071 6051//6051
f 6070//6070 6071//6071 6050//6050
f 6071//6071 6072//6072 6051//6051
f 6051//6051 6073//6073 6052//6052
f 6052//6052 6073//6073 6053//6053
f 6072//6072 6073//6073 6051//6051
f 6073//6073 6074//6074 6053//6053
f 6053//6053 6075//6075 6054//6054
f 6054//6054 6075//6075 6055//6055
f 6074//6074 6075//6075 6053//6053
f 6075//6075 6076//6076 6055//6055
f 6055//6055 6077//6077 6056//6056
f 6056//6056 6077//6077 6057//6057
f 6076//6076 6077//6077 6055//6055
f 6077//6077 6078//6078 6057//6057
f 6057//6057 6079//6079 6058//6058
f 6058//6058 6079//6079 6059//6059
f 6078//6078 6079//6079 6057//6057
f 6079//6079 6080//6080 6059//6059
f 6059//6059 6081//6081 6060//6060
f 6080//6080 6081//6081 6059//6059
f 6060//6060 6082//6082 6061//6061
f 6061//6061 6082//6082 6062//6062
f 6081//6081 6082//6082 6060//6060
f 6082//6082 6083//6083 6062//6062
f 6062//6062 6084//6084 6063//6063
f 6063//6063 6084//6084 6064//6064
f 6083//6083 6084//6084 6062//6062
f 6084//6084 6085//6085 6064//6064
f 6064//6064 6085//6085 6065//6065
f 6085//6085 6086//6086 6065//6065
f 6086//6086 6087//6087 6065//6065
f 6065//6065 6087//6087 6066//6066
f 6066//6066 6087//6087 6067//6067
f 6087//6087 6068//6068 6067//6067
f 6141//6141 6144//6144 6140//6140
f 6143//6143 6144//6144 6141//6141
f 6140//6140 6145//6145 6139//6139
f 6144//6144 6145//6145 6140//6140
f 6139//6139 6146//6146 6138//6138
f 6145//6145 6146//6146 6139//6139
f 6138//6138 6147//6147 6137//6137
f 6146//6146 6147//6147 6138//6138
f 6137//6137 6148//6148 6136//6136
f 6147//6147 6148//6148 6137//6137
f 6148//6148 6149//6149 6136//6136
f 6136//6136 6149//6149 6135//6135
f 6149//6149 6150//6150 6135//6135
f 6135//6135 6150//6150 6134//6134
f 6150//6150 6151//6151 6134//6134
f 6134//6134 6151//6151 6133//6133
f 6151//6151 6152//6152 6133//6133
f 6133//6133 6152//6152 6132//6132
f 6152//6152 6153//6153 6132//6132
f 6132//6132 6153//6153 6131//6131
f 6153//6153 6154//6154 6131//6131
f 6131//6131 6154//6154 6130//6130
f 6130//6130 6155//6155 6129//6129
f 6154//6154 6155//6155 6130//6130
f 6155//6155 6156//6156 6129//6129
f 6129//6129 6156//6156 6128//6128
f 6128//6128 6157//6157 6127//6127
f 6156//6156 6157//6157 6128//6128
f 6127//6127 6158//6158 6126//6126
f 6157//6157 6158//6158 6127//6127
f 6126//6126 6159//6159 6125//6125
f 6158//6158 6159//6159 6126//6126
f 6125//6125 6160//6160 6124//6124
f 6159//6159 6160//6160 6125//6125
f 6124//6124 6161//6161 6123//6123
f 6160//6160 6161//6161 6124//6124
f 6123//6123 6162//6162 6122//6122
f 6161//6161 6162//6162 6123//6123
f 6122//6122 6163//6163 6121//6121
f 6162//6162 6163//6163 6122//6122
f 6121//6121 6164//6164 6120//6120
f 6163//6163 6164//6164 6121//6121
f 6120//6120 6165//6165 6119//6119
f 6164//6164 6165//6165 6120//6120
f 6119//6119 6166//6166 6118//6118
f 6165//6165 6166//6166 6119//6119
f 6118//6118 6167//6167 6117//6117
f 6166//6166 6167//6167 6118//6118
f 6117//6117 6168//6168 6116//6116
f 6167//6167 6168//6168 6117//6117
f 6116//6116 6169//6169 6115//6115
f 6168//6168 6169//6169 6116//6116
f 6114//6114 6170//6170 6113//6113
f 6115//6115 6170//6170 6114//6114
f 6169//6169 6170//6170 6115//6115
f 6170//6170 6171//6171 6113//6113
f 6113//6113 6172//6172 6112//6112
f 6171//6171 6172//6172 6113//6113
f 6112//6112 6173//6173 6111//6111
f 6172//6172 6173//6173 6112//6112
f 6173//6173 6174//6174 6111//6111
f 6111//6111 6174//6174 6110//6110
f 6110//6110 6175//6175 6109//6109
f 6174//6174 6175//6175 6110//6110
f 6109//6109 6176//6176 6108//6108
f 6175//6175 6176//6176 6109//6109
f 6108//6108 6177//6177 6107//6107
f 6176//6176 6177//6177 6108//6108
f 6107//6107 6178//6178 6106//6106
f 6177//6177 6178//6178 6107//6107
f 6106//6106 6142//6142 6105//6105
f 6178//6178 6142//6142 6106//6106
f 6197//6197 6196//6196 6200//6200
f 6205//6205 6204//6204 6203//6203
f 6199//6199 6222//6222 6198//6198
f 6222//6222 6223//6223 6198//6198
f 6223//6223 6224//6224 6198//6198
f 6194//6194 6225//6225 6195//6195
f 6195//6195 6225//6225 6196//6196
f 6200//6200 6225//6225 6199//6199
f 6196//6196 6225//6225 6200//6200
f 6199//6199 6225//6225 6222//6222
f 6224//6224 6226//6226 6198//6198
f 6192//6192 6227//6227 6193//6193
f 6193//6193 6227//6227 6194//6194
f 6194//6194 6227//6227 6225//6225
f 6225//6225 6227//6227 6222//6222
f 6222//6222 6227//6227 6223//6223
f 6226//6226 6228//6228 6198//6198
f 6190//6190 6229//6229 6191//6191
f 6191//6191 6229//6229 6192//6192
f 6192//6192 6229//6229 6227//6227
f 6223//6223 6229//6229 6224//6224
f 6227//6227 6229//6229 6223//6223
f 6228//6228 6230//6230 6198//6198
f 6188//6188 6231//6231 6189//6189
f 6189//6189 6231//6231 6190//6190
f 6224//6224 6231//6231 6226//6226
f 6190//6190 6231//6231 6229//6229
f 6229//6229 6231//6231 6224//6224
f 6230//6230 6232//6232 6198//6198
f 6186//6186 6233//6233 6187//6187
f 6187//6187 6233//6233 6188//6188
f 6188//6188 6233//6233 6231//6231
f 6226//6226 6233//6233 6228//6228
f 6231//6231 6233//6233 6226//6226
f 6232//6232 6234//6234 6198//6198
f 6184//6184 6235//6235 6185//6185
f 6185//6185 6235//6235 6186//6186
f 6233//6233 6235//6235 6228//6228
f 6228//6228 6235//6235 6230//6230
f 6186//6186 6235//6235 6233//6233
f 6198//6198 6236//6236 6201//6201
f 6234//6234 6236//6236 6198//6198
f 6182//6182 6237//6237 6183//6183
f 6183//6183 6237//6237 6184//6184
f 6235//6235 6237//6237 6230//6230
f 6184//6184 6237//6237 6235//6235
f 6232//6232 6237//6237 6234//6234
f 6230//6230 6237//6237 6232//6232
f 6236//6236 6238//6238 6201//6201
f 6180//6180 6239//6239 6181//6181
f 6181//6181 6239//6239 6182//6182
f 6182//6182 6239//6239 6237//6237
f 6237//6237 6239//6239 6234//6234
f 6238//6238 6240//6240 6201//6201
f 6179//6179 6241//6241 6180//6180
f 6234//6234 6241//6241 6236//6236
f 6221//6221 6241//6241 6179//6179
f 6236//6236 6241//6241 6238//6238
f 6180//6180 6241//6241 6239//6239
f 6239//6239 6241//6241 6234//6234
f 6240//6240 6242//6242 6201//6201
f 6238//6238 6243//6243 6240//6240
f 6241//6241 6243//6243 6238//6238
f 6221//6221 6243//6243 6241//6241
f 6219//6219 6243//6243 6220//6220
f 6220//6220 6243//6243 6221//6221
f 6242//6242 6244//6244 6201//6201
f 6243//6243 6245//6245 6240//6240
f 6217//6217 6245//6245 6218//6218
f 6218//6218 6245//6245 6219//6219
f 6219//6219 6245//6245 6243//6243
f 6244//6244 6246//6246 6201//6201
f 6215//6215 6247//6247 6216//6216
f 6216//6216 6247//6247 6217//6217
f 6245//6245 6247//6247 6240//6240
f 6217//6217 6247//6247 6245//6245
f 6240//6240 6247//6247 6242//6242
f 6242//6242 6247//6247 6244//6244
f 6246//6246 6248//6248 6201//6201
f 6213//6213 6249//6249 6214//6214
f 6214//6214 6249//6249 6215//6215
f 6215//6215 6249//6249 6247//6247
f 6247//6247 6249//6249 6244//6244
f 6248//6248 6250//6250 6201//6201
f 6211//6211 6251//6251 6212//6212
f 6212//6212 6251//6251 6213//6213
f 6244//6244 6251//6251 6246//6246
f 6246//6246 6251//6251 6248//6248
f 6213//6213 6251//6251 6249//6249
f 6249//6249 6251//6251 6244//6244
f 6250//6250 6252//6252 6201//6201
f 6201//6201 6252//6252 6202//6202
f 6202//6202 6252//6252 6203//6203
f 6209//6209 6253//6253 6210//6210
f 6210//6210 6253//6253 6211//6211
f 6248//6248 6253//6253 6250//6250
f 6211//6211 6253//6253 6251//6251
f 6251//6251 6253//6253 6248//6248
f 6207//6207 6254//6254 6208//6208
f 6208//6208 6254//6254 6209//6209
f 6209//6209 6254//6254 6253//6253
f 6253//6253 6254//6254 6250//6250
f 6203//6203 6255//6255 6205//6205
f 6205//6205 6255//6255 6206//6206
f 6206//6206 6255//6255 6207//6207
f 6250//6250 6255//6255 6252//6252
f 6207//6207 6255//6255 6254//6254
f 6252//6252 6255//6255 6203//6203
f 6254//6254 6255//6255 6250//6250
f 6256//6256 6313//6313 6257//6257
f 6294//6294 6313//6313 6256//6256
f 6257//6257 6314//6314 6258//6258
f 6258//6258 6314//6314 6259//6259
f 6313//6313 6314//6314 6257//6257
f 6314//6314 6315//6315 6259//6259
f 6259//6259 6316//6316 6260//6260
f 6315//6315 6316//6316 6259//6259
f 6260//6260 6317//6317 6261//6261
f 6316//6316 6317//6317 6260//6260
f 6261//6261 6318//6318 6262//6262
f 6317//6317 6318//6318 6261//6261
f 6318//6318 6319//6319 6262//6262
f 6262//6262 6319//6319 6263//6263
f 6263//6263 6320//6320 6264//6264
f 6264//6264 6320//6320 6265//6265
f 6319//6319 6320//6320 6263//6263
f 6320//6320 6321//6321 6265//6265
f 6321//6321 6322//6322 6265//6265
f 6265//6265 6322//6322 6266//6266
f 6266//6266 6322//6322 6267//6267
f 6322//6322 6323//6323 6267//6267
f 6267//6267 6324//6324 6268//6268
f 6268//6268 6324//6324 6269//6269
f 6323//6323 6324//6324 6267//6267
f 6324//6324 6325//6325 6269//6269
f 6269//6269 6326//6326 6270//6270
f 6325//6325 6326//6326 6269//6269
f 6270//6270 6327//6327 6271//6271
f 6271//6271 6327//6327 6272//6272
f 6326//6326 6327//6327 6270//6270
f 6327//6327 6328//6328 6272//6272
f 6272//6272 6329//6329 6273//6273
f 6328//6328 6329//6329 6272//6272
f 6273//6273 6295//6295 6274//6274
f 6274//6274 6295//6295 6275//6275
f 6329//6329 6295//6295 6273//6273
f 6275//6275 6296//6296 6276//6276
f 6295//6295 6296//6296 6275//6275
f 6296//6296 6297//6297 6276//6276
f 6276//6276 6298//6298 6277//6277
f 6277//6277 6298//6298 6278//6278
f 6297//6297 6298//6298 6276//6276
f 6298//6298 6299//6299 6278//6278
f 6278//6278 6300//6300 6279//6279
f 6279//6279 6300//6300 6280//6280
f 6299//6299 6300//6300 6278//6278
f 6300//6300 6301//6301 6280//6280
f 6280//6280 6302//6302 6281//6281
f 6281//6281 6302//6302 6282//6282
f 6301//6301 6302//6302 6280//6280
f 6302//6302 6303//6303 6282//6282
f 6282//6282 6304//6304 6283//6283
f 6283//6283 6304//6304 6284//6284
f 6303//6303 6304//6304 6282//6282
f 6304//6304 6305//6305 6284//6284
f 6284//6284 6306//6306 6285//6285
f 6305//6305 6306//6306 6284//6284
f 6285//6285 6307//6307 6286//6286
f 6286//6286 6307//6307 6287//6287
f 6306//6306 6307//6307 6285//6285
f 6307//6307 6308//6308 6287//6287
f 6287//6287 6309//6309 6288//6288
f 6288//6288 6309//6309 6289//6289
f 6308//6308 6309//6309 6287//6287
f 6309//6309 6310//6310 6289//6289
f 6289//6289 6310//6310 6290//6290
f 6310//6310 6311//6311 6290//6290
f 6311//6311 6312//6312 6290//6290
f 6290//6290 6312//6312 6291//6291
f 6291//6291 6312//6312 6292//6292
f 6312//6312 6293//6293 6292//6292
f 6366//6366 6369//6369 6365//6365
f 6368//6368 6369//6369 6366//6366
f 6365//6365 6370//6370 6364//6364
f 6369//6369 6370//6370 6365//6365
f 6364//6364 6371//6371 6363//6363
f 6370//6370 6371//6371 6364//6364
f 6363//6363 6372//6372 6362//6362
f 6371//6371 6372//6372 6363//6363
f 6362//6362 6373//6373 6361//6361
f 6372//6372 6373//6373 6362//6362
f 6373//6373 6374//6374 6361//6361
f 6361//6361 6374//6374 6360//6360
f 6374//6374 6375//6375 6360//6360
f 6360//6360 6375//6375 6359//6359
f 6375//6375 6376//6376 6359//6359
f 6359//6359 6376//6376 6358//6358
f 6376//6376 6377//6377 6358//6358
f 6358//6358 6377//6377 6357//6357
f 6377//6377 6378//6378 6357//6357
f 6357//6357 6378//6378 6356//6356
f 6378//6378 6379//6379 6356//6356
f 6356//6356 6379//6379 6355//6355
f 6355//6355 6380//6380 6354//6354
f 6379//6379 6380//6380 6355//6355
f 6380//6380 6381//6381 6354//6354
f 6354//6354 6381//6381 6353//6353
f 6353//6353 6382//6382 6352//6352
f 6381//6381 6382//6382 6353//6353
f 6352//6352 6383//6383 6351//6351
f 6382//6382 6383//6383 6352//6352
f 6351//6351 6384//6384 6350//6350
f 6383//6383 6384//6384 6351//6351
f 6350//6350 6385//6385 6349//6349
f 6384//6384 6385//6385 6350//6350
f 6349//6349 6386//6386 6348//6348
f 6385//6385 6386//6386 6349//6349
f 6348//6348 6387//6387 6347//6347
f 6386//6386 6387//6387 6348//6348
f 6347//6347 6388//6388 6346//6346
f 6387//6387 6388//6388 6347//6347
f 6346//6346 6389//6389 6345//6345
f 6388//6388 6389//6389 6346//6346
f 6345//6345 6390//6390 6344//6344
f 6389//6389 6390//6390 6345//6345
f 6344//6344 6391//6391 6343//6343
f 6390//6390 6391//6391 6344//6344
f 6343//6343 6392//6392 6342//6342
f 6391//6391 6392//6392 6343//6343
f 6342//6342 6393//6393 6341//6341
f 6392//6392 6393//6393 6342//6342
f 6341//6341 6394//6394 6340//6340
f 6393//6393 6394//6394 6341//6341
f 6339//6339 6395//6395 6338//6338
f 6340//6340 6395//6395 6339//6339
f 6394//6394 6395//6395 6340//6340
f 6395//6395 6396//6396 6338//6338
f 6338//6338 6397//6397 6337//6337
f 6396//6396 6397//6397 6338//6338
f 6337//6337 6398//6398 6336//6336
f 6397//6397 6398//6398 6337//6337
f 6398//6398 6399//6399 6336//6336
f 6336//6336 6399//6399 6335//6335
f 6335//6335 6400//6400 6334//6334
f 6399//6399 6400//6400 6335//6335
f 6334//6334 6401//6401 6333//6333
f 6400//6400 6401//6401 6334//6334
f 6333//6333 6402//6402 6332//6332
f 6401//6401 6402//6402 6333//6333
f 6332//6332 6403//6403 6331//6331
f 6402//6402 6403//6403 6332//6332
f 6331//6331 6367//6367 6330//6330
f 6403//6403 6367//6367 6331//6331
